id,kcat
HCO3E,12149915296
HCO3E_reverse,10142154781
ACACT1r_reverse,1638647607
ACACT1r,1200988584
ACACT5r,1200988584
ACACT2r_reverse,1200988584
ACACT2r,1200988584
ACACT4r,1200988584
ACACT6r,1200988584
ACACT3r_reverse,1200988584
ACACT7r,1200988584
ACACT5r_reverse,1200988584
ACACT3r,1200988584
ACACT4r_reverse,1200988584
ACACT6r_reverse,1200988584
ACACT7r_reverse,1200988584
LALDO2x,764378496
CHORM,504308305.1
GLYCLTDx,431185812.1
GLYCLTDy,339299496
SPODM,181871280
SPODMpp,181871280
QUINDH,81180237.31
HPYRRy,69938682.34
MAN6PI_reverse,61907781.6
MAN6PI,61907781.6
GTHPi,55713829.86
TKT1,43499085.23
TKT2_reverse,43499085.23
TKT1_reverse,43499085.23
TPI,43367760
TPI_reverse,43367760
ACONIs,36540000
ACONIs_reverse,36540000
MALTTTRtexi,30256880.93
MALTTRtexi,30256880.93
MALTPTtexi,30256880.93
MALTHXtexi,30256880.93
MALTtexi,30256880.93
LALGP,23962536
ALLPI,21427852.32
ALLPI_reverse,21427852.32
GLUR_reverse,21087435.6
RPI_reverse,20737828.01
RPI,20737828.01
GALM2pp,19093275
CAT,16882933.33
NTPTP1,14400000
GLYK,11826000
NADH10,11645835.26
NADH5,11645835.26
NADH9,11645835.26
URIC,11251836
MTHFC,10664400
MTHFC_reverse,10664400
CYSDDS,10198224
PYK,9171089.867
HACD1,8698746.686
IPDDI_reverse,7745920.456
IPDDI,7745920.456
FALDH2,6786759.139
FALDH2_reverse,6786759.139
ACKr_reverse,6501862.624
DHQS,6454634.742
SERAT,6335188.063
DXPRIi,6249426.001
PTAr_reverse,6215413.651
PGI_reverse,6135827.094
PPA2,5993539.2
PLIPA1A160pp,5803020
PLIPA1A180pp,5803020
PLIPA1E180pp,5803020
PLIPA1E160pp,5803020
PLIPA1A141pp,5803020
PLIPA1A140pp,5803020
PLIPA1A120pp,5803020
GLUDy_reverse,5460818.749
PTAr,5373508.068
HACD1_reverse,4965491.502
HACD5,4965491.502
HACD2_reverse,4965491.502
HACD3,4965491.502
HACD2,4965491.502
HACD4,4965491.502
HACD3_reverse,4965491.502
HACD7,4965491.502
HACD4_reverse,4965491.502
HACD6,4965491.502
HACD8,4965491.502
HACD6_reverse,4965491.502
HACD5_reverse,4965491.502
HACD7_reverse,4965491.502
HACD8_reverse,4965491.502
HADPCOADH3,4965491.502
HADPCOADH3_reverse,4965491.502
G6PDH2r_reverse,4929109.085
GHBDHx_reverse,4784400
GHBDHx,4784400
PGI,4689890.6
RPE_reverse,4676906.938
RPE,4676669.01
NADN,4611186
PUNP5,4521917.455
SERAT_reverse,4283662.255
ECOAH2,4002840
ECOAH6_reverse,4002840
ECOAH2_reverse,4002840
ECOAH5,4002840
ECOAH3,4002840
ECOAH4,4002840
ECOAH3_reverse,4002840
ECOAH7,4002840
ECOAH6,4002840
ECOAH4_reverse,4002840
ECOAH5_reverse,4002840
ECOAH7_reverse,4002840
ECOAH8_reverse,4002840
DHACOAH,4002840
ECOAH8,4002840
DHACOAH_reverse,4002840
GLUCYS,3868431.43
FRD2,3770063.233
LPLIPAL1A160pp,3725460
LPLIPAL2E160,3725460
LPLIPAL1A140pp,3725460
LPLIPAL2E180,3725460
LPLIPAL2A180,3725460
LPLIPAL1A141pp,3725460
LPLIPAL2A160,3725460
LPLIPAL1A120pp,3725460
LPLIPAL2A141,3725460
LPLIPAL2A120,3725460
LPLIPAL1A180pp,3725460
LPLIPAL2A140,3725460
UAMAGS,3596400
UGMDDS,3596400
TMPPP,3596400
THIORDXi,3429289.137
ECOAH1_reverse,3345870
ECOAH1,3345870
AOXSr2,3285398.123
PGK_reverse,3137050.625
PGCD,3043425.886
ACKr,2953305.553
CYTBO3_4pp,2916341.068
LGTHL,2805359.999
XYLK,2569370.4
ALLTN,2533727.454
G6PP,2520000
G1PACT,2514159.057
RMI_reverse,2387438.64
HEX7,2310746.4
NDP3,2073051.733
ACS,2071300
P5CR,2064815.128
FUM,2007062.666
PUNP7_reverse,1935298.286
PUNP5_reverse,1935298.286
PUNP2_reverse,1935298.286
PUNP3_reverse,1935298.286
PUNP1_reverse,1935298.286
LACZ,1911960
LACZpp,1911960
OCBT,1883814.755
ADNCYC,1870508.31
GLYOX,1867911
NTP10,1849675.211
NDP7,1828990.311
CDPPH,1828990.311
PPBNGS,1827180
ACODA,1805264.817
IGPDH,1803124.431
GLBRAN2,1800270
GLDBRAN2,1800270
HPPK2,1798506
MDH,1763891.425
MDH2,1120270.93
MDH3,1120270.93
MCPST,1722768.546
LDH_D,1689854.273
Zn2tex_reverse,1684509.733
Zn2tex,1684509.733
XYLUtex_reverse,1684509.733
XYLUtex,1684509.733
XYLtex_reverse,1684509.733
XYLtex,1684509.733
XTSNtex_reverse,1684509.733
XTSNtex,1684509.733
XMPtex_reverse,1684509.733
XMPtex,1684509.733
XANtex_reverse,1684509.733
XANtex,1684509.733
VALtex_reverse,1684509.733
VALtex,1684509.733
UREAtex_reverse,1684509.733
UREAtex,1684509.733
URAtex_reverse,1684509.733
URAtex,1684509.733
UMPtex_reverse,1684509.733
UMPtex,1684509.733
UDPGLCURtex_reverse,1684509.733
UDPGLCURtex,1684509.733
UDPGALtex_reverse,1684509.733
UDPGALtex,1684509.733
UDPGtex_reverse,1684509.733
UDPGtex,1684509.733
UDPACGALtex_reverse,1684509.733
UDPACGALtex,1684509.733
UACGAMtex_reverse,1684509.733
UACGAMtex,1684509.733
TYRPtex_reverse,1684509.733
TYRPtex,1684509.733
TYRtex_reverse,1684509.733
TYRtex,1684509.733
TYMtex_reverse,1684509.733
TYMtex,1684509.733
TUNGStex_reverse,1684509.733
TUNGStex,1684509.733
TTRCYCtex_reverse,1684509.733
TTRCYCtex,1684509.733
TSULtex_reverse,1684509.733
TSULtex,1684509.733
TRPtex_reverse,1684509.733
TRPtex,1684509.733
TREtex_reverse,1684509.733
TREtex,1684509.733
TMAOtex_reverse,1684509.733
TMAOtex,1684509.733
TMAtex_reverse,1684509.733
TMAtex,1684509.733
THMDtex_reverse,1684509.733
THMDtex,1684509.733
THYMtex_reverse,1684509.733
THYMtex,1684509.733
THRPtex_reverse,1684509.733
THRPtex,1684509.733
THRtex_reverse,1684509.733
THRtex,1684509.733
THMtex_reverse,1684509.733
THMtex,1684509.733
TCYNTtex_reverse,1684509.733
TCYNTtex,1684509.733
TAURtex_reverse,1684509.733
TAURtex,1684509.733
TARTRtex_reverse,1684509.733
TARTRtex,1684509.733
TARTRDtex_reverse,1684509.733
TARTRDtex,1684509.733
SULFACtex_reverse,1684509.733
SULFACtex,1684509.733
SUCRtex_reverse,1684509.733
SUCRtex,1684509.733
SUCCtex_reverse,1684509.733
SUCCtex,1684509.733
SPMDtex_reverse,1684509.733
SPMDtex,1684509.733
SO4tex_reverse,1684509.733
SO4tex,1684509.733
SO3tex_reverse,1684509.733
SO3tex,1684509.733
SO2tex_reverse,1684509.733
SO2tex,1684509.733
SLNTtex_reverse,1684509.733
SLNTtex,1684509.733
SKMtex_reverse,1684509.733
SKMtex,1684509.733
SERtex_reverse,1684509.733
SERtex,1684509.733
DSERtex_reverse,1684509.733
DSERtex,1684509.733
SELtex_reverse,1684509.733
SELtex,1684509.733
SBTtex_reverse,1684509.733
SBTtex,1684509.733
RMNtex_reverse,1684509.733
RMNtex,1684509.733
RIBtex_reverse,1684509.733
RIBtex,1684509.733
R5Ptex_reverse,1684509.733
R5Ptex,1684509.733
QUIN2tex_reverse,1684509.733
QUIN2tex,1684509.733
PYRtex_reverse,1684509.733
PYRtex,1684509.733
PYDXNtex_reverse,1684509.733
PYDXNtex,1684509.733
PYDXtex_reverse,1684509.733
PYDXtex,1684509.733
PYDAMtex_reverse,1684509.733
PYDAMtex,1684509.733
PTRCtex_reverse,1684509.733
PTRCtex,1684509.733
PSERtex_reverse,1684509.733
PSERtex,1684509.733
PSCLYStex_reverse,1684509.733
PSCLYStex,1684509.733
PROGLYtex_reverse,1684509.733
PROGLYtex,1684509.733
PROtex_reverse,1684509.733
PROtex,1684509.733
PPTtex_reverse,1684509.733
PPTtex,1684509.733
PPPNtex_reverse,1684509.733
PPPNtex,1684509.733
PPALtex_reverse,1684509.733
PPALtex,1684509.733
PPAtex_reverse,1684509.733
PPAtex,1684509.733
PNTOtex_reverse,1684509.733
PNTOtex,1684509.733
PItex_reverse,1684509.733
PItex,1684509.733
PHEtex_reverse,1684509.733
PHEtex,1684509.733
PEAMNtex_reverse,1684509.733
PEAMNtex,1684509.733
PACALDtex_reverse,1684509.733
PACALDtex,1684509.733
OROTtex_reverse,1684509.733
OROTtex,1684509.733
ORNtex_reverse,1684509.733
ORNtex,1684509.733
OCTAtex_reverse,1684509.733
OCTAtex,1684509.733
O2Stex_reverse,1684509.733
O2Stex,1684509.733
O2tex_reverse,1684509.733
O2tex,1684509.733
NO3tex_reverse,1684509.733
NO3tex,1684509.733
NO2tex_reverse,1684509.733
NO2tex,1684509.733
NOtex_reverse,1684509.733
NOtex,1684509.733
NMNtex_reverse,1684509.733
NMNtex,1684509.733
NI2tex_reverse,1684509.733
NI2tex,1684509.733
NH4tex_reverse,1684509.733
NH4tex,1684509.733
NACtex_reverse,1684509.733
NACtex,1684509.733
NAtex_reverse,1684509.733
NAtex,1684509.733
N2Otex_reverse,1684509.733
N2Otex,1684509.733
MSO3tex_reverse,1684509.733
MSO3tex,1684509.733
MOBDtex_reverse,1684509.733
MOBDtex,1684509.733
MNLtex_reverse,1684509.733
MNLtex,1684509.733
MNtex_reverse,1684509.733
MNtex,1684509.733
MMETtex_reverse,1684509.733
MMETtex,1684509.733
MINCYCtex_reverse,1684509.733
MINCYCtex,1684509.733
MG2tex_reverse,1684509.733
MG2tex,1684509.733
METSOX1tex_reverse,1684509.733
METSOX1tex,1684509.733
METSOX2tex_reverse,1684509.733
METSOX2tex,1684509.733
METtex_reverse,1684509.733
METtex,1684509.733
METDtex_reverse,1684509.733
METDtex,1684509.733
MEOHtex_reverse,1684509.733
MEOHtex,1684509.733
MELIBtex_reverse,1684509.733
MELIBtex,1684509.733
MANGLYCtex_reverse,1684509.733
MANGLYCtex,1684509.733
MAN6Ptex_reverse,1684509.733
MAN6Ptex,1684509.733
MANtex_reverse,1684509.733
MANtex,1684509.733
MALtex_reverse,1684509.733
MALtex,1684509.733
MALDtex_reverse,1684509.733
MALDtex,1684509.733
LYXtex_reverse,1684509.733
LYXtex,1684509.733
LYStex_reverse,1684509.733
LYStex,1684509.733
LIPOtex_reverse,1684509.733
LIPOtex,1684509.733
LEUtex_reverse,1684509.733
LEUtex,1684509.733
LCTStex_reverse,1684509.733
LCTStex,1684509.733
LALALGLUtex_reverse,1684509.733
LALALGLUtex,1684509.733
4PEPTtex_reverse,1684509.733
4PEPTtex,1684509.733
3PEPTtex_reverse,1684509.733
3PEPTtex,1684509.733
LALADGLUtex_reverse,1684509.733
LALADGLUtex,1684509.733
L_LACtex_reverse,1684509.733
L_LACtex,1684509.733
D_LACtex_reverse,1684509.733
D_LACtex,1684509.733
Ktex_reverse,1684509.733
Ktex,1684509.733
ISETACtex_reverse,1684509.733
ISETACtex,1684509.733
INSTtex_reverse,1684509.733
INSTtex,1684509.733
INDOLEtex_reverse,1684509.733
INDOLEtex,1684509.733
IMPtex_reverse,1684509.733
IMPtex,1684509.733
ILEtex_reverse,1684509.733
ILEtex,1684509.733
IDONtex_reverse,1684509.733
IDONtex,1684509.733
HYXNtex_reverse,1684509.733
HYXNtex,1684509.733
HXAtex_reverse,1684509.733
HXAtex,1684509.733
HOMtex_reverse,1684509.733
HOMtex,1684509.733
HIStex_reverse,1684509.733
HIStex,1684509.733
HG2tex_reverse,1684509.733
HG2tex,1684509.733
H2Stex_reverse,1684509.733
H2Stex,1684509.733
H2O2tex_reverse,1684509.733
H2O2tex,1684509.733
H2Otex_reverse,1684509.733
H2Otex,1684509.733
H2tex_reverse,1684509.733
H2tex,1684509.733
Htex_reverse,1684509.733
Htex,1684509.733
GTPtex_reverse,1684509.733
GTPtex,1684509.733
GTHRDtex_reverse,1684509.733
GTHRDtex,1684509.733
GTHOXtex_reverse,1684509.733
GTHOXtex,1684509.733
GSNtex_reverse,1684509.733
GSNtex,1684509.733
GMPtex_reverse,1684509.733
GMPtex,1684509.733
GLYCLTtex_reverse,1684509.733
GLYCLTtex,1684509.733
GLYC3Ptex_reverse,1684509.733
GLYC3Ptex,1684509.733
GLYC2Ptex_reverse,1684509.733
GLYC2Ptex,1684509.733
GLYCtex_reverse,1684509.733
GLYCtex,1684509.733
GLYCAtex_reverse,1684509.733
GLYCAtex,1684509.733
GLYBtex_reverse,1684509.733
GLYBtex,1684509.733
GLYALDtex_reverse,1684509.733
GLYALDtex,1684509.733
GLYtex_reverse,1684509.733
GLYtex,1684509.733
GLUtex_reverse,1684509.733
GLUtex,1684509.733
GLNtex_reverse,1684509.733
GLNtex,1684509.733
GLCUR1Ptex_reverse,1684509.733
GLCUR1Ptex,1684509.733
GLCURtex_reverse,1684509.733
GLCURtex,1684509.733
GLCRtex_reverse,1684509.733
GLCRtex,1684509.733
GLCNtex_reverse,1684509.733
GLCNtex,1684509.733
GDPtex_reverse,1684509.733
GDPtex,1684509.733
GBBTNtex_reverse,1684509.733
GBBTNtex,1684509.733
GAMAN6Ptex_reverse,1684509.733
GAMAN6Ptex,1684509.733
GAMtex_reverse,1684509.733
GAMtex,1684509.733
GALURtex_reverse,1684509.733
GALURtex,1684509.733
GALTtex_reverse,1684509.733
GALTtex,1684509.733
GALCTNLtex_reverse,1684509.733
GALCTNLtex,1684509.733
GALCTNtex_reverse,1684509.733
GALCTNtex,1684509.733
GALCTtex_reverse,1684509.733
GALCTtex,1684509.733
GAL1Ptex_reverse,1684509.733
GAL1Ptex,1684509.733
GALtex_reverse,1684509.733
GALtex,1684509.733
GALBDtex_reverse,1684509.733
GALBDtex,1684509.733
G6Ptex_reverse,1684509.733
G6Ptex,1684509.733
G3PStex_reverse,1684509.733
G3PStex,1684509.733
G3PItex_reverse,1684509.733
G3PItex,1684509.733
G3PGtex_reverse,1684509.733
G3PGtex,1684509.733
G3PEtex_reverse,1684509.733
G3PEtex,1684509.733
G3PCtex_reverse,1684509.733
G3PCtex,1684509.733
G1Ptex_reverse,1684509.733
G1Ptex,1684509.733
FUSAtex_reverse,1684509.733
FUSAtex,1684509.733
FUMtex_reverse,1684509.733
FUMtex,1684509.733
FUCtex_reverse,1684509.733
FUCtex,1684509.733
FRUURtex_reverse,1684509.733
FRUURtex,1684509.733
FRULYStex_reverse,1684509.733
FRULYStex,1684509.733
FRUtex_reverse,1684509.733
FRUtex,1684509.733
FORtex_reverse,1684509.733
FORtex,1684509.733
FE3tex_reverse,1684509.733
FE3tex,1684509.733
FE2tex_reverse,1684509.733
FE2tex,1684509.733
FALDtex_reverse,1684509.733
FALDtex,1684509.733
F6Ptex_reverse,1684509.733
F6Ptex,1684509.733
ETOHtex_reverse,1684509.733
ETOHtex,1684509.733
ETHSO3tex_reverse,1684509.733
ETHSO3tex,1684509.733
ETHAtex_reverse,1684509.733
ETHAtex,1684509.733
DUMPtex_reverse,1684509.733
DUMPtex,1684509.733
DTMPtex_reverse,1684509.733
DTMPtex,1684509.733
DOXRBCNtex_reverse,1684509.733
DOXRBCNtex,1684509.733
DOPAtex_reverse,1684509.733
DOPAtex,1684509.733
DMSOtex_reverse,1684509.733
DMSOtex,1684509.733
DMStex_reverse,1684509.733
DMStex,1684509.733
DINStex_reverse,1684509.733
DINStex,1684509.733
DIMPtex_reverse,1684509.733
DIMPtex,1684509.733
DHAtex_reverse,1684509.733
DHAtex,1684509.733
DGSNtex_reverse,1684509.733
DGSNtex,1684509.733
DGMPtex_reverse,1684509.733
DGMPtex,1684509.733
DCMPtex_reverse,1684509.733
DCMPtex,1684509.733
DCAtex_reverse,1684509.733
DCAtex,1684509.733
DAMPtex_reverse,1684509.733
DAMPtex,1684509.733
CYTDtex_reverse,1684509.733
CYTDtex,1684509.733
CYStex_reverse,1684509.733
CYStex,1684509.733
CYSDtex_reverse,1684509.733
CYSDtex,1684509.733
CYNTtex_reverse,1684509.733
CYNTtex,1684509.733
CYANtex_reverse,1684509.733
CYANtex,1684509.733
CU2tex_reverse,1684509.733
CU2tex,1684509.733
CUtex_reverse,1684509.733
CUtex,1684509.733
CSNtex_reverse,1684509.733
CSNtex,1684509.733
CRNtex_reverse,1684509.733
CRNtex,1684509.733
CRNDtex_reverse,1684509.733
CRNDtex,1684509.733
COBALT2tex_reverse,1684509.733
COBALT2tex,1684509.733
CO2tex_reverse,1684509.733
CO2tex,1684509.733
CMPtex_reverse,1684509.733
CMPtex,1684509.733
CMtex_reverse,1684509.733
CMtex,1684509.733
CLtex_reverse,1684509.733
CLtex,1684509.733
CITtex_reverse,1684509.733
CITtex,1684509.733
CHTBStex_reverse,1684509.733
CHTBStex,1684509.733
CHLtex_reverse,1684509.733
CHLtex,1684509.733
CGLYtex_reverse,1684509.733
CGLYtex,1684509.733
CD2tex_reverse,1684509.733
CD2tex,1684509.733
BUTSO3tex_reverse,1684509.733
BUTSO3tex,1684509.733
BUTtex_reverse,1684509.733
BUTtex,1684509.733
BTNtex_reverse,1684509.733
BTNtex,1684509.733
ASPtex_reverse,1684509.733
ASPtex,1684509.733
ASO3tex_reverse,1684509.733
ASO3tex,1684509.733
ASNtex_reverse,1684509.733
ASNtex,1684509.733
ASCBtex_reverse,1684509.733
ASCBtex,1684509.733
ARGtex_reverse,1684509.733
ARGtex,1684509.733
ARBTtex,1684509.733
ARBtex_reverse,1684509.733
ARBtex,1684509.733
ANHGMtex_reverse,1684509.733
ANHGMtex,1684509.733
AMPtex_reverse,1684509.733
AMPtex,1684509.733
ALLTNtex_reverse,1684509.733
ALLTNtex,1684509.733
ALLtex_reverse,1684509.733
ALLtex,1684509.733
ALAALAtex_reverse,1684509.733
ALAALAtex,1684509.733
BALAtex_reverse,1684509.733
BALAtex,1684509.733
ALAtex_reverse,1684509.733
ALAtex,1684509.733
DALAtex_reverse,1684509.733
DALAtex,1684509.733
AKGtex_reverse,1684509.733
AKGtex,1684509.733
AGMtex_reverse,1684509.733
AGMtex,1684509.733
ADEtex_reverse,1684509.733
ADEtex,1684509.733
ACSERtex_reverse,1684509.733
ACSERtex,1684509.733
ACNAMtex_reverse,1684509.733
ACNAMtex,1684509.733
ACMUMtex,1684509.733
ACMANAtex_reverse,1684509.733
ACMANAtex,1684509.733
ACGAM1Ptex_reverse,1684509.733
ACGAM1Ptex,1684509.733
ACGAtex_reverse,1684509.733
ACGAtex,1684509.733
ACGAL1Ptex_reverse,1684509.733
ACGAL1Ptex,1684509.733
ACGALtex_reverse,1684509.733
ACGALtex,1684509.733
ACALDtex_reverse,1684509.733
ACALDtex,1684509.733
ACACtex_reverse,1684509.733
ACACtex,1684509.733
ACtex_reverse,1684509.733
ACtex,1684509.733
5MTRtex_reverse,1684509.733
5MTRtex,1684509.733
5DGLCNtex_reverse,1684509.733
5DGLCNtex,1684509.733
4HOXPACDtex_reverse,1684509.733
4HOXPACDtex,1684509.733
ABUTtex_reverse,1684509.733
ABUTtex,1684509.733
3UMPtex_reverse,1684509.733
3UMPtex,1684509.733
HPPPNtex_reverse,1684509.733
HPPPNtex,1684509.733
3HPPtex_reverse,1684509.733
3HPPtex,1684509.733
HCINNMtex_reverse,1684509.733
HCINNMtex,1684509.733
3GMPtex_reverse,1684509.733
3GMPtex,1684509.733
3CMPtex_reverse,1684509.733
3CMPtex,1684509.733
3AMPtex_reverse,1684509.733
3AMPtex,1684509.733
34dhpactex_reverse,1684509.733
34dhpactex,1684509.733
DDGLCNtex_reverse,1684509.733
DDGLCNtex,1684509.733
26DAHtex_reverse,1684509.733
26DAHtex,1684509.733
23DAPPAtex_reverse,1684509.733
23DAPPAtex,1684509.733
23CUMPtex_reverse,1684509.733
23CUMPtex,1684509.733
23CGMPtex_reverse,1684509.733
23CGMPtex,1684509.733
23CCMPtex_reverse,1684509.733
23CCMPtex,1684509.733
23CAMPtex_reverse,1684509.733
23CAMPtex,1684509.733
DAPtex_reverse,1684509.733
DAPtex,1684509.733
12PPDStex_reverse,1684509.733
12PPDStex,1684509.733
12PPDRtex_reverse,1684509.733
12PPDRtex,1684509.733
UDPG4E,1635710.96
MDH_reverse,1570969.744
PYK2,1540743
PYK4,1540743
G6PDH2r,1528913.93
FUM_reverse,1520179.376
LDH_D_reverse,1507138.231
PYK3,1452685.846
HISTP,1447754.111
NNDPR,1443067.2
PPS,1416119.76
ARGSL_reverse,1388950.281
PPNDH,1381778.374
CBPS,1342378.357
ASNNpp,1294539.408
ASNN,1294539.408
UDPGALPpp,1256580
UACGALPpp,1256580
UACGAMPpp,1256580
THRS,1232145.603
PTA2,1231169.477
PRFGS,1201380.268
PUNP6_reverse,1200916.8
PUNP4_reverse,1200916.8
UPPDC1,1199329.2
GK1,1190597.145
GTHOr,1168424.727
DURIPP_reverse,1138459.5
TYRTA,1130038.344
ALCD2x_reverse,1127205
TREHpp,1125766.8
TREH,1125766.8
PGM,1115082.463
GLCS1,1093500
CBMKr,1082160
CBMKr_reverse,1082160
ZNabcpp,1080000
ZN2abcpp,1080000
UGLT,1062332.308
UGLT_reverse,1062332.308
PGM_reverse,1048354.987
BUTCT,1044000
HXCT,1044000
ACACCT,1044000
G6PDA,1036669.091
FTHFLi,1030902.546
UPP3S,1029909.6
CYSS,1022195.907
DADK,1004882.361
AKGDH,995584.1454
GLYCK,990000
PGK,982517.4173
ASPTA_reverse,977955.7198
GK1_reverse,970227.4302
DGK1_reverse,970227.4302
DGK1,970227.4302
HYD3pp,963614.7
ORPT_reverse,945441.648
U23GAAT,943200
SERD_L,940849.8545
DCTPD,927756
THD2pp,912480.0001
HSTPT,901594.9793
HCYSMT,899817.75
HCYSMT2,899817.75
UDPG4E_reverse,886123.6362
MGSA,877072.5
TRSARr,874800
TRSARr_reverse,874800
AGDC,852525
SULR,852024.5654
GTHOr_reverse,841320
GLCptspp,827830.2845
ARAI,810853.0909
CPPPGO2,810072
NTPP10,809014.909
NTPP11,809014.909
ILETA,802172.3112
ARGSL,787865.3165
ASAD,783290.8361
UDPGPpp,769471.8001
LSERDHr,765907.2
LSERDHr_reverse,765907.2
NADH16pp,759867.2165
NADH17pp,759867.2165
NADH18pp,759867.2165
ASAD_reverse,734765.0357
PAPPT3,734587.2
TRE6PS,734256
TAUDO,726019.2
NAMNPP,719735.04
GLUTRR,719683.2
GLYCK2,701501.5386
GALS3,696979.0588
OP4ENH,695360.0002
VALTA,690943.2725
THRD_L,687060
MCOATA,667981.2668
MCOATA_reverse,667981.2668
NDPK4_reverse,664696.5401
NDPK2,664696.5401
NDPK3_reverse,664696.5401
NDPK1,664696.5401
NDPK3,664696.5401
NDPK8,664696.5401
NDPK8_reverse,664696.5401
NDPK2_reverse,664696.5401
NDPK4,664696.5401
NDPK7_reverse,664696.5401
NDPK5_reverse,664696.5401
NDPK7,664696.5401
NDPK6_reverse,664696.5401
NDPK5,664696.5401
NDPK6,664696.5401
NDPK1_reverse,664696.5401
NODOx,663895.3846
UGLYCH,662593.5
PSP_L,661962.1705
NHFRBO,660250.2856
HXAND,657600.0001
SDPDS,646888.4766
CBLAT_reverse,634775.2272
CBIAT_reverse,634775.2272
CBIAT,634775.2272
MTHFD,630387.6923
MTHFD_reverse,630387.6923
PHETA1,630031.9968
ACONTa,629173.8173
ACONTb_reverse,629173.8173
ACONTa_reverse,629173.8173
ACONTb,629173.8173
3OXCOAT,623180.0002
ALCD2x,614130.9232
PRAGSr,613876.8074
PRAGSr_reverse,613876.8074
L_LACD2,608580
L_LACD3,608580
PDH,607698.891
FBP,600801.2399
OAADC,600704.6036
PSP_Lpp,600507.702
PHETA1_reverse,597462.0221
GALUi,596285.3142
UMPK,595658.6204
UMPK_reverse,595658.6204
HEX1,589223.9999
CYSTA,581166
MLDCP2Bpp,576000
MLDCP2App,576000
MLDCP1Bpp,576000
MLDCP1App,576000
MLDCP3App,576000
NODOy,564859.3846
THRD,560148.0001
CA2tex_reverse,555253.2785
CA2tex,555253.2785
ASPTA,553694.2355
TALA,551472.9062
TALA_reverse,551472.9062
MLTG3,549960.0361
NADTRHD,548539.2
CYTK1,544525.2
RMI,539316
GLYCL,537702.9941
URIK1,526466.952
CYTDK1,526466.952
CYTDK2,526466.952
METS,525691.975
CYANST,524520
CYANSTpp,524520
TMDPP,518695.9999
TMDPP_reverse,518695.9999
3OAR181,511637.3593
3OAR40,511637.3593
3OAR180,511637.3593
3OAR161,511637.3593
3OAR141,511637.3593
3OAR121,511637.3593
MALS,504108
TDPDRE,498055.95
GUAD,495432
ACCOAL,494948.5715
ME2,489660.6316
GLNS,485653.6717
TYRTA_reverse,477188.7595
ASPT,474852.857
ICDHyr,474083.1216
ME1,472238.3999
EDTXS1,471600
MLTG1,469809
MLTG5,469809
MLTG4,469809
NTRIR2x,468000
AMALT1,466469.1691
AMALT2,466469.1691
AMALT4,466469.1691
AMALT3,466469.1691
ETHAAL,463839.3817
AMPTASECG,463205.4545
UAGDP,462342.3296
3OAR60,459837.7366
3OAR100,459837.7366
3OAR80,459837.7366
3OAR160,459837.7366
3OAR120,459837.7366
3OAR140,459837.7366
GLCRAL,431236.8
LYSDC,426512.291
A5PISO,424938.4614
A5PISO_reverse,424938.4614
SUCDi,424713.7397
SHCHCS3,422550
GAPD,419413.9766
GAPD_reverse,419413.9766
ADK3_reverse,419111.6836
ADK3,419111.6836
ATPS4rpp,416466.6959
ATPS4rpp_reverse,416466.6959
G3PT,410860.0001
ADSL2r,407904.3968
ADSL1r,407904.3968
ADSL1r_reverse,407904.3968
ADSL2r_reverse,407904.3968
3OAR40_reverse,405044.487
3OAR180_reverse,405044.487
DRPA,387265.32
PPM2,381420
PPM2_reverse,381420
PRAIi,380743.7335
PFK_3,375752.201
PFK_2,375752.201
GTPDPDP,375635.88
NADDP,375317.55
ALAALAD,373601.52
PPA,370525.8463
CHOLD,348103.0588
NTD2pp,347934.6
NTD4,347934.6
NTD9pp,347934.6
NTD10pp,347934.6
NTD4pp,347934.6
NTD7pp,347934.6
NTD11pp,347934.6
NTD9,347934.6
NTD2,347934.6
NTD7,347934.6
NTD10,347934.6
NTD11,347934.6
ICL,347321.4546
PPAKr,347142.8571
PPAKr_reverse,347142.8571
DHORDfum,345689.3947
SHK3Dr,344888.0336
CTECOAI7_reverse,343538.2373
CTECOAI8_reverse,343538.2373
CTECOAI8,343538.2373
CTECOAI6_reverse,343538.2373
CTECOAI6,343538.2373
CTECOAI7,343538.2373
TDPGDH,340896.96
ASPCT,339073.2833
SHSL1,336126.6471
DHPTDNRN,323785.1613
DHPTDNR,323785.1613
APCS,322629
SUCBZS,322400
ADD,320762.82
GMPS,317886.9
LCADi,316640
MTHFR2,315370.9091
METSOXR1,313919.8154
METSOXR2,313919.8154
3OAR120_reverse,307769.2277
3OAR80_reverse,307769.2277
3OAR100_reverse,307769.2277
3OAR60_reverse,307769.2277
3OAR160_reverse,307769.2277
3OAR140_reverse,307769.2277
AMAOTr_reverse,300452.5
CYTK1_reverse,300430.96
CYTK2_reverse,300430.96
PPM,292975.7143
PPM_reverse,292975.7143
FADRx,292201.2
NTD5pp,290100
NTD1,290100
NTD6pp,290100
NTD1pp,290100
NTD3pp,290100
NTD8pp,290100
NTD6,290100
NTD3,290100
NTD5,290100
NTD8,290100
GTPCII2,289966.04
BETALDHy,289208.5714
BETALDHx,289208.5714
DHQTi,287753.1629
ORNDC,284206.1539
ICDHyr_reverse,281976.6334
DHPS2,277279.9754
GLGC,273324.5143
SHK3Dr_reverse,271494.0803
XAND,271309.0909
GND,271147.6014
MMCD,268702.8
GLUDy,267981.533
OXCDC,267660
PFK,264854.6436
PYNP2r,263696
PYNP2r_reverse,263696
PPC,263609.7108
G1PPpp,263400
G1PP,263400
ACGAM1PPpp,263400
ACGAL1PPpp,263400
EDA,259742.268
MCITL2,259416
MCITL2_reverse,259416
SUCOAS_reverse,257454.3883
ALKP,253046.88
NADPPPS,253046.88
M1PD_reverse,244395
M1PD,244395
GUI2_reverse,244320
GUI1,244320
GUI2,244320
GUI1_reverse,244320
MANptspp,239091.0485
GAMptspp,239091.0485
FRUpts2pp,239091.0485
ACMANAptspp,239091.0485
OMPDC,238272.5318
ENO,230620.398
ENO_reverse,230620.398
DAPE,226395.1824
DAPE_reverse,226395.1824
HSDy_reverse,222600.315
GHMT2r,222126.1124
DHORTS,220052.0861
DHORTS_reverse,220052.0861
DAPAL,216683.7231
GUACYC,215973.8182
URDGLYCD,214605
SUCBZL,212736
RBK_L1,212328
ACGK,208316.7158
PGMT,207523.2
PGMT_reverse,207523.2
MSAR,207378
AP4AH,202471.2
UAMAS,201252.96
DAAD,192472.1333
FMNRx,188443.7673
CSND,185341.2632
PGL,184850.9778
CYTK2,183744
SSALy,182752.9412
SSALx,182752.9412
GHMT2r_reverse,181300.89
GLCP2,177517.9608
MLTP1_reverse,177517.9608
MLTP2,177517.9608
MLTP1,177517.9608
MLTP3,177517.9608
MLTP2_reverse,177517.9608
MLTP3_reverse,177517.9608
PUNP3,177230.7692
ALATA_L_reverse,177145.3814
GRXR,175018.5
GLUR,172913.8737
E4PD_reverse,172354.5742
E4PD,172354.5742
DAGK160,171702.1636
CS,170131.6815
DHAD1,167295.7863
DHAD2,167295.7863
OCBT_reverse,164864.0854
NADHPO,163862.2154
KG6PDC,162900
ALATA_L,161428.4527
DKGLCNR2y,160020
DHORD2,159865.3806
DHORD5,159865.3806
ADSK,155611.44
PGLYCP,154725.75
ALAR,152416.8
LYSAM,149549.4
LYSAM_reverse,149549.4
AMPN,148800
TRPS1,147805.3826
ACP1_FMN,146713.8461
AMANK,146080
DHFS,145659.744
PPND,144891.111
SHKK,142307.8149
ACLS,140584.4308
PRPPS,138218.4
PRPPS_reverse,138218.4
UPP3MT,136800
NNDMBRT,136526.4
PCNO,134400
PCNO_reverse,134400
ARAI_reverse,134329.451
DDPA,133150.1039
FLVRx,132284.34
ADA,131727
ACHBS,131391.2571
GLUN,127426
GLUNpp,127426
AACTOOR,126760.2546
HEX4,126135.8182
PUNP6,122306.4
PUNP7,122306.4
PUNP2,122306.4
PUNP4,122306.4
MDDCP5pp,121835.8385
MDDCP1pp,121835.8385
MDDCP3pp,121835.8385
MDDCP2pp,121835.8385
MDDCP4pp,121835.8385
G3PD7,119880
PEAMNOpp,116539.2
ICHORT,116126
TDPDRR,115920
GALKr,115898.4
PACCOAL,114545.4546
GALKr_reverse,110843.388
FADRx2,108337.4395
DURIPP,108121.8461
PSCVT_reverse,108023.8112
UAPGR,107818.714
ALDD19xr,107813.4546
ALDD19xr_reverse,107813.4546
ADK1,106886.147
ADK1_reverse,106886.147
DADK_reverse,106886.147
PUNP1,103077
PLIPA2A160pp,102572.8364
PLIPA2A141pp,102572.8364
PLIPA2A140pp,102572.8364
PLIPA2A120pp,102572.8364
PLIPA2A180pp,102572.8364
TRPS2,101953.3495
SUCOAS,101502.5177
PNTK,99922.53913
3NTD7pp,98689.5
3NTD4pp,98689.5
3NTD2pp,98689.5
3NTD9pp,98689.5
DADA,98407.26317
PPCK,96962.89655
NTPP3,96181.7143
UDPGD,93523.12942
42A12BOOXpp,92996.39999
FLVR,91896.13566
AB6PGH,91298.03479
EAR181y,91201.22428
EAR161y,91201.22428
EAR141y,91201.22428
EAR160y,91201.22428
EAR180y,91201.22428
EAR121y,91201.22428
EPMEACPR,91201.22428
EGMEACPR,91201.22428
MEPCT,90396
TYROXDApp,89301.08689
PMANM,89293.84614
PMANM_reverse,89293.84614
XYLI1,87497.75171
PGPP120pp,86400
PGPP180,86400
PGPP181,86400
PGPP161,86400
PGPP160pp,86400
PGPP180pp,86400
PGPP160,86400
PGPP181pp,86400
PGPP161pp,86400
PGPP120,86400
GLUSy,84960
TKT2,84504.66232
OMCDC,84240
TRPS3,83719.34608
FMNRx2,83016
HPPPNDO,81792
DHCINDO,81792
GUAPRT,81682.46183
ASP1DC,81534.96
MG2uabcpp,81000
IPMD,79982.47458
NTPP4,79657.7647
GLCRD,78345.81817
GTHS,78000.92309
OPMEACPS,77453.00435
ALLK,77142.85715
DAPDC,75443.00436
GLUDC,73786.41
XYLI2,72319.55296
SARCOX,72104.4
NTP3,71491.83307
NTP3pp,71491.83307
ABTA,71091.5143
ACOAD3f_reverse,70896.60601
ACOAD5f_reverse,70896.60601
ACOAD6f_reverse,70896.60601
ACOAD7f_reverse,70896.60601
ACOAD3f,70896.60601
ACOAD5f,70896.60601
ACOAD6f,70896.60601
ACOAD7f,70896.60601
ADPRDP,70587.52942
ASPK,70559.28871
ASPK_reverse,70559.28871
GLXCL,68040
MICITDr_reverse,67901.45144
MICITDr,67901.45144
DUTPDP,67762.57007
DDGALK,67500
SERD_D,67395.85715
PSCVT,66641.84392
INSH,66220.40002
LEUTAi,65684.65039
VALTA_reverse,65684.65039
ILETA_reverse,65684.65039
RBP4E,64040.8
RBP4E_reverse,64040.8
HSST,62999.26772
DBTS,62516.73751
DHBD_reverse,62421.7091
DHBD,62421.7091
RBK,60150.85715
RMPA,59904
RMPA_reverse,59904
ALDD2y,58605.48
TRDR,58238.22222
DPR,57004.95888
FOMETRi,55410.00001
KDOPS,55375.2
DDGLK,55242
TRE6PH,55198.2857
CYSSADS,54673.72614
GDPDPK,54438.00001
NADK,53413.2
CFAS180E,52820.22856
CFAS160G,52820.22856
CFAS180G,52820.22856
CFAS160E,52820.22856
EAR181x,52799.08399
EAR141x,52799.08399
EAR121x,52799.08399
EAR180x,52799.08399
EAR160x,52799.08399
EAR161x,52799.08399
KDOCT2,52679.99999
MCITS,52531.2
GLYCDx,52111.19999
XPPT,52075.78877
GTPCI,51908.11999
NTPP1,51435.72
NTPP5,51435.72
NTPP7,51435.72
PPCSCT,51120
UDPGALM,49496.08799
HSK,49374.66427
ALAALAr_reverse,49166.18183
ALAALAr,49153.32738
PYDXNK,49056.84
ABUTD,48962.57144
SDPTA_reverse,48801.73975
SDPTA,48801.73975
DDPGALA_reverse,48681.60001
DDPGALA,48681.60001
THFAT,48163.04993
FCLPA,46752.00001
FCLPA_reverse,46752.00001
OPMEACPR,45964.31022
OGMEACPR,45964.31022
TRPAS2_reverse,45490.9091
GTHRDHpp,44820
ATHRDHr_reverse,44287.2
ATHRDHr,44287.2
AOBUTDs,44287.2
GF6PTA,42766.93825
NNATr,42608.61565
GTPDPK,42181.41175
DTARTD,41280.00001
T2DECAI_reverse,41163.98584
T2DECAI,41163.98584
AIRC3_reverse,41068.35443
AIRC3,41068.35443
S7PI,40848.00001
CYTDH,40446.94738
AHGDx_reverse,40147.99999
AHGDx,40147.99999
ACALD,39708
ICHORS_copy1,39634.36362
ICHORS_copy2,39634.36362
NNATr_reverse,39062.08033
FACOAE100,39036.40614
FACOAE160,39036.40614
FACOAE120,39036.40614
FACOAE140,39036.40614
FACOAE180,39036.40614
DHFR,38876.72728
PTPATi,37723.56682
ACGAMK,37204.74
FBA,37029.58592
AIRC2,36951.59999
ICHORS_copy2_reverse,36871.49999
23PDE7pp,36432
23PDE2pp,36432
23PDE4pp,36432
23PDE9pp,36432
3HAD60,36362.21058
3HAD140,36362.21058
3HAD160,36362.21058
3HAD120,36362.21058
3HAD100,36362.21058
3HAD80,36362.21058
KAS15,36234.06372
XTSNH,36206.74285
DHFR_reverse,36126
NNAM,35911.08
CHORS,35853.47542
ACNML,35818.8
GPDDA2pp,35568.78667
GPDDA1pp,35568.78667
GPDDA1,35568.78667
GPDDA2,35568.78667
TRE6PP,35442
HPYRRx,34994
GNK,33840
UAGAAT,33000
UAGAAT_reverse,33000
ADPT,31931.18667
ACALD_reverse,31756.68
NTP1,31666
ATPM,31666
PMEACPE,31104
ACCOAC,31025.75222
ANS,30093.41093
HXPRT,29510.152
IMPD,29421.28236
CYSTL,29016.96387
DHDPS,28820.82472
PFL,28737
OBTFL,28737
DTMPK,28589.87819
PRMICI_reverse,28498.5
PRMICI,28498.5
GRTT,28417.54286
NMNAT,27709.78505
TGBPA,26584.5
TGBPA_reverse,26584.5
BPNT,26505
DPCOAK,25492.44
PYDXK,25358.08695
GALCTD,25272
SPMS,25013.45454
NTPP9,24891.6
NTPP6,24891.6
NTPP2,24891.6
NTPP8,24891.6
ALAGLUE,24867.25714
ALAGLUE_reverse,24867.25714
IMPC_reverse,24617.81365
IMPC,24617.81365
P5CD,24321.6
GARFT,22952.16
GARFT_reverse,22952.16
URIH,22102
PDE4,22096.84909
FBA_reverse,21992.70423
FBA3,21992.70423
FBA3_reverse,21992.70423
GMPS2,21729.29381
OGMEACPD,21671.81038
OPMEACPD,21671.81038
GGPTRCS,21384
DXPS,21076.36364
SFGTHi,20931.42857
DASYN161,20904
DASYN160,20904
DASYN140,20904
DASYN141,20904
DASYN180,20904
DASYN181,20904
DASYN120,20904
SADT2,20816.8666
GALCTND,20664
ACM6PH,20520
ADNK1,19748.12554
CDGS,19440
HSDy,19197.99096
MTAN,19165.09091
TRPAS2,18958.90909
ACGS,18918.68531
PYDXPP,18736
PDXPP,18736
HYPOE,18736
PDE1,18697.85723
ALCD19_reverse,18144.88358
ALCD19,18144.88358
ALAR_reverse,17982
HISTD,17637.23237
G1PTT,17419.89
CTPS2,16891.99541
PRAMPC,16564.188
CYSDS,16547.36585
ADMDC,16389.04362
FORCT_reverse,16290
FORCT,16290
OGMEACPS,15694.69057
XYLI1_reverse,15633
GMAND,15537.6
ORPT,15318.36
DNTPPA,14760.54
HKNDDH,14464.8
HKNTDH,14464.8
MI1PP,14072.4
TMDS,13714.11185
IGPS,13523.15849
SOTA,13440
UAAGDS,13350.85714
GSPMDA,12960
GSPMDS,12886.10526
MOADSUx,12703.89072
THZPSN3,12703.89072
I2FE2SS2,12703.89072
I2FE2SS,12703.89072
I2FE2SR,12703.89072
ICYSDS,12703.89072
DHBS,12396
ARGDCpp,12120.54546
ARGDC,12120.54546
FA141ACPHi,11818.05517
FA140ACPHi,11818.05517
FA161ACPHi,11818.05517
FA160ACPHi,11818.05517
DTMPK_reverse,11399.30681
UAGCVT,11229.28003
IPPS,11161.0094
MALTabcpp,11160
CU1abcpp,11088
UAG2E_reverse,10908.9
UAG2E,10908.9
PYAM5PO,10321.51305
RNDR3,10192.2
RNDR2,10192.2
RNDR1,10192.2
RNDR4,10048.04973
MNNH,9947.999999
THRA,9642.51743
IPPMIb_reverse,9598.568465
IPPMIa_reverse,9598.568465
IPPMIb,9598.568465
IPPMIa,9598.568465
IPDPS,9504
DMPPS,9504
GDPTPDP,9488.999999
PPGPPDP,9488.999999
ADNUC,9428.53091
NMNDA,9335.999999
PANTS,9314.399999
KARA2,9128.890145
KARA2_reverse,9128.890145
DHAPT,9074.999999
KARA1,8953.149298
XYLI2_reverse,8727.525
TDSK,8640
FEROpp,8621.217392
DURIK1,8515.8
MECDPS,8399.999999
UDCPDPS,8235.163739
ASNS1,8057.25
UAGPT3,7916
ACBIPGT,7890.599999
UPPRT,7702.92
AHCYSNS,7674.063001
ADSS,7565.532908
GPDDA4pp,7360.56
GPDDA3pp,7360.56
GPDDA3,7360.56
GPDDA4,7360.56
ASNS2,7282.8
RBFK,7219.500001
ASPO6,7169.22
ACOATA,7079.521057
INOSTO,6862.200001
INOSTO_reverse,6862.200001
ATPPRT,6751.832083
PPCDC,6720.000001
PPNCL2,6545.999999
AP5AH,6239.999999
METAT,5961.661625
URIK2,5767.38
ACOTA_reverse,5653.495904
ACOTA,5653.495904
PMDPHT,5574.399998
PGAMT,5550.469358
PGAMT_reverse,5550.469358
AGMT,5457.6
PSERT,5316.62418
OHPBAT_reverse,5316.62418
OHPBAT,5316.62418
KARA1_reverse,5158.034834
KAS14,4990.43777
ANPRT,4895.886082
ALATA_L2,4681.349381
THRA2,4681.349381
ALATA_D2,4681.349381
PERD_reverse,4320
PERD,4320
3OAS180,4150.289732
3OAS121,4150.289732
3OAS141,4150.289732
3OAS161,4150.289732
PPPGO,4009.545641
PPPGO3,4009.545641
GLUTRS,3869.752313
UHGADA,3589.800001
SPMDAT1,3579.48
SPMDAT2,3579.48
NADS1,3468.359999
LALDO3,3446.181817
HOPNTAL,3337.2
PYDAMK,3275.399999
CHRPL,3122.64
TMDK1,3096
CBL1abcpp,3042
CBIuabcpp,3042
ADK4_reverse,3008.017235
ADK4,3008.017235
GLYOX3,3001.81091
FDMO4,2963.999999
FDMO2,2963.999999
FDMO,2963.999999
MOHMT,2811.6
ACOAD1f,2792.772
CPPPGO,2750.764651
GOFUCR,2700
ADOCBLS,2412
OCTDPS,2412
NTP5,2286
PAPSR,2199.2
PAPSR2,2199.2
DMATT,2158.457144
KDOPP,2125.8
RBFSb,2112.797999
TDP,2040.631578
G1SAT_reverse,1836
G1SAT,1836
ADCS,1786.619128
DURADx,1764
DURADx_reverse,1764
ACPS1,1486.457143
UACMAMO,1440
TDPAGTA,1368
DHNPA2r_reverse,1242.960001
DHNPA2r,1242.960001
GMPR,1213.2
ACOATA_reverse,1130.543161
UDPGDC,1089
RBFSa,1006.207715
FCLT,1002.52575
PDX5POi,929.52
HMBS,900
AMAOTr,820.9090908
ADOCBIK,795.6
HMPK1,779.6571444
RHCCE,716.4
SEPHCHCS,687.6
GLYAT_reverse,645.7200012
APPLDHr_reverse,645.7200012
GLYAT,645.7200012
APPLDHr,645.7200012
LIPATPT,626.4
ASR,554.4
ARABDI,379.8
FCI_reverse,379.8
ARABDI_reverse,379.8
FCI,379.8
PMPK,272.0400012
CDGR,270.468
TMPK,226.8
CBLAT,221.3679996
FMNAT,168.39666
G3PAT161,107.082
G3PAT140,107.082
G3PAT160,107.082
G3PAT181,107.082
G3PAT120,107.082
G3PAT141,107.082
G3PAT180,107.082
3OAS181,104.4
AACPS3,57.6
AACPS8,57.6
AACPS6,57.6
AACPS1,57.6
AACPS2,57.6
MPTAT,4.32
