,kcat_mw,flux,enz useage,enz ratio
NADH16pp,1295.6284956982995,23.24804291438053,0.017943448289048806,0.07904602770506082
RBFSa,0.03713673311872428,0.0004654620677505427,0.012533737587053867,0.05521470302666902
KARA2,12.484042388410002,0.15160339583127114,0.012143774517460584,0.05349680404167658
KARA1_reverse,38.284396657790666,0.4562608428170719,0.011917670974298229,0.052500753190741094
ENO,946.2281746010016,10.432555151898162,0.01102541166278132,0.04857009543075471
PDH,297.91159083609136,3.0382824382792064,0.01019860432335728,0.04492777234959154
PFL,580.5635666086678,5.479474479680982,0.009438199010125714,0.04157796920760226
METS,13.180038618930359,0.08054737591469012,0.006111315622323042,0.026922095252524415
CS,1181.1013266900366,5.263930766070104,0.004456798622707456,0.019633474108843415
FBA,478.2702717304537,2.101973994296737,0.004394950132885072,0.019361013801255822
GHMT2r,127.10574050127329,0.5535857259092289,0.004355316476864264,0.01918641619763993
GLNS,192.219987923161,0.8174061819083659,0.004252451530873678,0.018733266655831183
PGI,2077.044031545716,8.358885580075393,0.004024414241163098,0.01772869709763479
AKGDH,823.3442362297908,3.1581767188374714,0.003835791373604809,0.016897759355087263
METAT,0.1287196860669879,0.0004685929785195578,0.003640414243052878,0.016037067150012678
ATPS4rpp,12744.657384624936,42.82243761293639,0.003360030506947725,0.014801896506377643
PGK_reverse,3677.203768647461,11.300433180868245,0.003073104971015718,0.013537907361302722
ARGSS,50.50262132653552,0.1543497263946916,0.0030562715823543173,0.013463751464115934
GTPCI,0.11598582717628478,0.0003490965508128885,0.003009820762689418,0.013259122302596555
MOHMT,0.12749031073638406,0.00035170564312103636,0.0027586852764699098,0.01215279857475731
F6PA,2852.6234237026233,6.896852911306097,0.002417722877124167,0.010650761573234215
PGM_reverse,4323.713431529045,10.432555151898162,0.0024128692424023063,0.01062937992247712
PSERT,375.5344579258131,0.8678780289700809,0.0023110476566215138,0.010180826681152043
GND,769.2113447018628,1.6411144198978942,0.002133502620835592,0.009398689959628158
PGCD,407.4631401486448,0.8678780289700809,0.002129954696401432,0.009383060336570185
SUCDi,2392.24671100657,4.875439530498432,0.0020380170272852106,0.008978048578348946
CYTBO3_4pp,14260.636887181594,28.123482444905683,0.0019721056406803916,0.008687690047050183
ASAD_reverse,283.3731904972525,0.5578635936574732,0.0019686533954696114,0.008672481918368332
GLUDy_reverse,2284.826624199539,4.433956173736114,0.0019406094654072477,0.008548940376243382
GAPD,5901.836018293112,11.300433180868245,0.001914731813259779,0.008434941908633387
ASPTA_reverse,868.2110717583342,1.5277920937079952,0.001759701233265607,0.007751987811742762
PRASCSi,155.5843674754584,0.23366717619536545,0.0015018679574747358,0.006616158402972404
SULR,91.07561809992785,0.12914067651461533,0.00141795004205102,0.006246475956171895
ILETA_reverse,107.35136894993641,0.15160339583127114,0.0014122166984379284,0.006221218935849904
OPMEACPD,0.0007749685169040007,1.0436369232074672e-06,0.0013466829947838357,0.005932524206096192
OGMEACPD,0.0007749685169040007,1.0436369232074672e-06,0.0013466829947838357,0.005932524206096192
THDPS,144.51978950960287,0.1935680365134434,0.0013393877556165511,0.005900386588619168
ADSS,125.46216650350249,0.15618235283182708,0.0012448561760446484,0.005483947912090962
MTHFR2,73.40785388514088,0.08054737591469012,0.0010972582857512799,0.004833736941635594
EPMEACPR,0.0009689939868539816,1.0436369232074672e-06,0.0010770313720891373,0.004744631595106331
EGMEACPR,0.0009689939868539816,1.0436369232074672e-06,0.0010770313720891373,0.004744631595106331
OPMEACPS,0.0010137680020087623,1.0436369232074672e-06,0.0010294632708267772,0.004535080488223688
ASPCT,168.43140171433384,0.17261493800620709,0.0010248382204820017,0.004514705817101329
ALATA_L_reverse,536.8294618425721,0.5244306848225221,0.0009769036949322913,0.004303540506309653
KDOPS,21.01664790952463,0.020304999977924492,0.0009661388469434451,0.004256118268473327
THRS,305.64293264393865,0.28398195590013753,0.000929129796797771,0.004093082805276524
ADSL1r,174.61216697579488,0.15618235283182708,0.0008944528639489219,0.003940320986559127
ADSL2r,261.91825046369235,0.23366717619536545,0.0008921378169779615,0.003930122541753134
3OAR140,45.77411063250431,0.04060999995584897,0.0008871827195482791,0.003908293918714886
OPMEACPR,0.0011971690473116512,1.0436369232074672e-06,0.0008717540146490139,0.003840326055722528
OGMEACPR,0.0011971690473116512,1.0436369232074672e-06,0.0008717540146490139,0.003840326055722528
GF6PTA,59.197824629434315,0.049305582800013584,0.000832895179994467,0.0036691417620901626
XPPT,153.79394172863658,0.12692086077895293,0.0008252656727070553,0.003635531597828437
SUCOAS_reverse,3617.449004898823,2.884243942870899,0.0007973143336547375,0.0035123979456155837
ACONTa,6729.268480108153,5.263930766070104,0.0007822441297490781,0.003446009382154529
ACONTb,6729.268480108153,5.263930766070104,0.0007822441297490781,0.003446009382154529
PRPPS,841.6549039549013,0.6139569910060109,0.0007294640453243396,0.0032134979970235224
AIRC3_reverse,329.0153582681982,0.23366717619536545,0.0007102014247155317,0.0031286406375133553
PRFGS,356.42883763888517,0.2337835417123031,0.000655905238366712,0.0028894503892806698
GMPS,207.5431675108045,0.12692086077895293,0.0006115395765671041,0.002694006945229533
DHDPS,316.59763079439625,0.1935680365134434,0.0006114007739974204,0.0026933954801648475
DHORTS_reverse,315.24129867052653,0.17261493800620709,0.0005475644807142324,0.0024121783291375875
IPMD,437.55534554221884,0.2350953933247917,0.0005372929292715219,0.0023669292038393033
G1SAT,3.570948351301962,0.0018618482710021215,0.0005213876225130208,0.002296861773185114
CTPS2,163.9774638649157,0.08376490854893935,0.000510831833683833,0.002250360500809837
VPAMTr,447.777500899142,0.22081374384915914,0.0004931327353557577,0.002172390904650915
PRAIS,488.4130780741872,0.2337835417123031,0.00047865946308012805,0.0021086319959477007
ORPT_reverse,380.9740552467433,0.17261493800620709,0.0004530884337895675,0.001995984289821883
AICART,627.9522477201845,0.28310321361078,0.0004508355764926425,0.001986059808337632
IMPC_reverse,627.9522477201845,0.28310321361078,0.0004508355764926425,0.001986059808337632
SADT2,291.86772476823216,0.12914067651461533,0.00044246302538988863,0.001949176323303474
DHDPRy,438.1602832045513,0.1935680365134434,0.0004417744919684513,0.0019461431364248955
NDPK1,934.7031421182056,0.4122438901253953,0.0004410425851262,0.0019429188772079294
ICL,3654.355464354875,1.5446990118639896,0.0004227008091936356,0.001862118102174606
TPI,4805.018574956065,2.02823791476136,0.0004221082360290158,0.0018595076477049154
RHCCE,0.5562365447409895,0.00023377467079787763,0.00042027923732831034,0.001851450384706213
CYSTL,192.3858568094616,0.08031360124389225,0.00041746104716748806,0.0018390354500770398
ATPPRT,118.6812001186812,0.049436037415414524,0.0004165448054618464,0.0018349991430037286
G5SD,282.3209922462556,0.11535058002981335,0.0004085795360523469,0.0017999098504508672
HISTD,121.01404565352465,0.049436037415414524,0.00040851487237237617,0.0017996249884245645
NADS1,2.937638823834696,0.0011887024555334855,0.0004046455424979007,0.0017825794823696066
HCO3E,689.2706481374333,0.27428030706198403,0.0003979283142306321,0.0017529881684168814
ANS,76.62779370153649,0.029661726812941037,0.0003870883576326468,0.0017052350556504264
LEUTAi,621.2833745618751,0.2350953933247917,0.0003784028399127522,0.0016669728630517718
THRD_L,404.7134037238874,0.15160339583127114,0.0003745944523614083,0.0016501958253806533
IPPS,628.2952778374076,0.2350953933247917,0.0003741797871440162,0.0016483691063613048
OCBT,414.8420983079505,0.1543497263946916,0.00037206861845567293,0.0016390688037694842
HACD4,500.2112844838996,0.18570475411553672,0.0003712526283911015,0.0016354741338815044
SHSL1,216.6044129539065,0.08031360124389225,0.00037078469523602465,0.0016334127543437208
HACD1,503.17258791107565,0.18570475411553672,0.00036906770872891,0.001625848937131762
HACD2,506.4749953939293,0.18570475411553672,0.0003666612484414914,0.0016152477904911515
HACD3,513.7189700047488,0.18570475411553672,0.00036149094146517514,0.0015924711077761019
ICDHyr,10360.955261196723,3.719231754206113,0.00035896610500145426,0.0015813484801826178
ACCOAC,113.14815928028533,0.040613130866618594,0.0003589376188260707,0.0015812229904232189
HACD5,521.7082121698875,0.18570475411553672,0.0003559552059630305,0.0015680846077666542
HACD6,408.5429473921855,0.14509475415968776,0.0003551517780097728,0.0015645452775760918
AACPS4,221.64295759434518,0.07849610754212645,0.0003541556582446955,0.0015601570847783943
RPI_reverse,2662.5892206329754,0.9310970495247628,0.000349696093678098,0.0015405114258947048
TRPAS2_reverse,85.2701500470407,0.029661726812941037,0.0003478559237503118,0.0015324049504419023
NTD11,367.1700601598488,0.12692086077895293,0.0003456732303382729,0.0015227895609615544
ECOAH4,539.9984927120287,0.18570475411553672,0.00034389865272192467,0.0015149720384225755
PPNCL2,1.0359559196919297,0.00035170564312103636,0.0003394986566857264,0.0014955887959723628
PPCDC,1.0359559196919297,0.00035170564312103636,0.0003394986566857264,0.0014955887959723628
ECOAH1,559.8551040452978,0.18570475411553672,0.0003317014577052268,0.00146123990178514
HSTPT,150.9140590165434,0.049436037415414524,0.00032757741550106526,0.0014430723149826664
AMPMS2,0.3556790081636801,0.0001163655169376326,0.0003271644214777002,0.0014412529580515427
HACD7,445.8558600896302,0.14509475415968776,0.0003254297344673667,0.001433611165054479
ECOAH3,572.5253419520917,0.18570475411553672,0.00032436075839430053,0.0014289020193581521
ACHBS,468.6812923370654,0.15160339583127114,0.00032346799052999383,0.0014249691212775057
SDPTA_reverse,603.6338759331172,0.1935680365134434,0.0003206712615560542,0.0014126487293218246
ECOAH5,584.1850088618205,0.18570475411553672,0.0003178868873704052,0.0014003827637462784
TALA,1400.4317579391345,0.4440609192977048,0.00031708858127523594,0.0013968659968072068
ADK1,4731.62045281099,1.4962612131655884,0.0003162259585459101,0.0013930658966780178
GLUTRS,6.020547907023415,0.0018618482710021215,0.0003092489753017558,0.001362330287672933
PANTS,1.1393252346297904,0.00035170564312103636,0.00030869643928787264,0.0013598962083166196
PPBNGS,3.031597030578779,0.0009309241355010608,0.00030707383801709717,0.0013527481850973443
ECOAH6,474.8012965764568,0.14509475415968776,0.00030559047585988064,0.001346213550043527
ECOAH7,480.3370360519099,0.14509475415968776,0.0003020686377887534,0.0013306988448843762
ECOAH2,629.2867326999879,0.18570475411553672,0.0002951035584665208,0.0013000156760639683
ICYSDS,0.3992060235753335,0.0001163655169376326,0.00029149238755329915,0.0012841074341555028
HISTP,169.81996352843183,0.049436037415414524,0.000291108515090087,0.0012824163660356256
IGPDH,169.81996352843183,0.049436037415414524,0.000291108515090087,0.0012824163660356256
TRDR,444.4570121661585,0.12914067651461533,0.0002905583059320405,0.0012799925371455528
AACPS3,233.0267947548397,0.0665986466175613,0.00028579823486662846,0.001259023061086469
OGMEACPS,0.0036520851795160993,1.0436369232074672e-06,0.00028576467193619753,0.00125887520676739
P5CR,409.3106810190699,0.11535058002981335,0.0002818166868810324,0.0012414832021190854
CBMKr,1170.796288723648,0.32696466440089866,0.00027926691222889124,0.0012302507146647191
ACGK,556.7102547722625,0.1543497263946916,0.0002772532481152742,0.0012213799476443797
PHETA1_reverse,356.1027872331628,0.09667469728901573,0.0002714797545960143,0.0011959460554890498
ACLS,1685.4620850679314,0.4562608428170719,0.00027070371197266215,0.0011925273655183355
PAPSR,486.2921585990203,0.12914067651461533,0.00026556191423415544,0.001169876274159275
TYRTA_reverse,276.80562488228617,0.0720730440982461,0.00026037420348266313,0.001147022922831115
HXAND,497.7574563518784,0.12692086077895293,0.0002549853531259391,0.001123283493946868
ACACT3r,760.6663689408023,0.18570475411553672,0.00024413430341888682,0.0010754815128585322
GLUPRT,971.886974324658,0.2337835417123031,0.00024054601809511225,0.0010596740885247236
3OAS140,178.59311869768356,0.04060999995584897,0.00022738838008978506,0.001001710925505661
ACOTA_reverse,729.3993968132602,0.1543497263946916,0.00021161208395433867,0.000932211823587395
CHORS,965.8268487088452,0.1988749302679532,0.00020591157776760598,0.0009070994615313038
ACACT4r,901.9147879347954,0.18570475411553672,0.00020590055357753195,0.0009070508968173213
GLU5K,576.0881184385962,0.11535058002981335,0.000200230791675507,0.0008820739721387973
NDPK2,1043.0824281353346,0.20826661893989734,0.00019966458385480137,0.0008795796645585963
HSST,403.0531274403608,0.08031360124389225,0.00019926306428617437,0.0008778108558862307
ARGSL,786.9915855495627,0.1543497263946916,0.00019612627279478207,0.0008639923911664408
MECDPS,6.391465420988468,0.001246624304769739,0.0001950451457776866,0.0008592297170823198
PPNDH,501.02815151926353,0.09667469728901573,0.0001929526255079078,0.0008500115661141312
ACACT2r,967.7097961552099,0.18570475411553672,0.0001919012857504976,0.0008453801134383154
AACPS7,215.1392734456763,0.04060999995584897,0.00018876144418189265,0.0008315482122550336
ACOAD1fr,987.4110622761732,0.18570475411553672,0.00018807238566626082,0.000828512712186171
ANPRT,158.25580996642339,0.029661726812941037,0.00018742899119617959,0.0008256783753135664
ACACT7r,782.0622237027327,0.14509475415968776,0.0001855284014010109,0.0008173057330441008
CYSS,727.629573400808,0.12914067651461533,0.00017748134660200155,0.0007818561524317248
TKT1,2504.071229568458,0.4440609192977048,0.00017733557817931265,0.0007812140007899236
ACACT5r,1052.6321440775405,0.18570475411553672,0.00017641942169481866,0.0007771780691401703
PPA,11276.511583470876,1.9544522624721463,0.0001733206451308031,0.0007635270710608066
ACACT6r,873.2507207100717,0.14509475415968776,0.00016615474882368945,0.0007319592459193368
SERAT,777.7154948442238,0.12914067651461533,0.00016605130972796443,0.0007315035670835437
G6PDH2r,10017.16201951731,1.6411144198978942,0.000163830276150108,0.0007217192781943083
PGAMT_reverse,302.87988288644533,0.049305582800013584,0.00016278922961185594,0.0007171331700962817
IPPMIa_reverse,1472.5361043978594,0.2350953933247917,0.00015965339839387198,0.0007033189356558236
5DOAN,0.7390998174834061,0.00011740915386084008,0.00015885425903717815,0.0006997984979611372
FUM,33392.44069258452,5.247023847914108,0.00015713208555849344,0.0006922118306541561
RBFSb,1.5355151866717285,0.00023273103387527134,0.00015156543933617634,0.0006676891600712614
PRAGSr,1567.2479995820672,0.2337835417123031,0.0001491681863844429,0.0006571285743808057
TYRL,0.8030904108774135,0.0001163655169376326,0.0001448971564864009,0.0006383134646978013
ACODA,1105.1458946073367,0.1543497263946916,0.00013966457021453513,0.0006152624238525777
RBK,919.0188109505893,0.12692086077895293,0.0001381047474400138,0.0006083909578855234
IPPMIb_reverse,1702.964146399095,0.2350953933247917,0.00013805070049296056,0.0006081528656077558
PFK,15417.796401281734,2.101973994296737,0.00013633426850298742,0.0006005914912025878
ASNS2,933.1374290426744,0.12578694926188802,0.00013480002553421905,0.0005938327116044892
ACACT1r,1391.46359785517,0.18570475411553672,0.00013346001605919533,0.000587929586163856
NDPK3,734.2150771644195,0.09445070700565916,0.0001286417426490793,0.0005667037121104815
SHK3Dr,1567.4599328201919,0.1988749302679532,0.00012687720183707352,0.0005589304045686057
G1PACT,390.3227074300909,0.049305582800013584,0.00012632004713393342,0.0005564759785635833
UAGDP,390.3227074300909,0.049305582800013584,0.00012632004713393342,0.0005564759785635833
MDH,54546.65122691133,6.79087438295953,0.00012449663233604999,0.0005484433142557268
PSCVT,1640.0626521288275,0.1988749302679532,0.00012126056892388249,0.0005341875282990418
TRPS3,249.2074166941512,0.029661726812941037,0.00011902425379796968,0.0005243359198148444
UMPK,1698.234488388163,0.19726772940621384,0.00011616047769318687,0.0005117201660492813
CHORM,1463.9725385027054,0.16874774138726184,0.00011526701283608127,0.0005077841975157765
DAPDC,1559.2093509249685,0.17906774510239884,0.00011484522267402425,0.0005059260910749967
MTHFD,4000.8053150795254,0.4589163769681568,0.00011470600062403555,0.0005053127780794517
MTHFC,4000.8053150795254,0.4589163769681568,0.00011470600062403555,0.0005053127780794517
INSH,1109.0377079187242,0.12692086077895293,0.00011444233128658806,0.000504151239147965
DDPA,1816.4421989903199,0.1988749302679532,0.00010948596678633595,0.0004823170343010394
UAGAAT,188.9318625746263,0.020304999977924485,0.00010747260785567178,0.0004734476116989946
AHCYSNS,2.2172994524502183,0.00023377467079787763,0.0001054321600718143,0.0004644588549419132
OMPDC,1639.4531361182533,0.17261493800620709,0.0001052881196805106,0.0004638243157731745
HSDy_reverse,3593.075395695918,0.3642955571440298,0.00010138823070075653,0.0004466441881090596
MCOATA,431.2704864248709,0.04061208722969538,9.41684824444164e-05,0.0004148391297110855
MALS,16727.32340527196,1.5446990118639896,9.234585680200013e-05,0.0004068099418590314
PGL,18244.114179951303,1.6411144198978942,8.995308863509178e-05,0.0003962691129299197
APG3PAT161,436.8392987104274,0.039248053771063225,8.984551959250358e-05,0.00039579524049561046
ASPK,6504.619993097303,0.5578635936574732,8.576420978465728e-05,0.0003778159021350541
RPE,8085.508287787832,0.6892469083274564,8.524472226050145e-05,0.0003755274108392134
RNTR2c2,167.52117841189732,0.014097969377148072,8.415634077313078e-05,0.00037073277873625894
IGPS,363.69293809340036,0.029661726812941037,8.155706010800677e-05,0.00035928220311897254
PRAIi,363.69293809340036,0.029661726812941037,8.155706010800677e-05,0.00035928220311897254
ACPPAT160,429.6181269475391,0.03329932330878066,7.750912082172654e-05,0.0003414498714613504
IG3PS,643.9487998754672,0.049436037415414524,7.677013673288144e-05,0.0003381944349466143
PPND,941.9040256882917,0.0720730440982461,7.651845849748766e-05,0.0003370857202532496
ACKr,3978.51829559996,0.30379540288723145,7.635893071629551e-05,0.00033638295469733706
RNTR3c2,192.92377085798628,0.014097969377148072,7.307533599644272e-05,0.000321917779720012
ADSK,1774.09021875966,0.12914067651461533,7.2792620774891e-05,0.0003206723382153788
FACOAE160,1013.5666204982899,0.0665986466175613,6.570722167707147e-05,0.00028945912633071135
FACOAE120,619.4018236378439,0.04060999995584897,6.55632553958916e-05,0.000288824913638289
HSK,4336.233573689949,0.28398195590013753,6.549046564815951e-05,0.00028850425395664985
FACOAE161,1210.649018928513,0.07849610754212645,6.48380383701955e-05,0.0002856301249788348
AGPR_reverse,2403.19758790168,0.1543497263946916,6.422681479530778e-05,0.000282937510111488
CTECOAI7_reverse,1243.8139103624776,0.07849610754212645,6.31092053949218e-05,0.00027801412068247485
SHKK,3198.93473327485,0.1988749302679532,6.216911154806796e-05,0.0002738727380972157
ACGS,2780.760040532424,0.1543497263946916,5.5506309118689264e-05,0.0002445211855448866
TKT2,4436.658632553287,0.2451859890297516,5.5263658833415276e-05,0.00024345224155689548
QULNS,21.652266688981403,0.0011887024555334855,5.489967736903975e-05,0.00024184879898255394
UAGCVT,265.07443504337584,0.014500291411044553,5.47027155171406e-05,0.00024098112562617003
PTAr_reverse,5831.252345997354,0.30379540288723145,5.209779732749184e-05,0.00022950571509908297
DHQTi,3866.507200550486,0.1988749302679532,5.143529287612313e-05,0.00022658719328688603
GTHOr,265.53504679891336,0.013653901866323294,5.1420338034185135e-05,0.00022652131292592569
DXPS,29.282598520045642,0.0014793553386450039,5.051994745726883e-05,0.00022255483461351908
RNTR1c2,273.8868633004591,0.013653901866323294,4.9852343050658494e-05,0.00021961384603814315
A5PISO,408.07259114186377,0.020304999977924492,4.9758303837822795e-05,0.00021919957637807398
PSD160,671.2231176811079,0.03329932330878066,4.960991722666035e-05,0.00021854589086634516
MPTG,146.17058356953729,0.007250145705522275,4.9600579873673316e-05,0.0002185047571527459
PSD161,791.4421835344406,0.039248053771063225,4.959055075354762e-05,0.0002184605760068177
NNDPR,25.27314377458065,0.0011887024555334855,4.703421411027878e-05,0.00020719918110254968
ACPPAT161,853.861051777863,0.039248053771063225,4.596538709587826e-05,0.00020249069205232711
KDOPP,450.06525946262207,0.020304999977924492,4.511567945095043e-05,0.00019874748656806355
BPNT,2914.3469029544567,0.12914067651461533,4.431204685471634e-05,0.0001952072548665918
FLDR2,996.5347650528647,0.04309646492538918,4.3246323597253505e-05,0.00019051243875442073
G3PD2_reverse,1683.0942532781835,0.07254737707984388,4.310357363441914e-05,0.0001898835842925953
APG3PAT160,829.4202361963464,0.03329932330878066,4.014771023852594e-05,0.0001768621596410834
DHAD2,3818.008272351257,0.15160339583127114,3.970745609147376e-05,0.00017492271405935577
GK1,3204.38101616178,0.12692086077895293,3.9608542223539706e-05,0.000174486970147752
DHAD1,11536.427873291568,0.4562608428170719,3.9549577029244824e-05,0.0001742272115825763
MCTP1App,186.96809255323154,0.007250145705522275,3.877744917068184e-05,0.00017082576727172618
DAPE,5005.205479905524,0.1935680365134434,3.8673344639009124e-05,0.00017036715700004018
TMPPP,3.128353747289846,0.0001163655169376326,3.7197045582981884e-05,0.0001638636369294356
KDOCT2,547.5404136972014,0.020304999977924492,3.708402059460305e-05,0.0001633657294916434
PRMICI,1382.88146401051,0.049436037415414524,3.574857187834778e-05,0.00015748269549932943
AIRC2,7024.639455058273,0.23366717619536545,3.326393869611449e-05,0.00014653717487275104
NDPK6,417.85701458492326,0.013653901866323294,3.267601449717518e-05,0.00014394720042808448
PSSA160,1022.6924082133563,0.03329932330878066,3.256044832380694e-05,0.00014343809834276185
ALAALAr,451.1205914670437,0.014500291411044553,3.2142827628172814e-05,0.00014159835959547495
PSSA161,1227.2308898560275,0.039248053771063225,3.198098588902664e-05,0.00014088540039218785
TMDS,437.0121753166862,0.013653901866323294,3.124375620983289e-05,0.0001376376925543299
UAMAS,469.9217449760797,0.014500291411044553,3.085682151563907e-05,0.00013593313443012805
DHPS2,11.75890328628683,0.0003490965508128885,2.9687849479976842e-05,0.00013078347788536053
IPDPS,44.51531364172936,0.001246624304769739,2.800439225932205e-05,0.0001233673667811544
DBTS,0.03728313642313874,1.0436369232074672e-06,2.7992197634954418e-05,0.0001233136459689622
DHQS,7222.036470255394,0.1988749302679532,2.7537237050385642e-05,0.00012130941431887947
AMAOTr,0.038026348034037816,1.0436369232074672e-06,2.744509996787743e-05,0.00012090352408756576
FADRx,41566.953738282136,1.1406377570349853,2.7440975449314345e-05,0.00012088535440226583
CYTK1,3491.4310422164117,0.09445070700565916,2.705214734692296e-05,0.00011917245527278837
UAAGDS,539.8960700065237,0.014500291411044553,2.6857560587298482e-05,0.00011831524487796688
PNTK,13.366410156271488,0.00035170564312103636,2.631264782459312e-05,0.00011591474812596088
NDPK4,540.1339476808276,0.013653901866323294,2.5278733034553804e-05,0.00011136005742094187
AOXSr2,0.043275212319010437,1.0436369232074672e-06,2.4116275051734553e-05,0.00010623909714420507
GTPCII2,9.891921597362154,0.00023273103387527134,2.352738359120567e-05,0.00010364486163526727
UDCPDP,673.9879345137642,0.014500291411044553,2.1514170608269883e-05,9.47760819747572e-05
ASP1DC,18.216384625949672,0.00035170564312103636,1.9307104584299527e-05,8.505332415990981e-05
DHFS,18.235595971430897,0.0003490965508128885,1.9143687508749725e-05,8.43334251486772e-05
RNDR4b,714.9252977586818,0.013653901866323294,1.909836161782049e-05,8.413375162035457e-05
PTPATi,18.50124930153112,0.00035170564312103636,1.900983211398216e-05,8.374375380608881e-05
GLUTRR,104.53088952378485,0.0018618482710021215,1.781146491227819e-05,7.846460313778937e-05
DB4PS,26.20597813171073,0.0004654620677505427,1.7761675042661622e-05,7.824526450511728e-05
U23GAAT,1198.7191463935758,0.020304999977924485,1.6938913538682844e-05,7.462076448758962e-05
DUTPDP,807.0496710586598,0.013653901866323294,1.6918291842449522e-05,7.452992001079085e-05
HMBS,13.824966471502256,0.0002327310338752652,1.6834111992604062e-05,7.415908366785931e-05
CDPMEK,75.6660797695095,0.001246624304769739,1.6475338864748223e-05,7.257858530726089e-05
DHPPDA2,14.279233383657715,0.00023273103387527134,1.629856643015774e-05,7.179985211523233e-05
APRAUR,14.279233383657715,0.00023273103387527134,1.629856643015774e-05,7.179985211523233e-05
ALAR,1466.9699675115714,0.021750437116566827,1.4826777369861364e-05,6.531619986723067e-05
DHFR,976.6383262775424,0.01400299841713618,1.4337957092579622e-05,6.316280657524063e-05
PRAMPC,3480.4313625537225,0.049436037415414524,1.4203997224970831e-05,6.25726749998715e-05
PRATPP,3480.4313625537225,0.049436037415414524,1.4203997224970831e-05,6.25726749998715e-05
GARFT,17350.66678715741,0.2337835417123031,1.347403789031005e-05,5.935699511149802e-05
TDSK,755.415655267173,0.010152499988962244,1.3439620847375132e-05,5.92053781822693e-05
USHD,761.3210071316494,0.010152499988962244,1.3335373507179016e-05,5.8746138798145445e-05
ACOAD6f_reverse,11216.662706613886,0.14509475415968776,1.2935643867951283e-05,5.698521527731842e-05
ACOAD2f_reverse,14363.783897678213,0.18570475411553672,1.2928679200301416e-05,5.695453392203267e-05
ACOAD4f_reverse,14363.783897678213,0.18570475411553672,1.2928679200301416e-05,5.695453392203267e-05
ACOAD3f_reverse,14363.783897678213,0.18570475411553672,1.2928679200301416e-05,5.695453392203267e-05
ACOAD5f_reverse,14363.783897678213,0.18570475411553672,1.2928679200301416e-05,5.695453392203267e-05
ACOAD7f_reverse,5164.506569951717,0.0665986466175613,1.2895452007951252e-05,5.6808158625335905e-05
FMNAT,9.327955364006183,0.00011636551693763877,1.247492214495996e-05,5.4955604162819204e-05
RBFK,9.327955364006183,0.00011636551693763877,1.247492214495996e-05,5.4955604162819204e-05
UGMDDS,1213.981014685798,0.014500291411044553,1.1944413656911687e-05,5.261856236524972e-05
NADK,20.266297096750588,0.00023325285233699589,1.1509396670909096e-05,5.0702187977573106e-05
BTS5,0.09314817546011316,1.0436369232074672e-06,1.1204051158837368e-05,4.935705356316021e-05
HPPK2,31.8605217160431,0.0003490965508128885,1.095702556047925e-05,4.8268835068190526e-05
GRTT,13.433002898045995,0.00014506553232564016,1.079918864208254e-05,4.7573518247059646e-05
DMATT,13.433002898045995,0.00014506553232564016,1.079918864208254e-05,4.7573518247059646e-05
GRXR,1307.8267896032833,0.013653901866323294,1.0440145419000841e-05,4.5991830039651284e-05
SDPDS,18667.7651505973,0.1935680365134434,1.0369106047343323e-05,4.567888126582962e-05
SHCHF,12.251908855407455,0.0001163655169376326,9.49774588686023e-06,4.184029025048559e-05
SHCHD2,12.251908855407455,0.0001163655169376326,9.49774588686023e-06,4.184029025048559e-05
UHGADA,2226.417205846407,0.020304999977924485,9.120033713629708e-06,4.017635997193704e-05
DXPRIi,136.9042131464921,0.001246624304769739,9.105814029520108e-06,4.011371819171853e-05
UAGPT3,1618.4182341787714,0.014500291411044553,8.9595452552488e-06,3.946936235792423e-05
CPPPGO,13.110875762798035,0.0001163655169376326,8.875495355376523e-06,3.90990984818349e-05
MECDPDH5,160.09279126189475,0.001246624304769739,7.786885936234284e-06,3.430346227415984e-05
OCTDPS,15.33352547565874,0.00011636551693743428,7.588960355018103e-06,3.3431543414176666e-05
PMPK,15.715802413947252,0.0001163655169376326,7.404363701745326e-06,3.261834229843756e-05
THZPSN3,16.278571639267252,0.0001163655169376326,7.1483862046553955e-06,3.1490688126235225e-05
UAMAGS,2222.524992761892,0.014500291411044553,6.524242228216881e-06,2.8741155190382732e-05
DHNPA2r,56.16935979779031,0.0003490965508128885,6.215070851254778e-06,2.737916674561576e-05
GLUR_reverse,2438.552351461196,0.014500291411044553,5.946270295306921e-06,2.6195023327343264e-05
PSP_L,152145.81068239606,0.8678780289700809,5.70425189545162e-06,2.5128862975557795e-05
DTMPK,2724.623787479345,0.013653901866323294,5.01129804748385e-06,2.207620285235176e-05
MEPCT,251.77515080282467,0.001246624304769739,4.951339720360334e-06,2.1812069252688698e-05
TMPK,23.60938444517947,0.0001163655169376326,4.928782332628411e-06,2.171269750056569e-05
ASPO6,250.590844153046,0.0011887024555334855,4.743598911409136e-06,2.0896911504005003e-05
LPADSS,2208.46128527256,0.010152499988962244,4.5970921277477864e-06,2.0251507170695093e-05
S2FE2SS,33.55260458295605,0.00014924008001866802,4.447943218526723e-06,1.959446351773887e-05
DASYN160,7553.936249356198,0.03329932330878066,4.408208146000527e-06,1.941941914537677e-05
DASYN161,8927.379203784598,0.039248053771063225,4.396369065898393e-06,1.9367264607481904e-05
OPHBDC,28.49022158877174,0.00011636551693743428,4.084401961383656e-06,1.7992960182306853e-05
UAPGR,4089.7202187524767,0.014500291411044553,3.545546060719944e-06,1.561914564193808e-05
PDX5PS,33.570788672241456,0.0001163655169376326,3.466272957532609e-06,1.5269924923051142e-05
DPCOAK,101.84910948337216,0.00035170564312103636,3.4532029283815746e-06,1.5212347702121473e-05
UDCPDPS,8.85946670932336,2.870001538820589e-05,3.2394743758112555e-06,1.4270812228243416e-05
CHRPL,44.09673588291997,0.00011636551693743428,2.6388691726841903e-06,1.1624974329005242e-05
ADCS,132.80445718929377,0.0003490965508128885,2.6286508615844213e-06,1.1579959742662649e-05
PAPPT3,6319.78091426164,0.014500291411044553,2.294429444274283e-06,1.0107618697243536e-05
SCYSDS,249.53482030942604,0.0005708693969944854,2.287734418333284e-06,1.0078125190895523e-05
MOAT,4491.331349873443,0.010152499988962244,2.260465594293844e-06,9.957998212748211e-06
MOAT2,4491.331349873443,0.010152499988962244,2.260465594293844e-06,9.957998212748211e-06
PMEACPE,0.505174530784073,1.0436369232074672e-06,2.0658937844464477e-06,9.10085367597554e-06
NNATr,616.4383561643834,0.0011887024555334855,1.9283395389765437e-06,8.494887836901073e-06
AGPAT161,20981.160666151853,0.039248053771063225,1.8706331072704043e-06,8.240674481367419e-06
AGPAT160,17833.986566229076,0.03329932330878066,1.8671833796172734e-06,8.225477443247901e-06
UPP3S,129.50618571906514,0.0002327310338752652,1.7970650018225646e-06,7.91658591111262e-06
UPPDC1,74.2965901534087,0.0001163655169376326,1.566229576584327e-06,6.899689764688665e-06
S2FE2SS2,90.58313826429196,0.00013567280001697098,1.4977710268893768e-06,6.598110250613994e-06
FESR,2887.17958573461,0.004074358548201953,1.4111898575111595e-06,6.216695407538147e-06
ADPT,254.70503653273846,0.0003511838246587177,1.378786338265354e-06,6.073948626719621e-06
ADCL,268.4149140699477,0.0003490965508128885,1.300585520825104e-06,5.729451633590767e-06
DPR,282.98650288744284,0.00035170564312103636,1.2428353986229737e-06,5.475045808911779e-06
UPP3MT,94.645869284945,0.0001163655169376326,1.2294833130783287e-06,5.41622604880321e-06
4HTHRA_reverse,112.97531901892602,0.0001163655169376326,1.0300083057799433e-06,4.537481523259662e-06
PPPGO,116.75588253722977,0.0001163655169376326,9.966565658953185e-07,4.390557559010213e-06
2DDARAA_reverse,296.0824055375588,0.00023273103387525586,7.860346630618459e-07,3.4627077667922726e-06
PMDPHT,349.2227872944473,0.00023273103387527134,6.664256810912058e-07,2.935795951943638e-06
S4FE4ST,246.93007140012986,0.00013567280001697098,5.494381435508694e-07,2.4204323504443585e-06
DNTPPA,635.9980298919414,0.0003490965508128885,5.488956481079059e-07,2.4180425026779997e-06
FCLT,288.15311294324096,0.0001163655169376326,4.038322395654762e-07,1.778996650068177e-06
HBZOPT,291.003144089223,0.00011636551693743428,3.9987718105807146e-07,1.7615734848373191e-06
4HTHRK,384.15226678245824,0.0001163655169376326,3.029150860211617e-07,1.3344276917231794e-06
S2FE2ST,50.734159502108184,1.4610916924904542e-05,2.879897305541724e-07,1.2686772271108918e-06
S4FE4SR,478.08356687304763,0.00013567280001697098,2.8378469668880736e-07,1.2501528488493716e-06
DXYLTD_reverse,1033.11448522313,0.00023273103387525586,2.252712910370152e-07,9.923845420132828e-07
IPDDI,810.9727690739846,0.00014506553232564016,1.788784258333166e-07,7.880106864903815e-07
S2FE2SR,76.8825445434901,1.0436369232074672e-06,1.3574432654438406e-08,5.979926279488284e-08
MALCOAMT,328.9484668732008,1.0436369232074672e-06,3.172645652152427e-09,1.3976412564548136e-08
GLCDpp,1061.3160749735111,2.6712854150900966e-11,2.5169555781549505e-14,1.1087910035924892e-13
LDH_D_reverse,77.26057833900829,0.0,0.0,0.0
FLVR,425.5800712598125,0.0,0.0,0.0
LSERDHr_reverse,102.61657294737316,0.0,0.0,0.0
GLGC,96.66593572790472,0.0,0.0,0.0
3HAD40,359.0746392149317,0.0,0.0,0.0
LPLIPAL1E161pp,146.01732822795557,0.0,0.0,0.0
CLPNS161pp_reverse,286.65422318326387,0.0,0.0,0.0
BSORx,130.30511632403696,0.0,0.0,0.0
DHNCOAT,192.70134091669453,0.0,0.0,0.0
NTD3,555.8769716119476,0.0,0.0,0.0
APCS,212.0857832581509,0.0,0.0,0.0
NADHXE,251.3764594693504,0.0,0.0,0.0
OXCDC,46.580632489686366,0.0,0.0,0.0
ECOAH8,244.74499521228145,0.0,0.0,0.0
MLDCP3App,333.3901979018337,0.0,0.0,0.0
POX,46.1683248033123,0.0,0.0,0.0
NNAM,487.1372147076449,0.0,0.0,0.0
FTHFD,58.83641235791977,0.0,0.0,0.0
CDGR,290.45262232451086,0.0,0.0,0.0
LYSDC,14.109539857774449,0.0,0.0,0.0
URIH,379.5405321736567,0.0,0.0,0.0
PLIPA1E180pp,167.2272813348551,0.0,0.0,0.0
UACGALPpp,227.6547229711956,0.0,0.0,0.0
MPTG2,86.71928536157671,0.0,0.0,0.0
3OAS60,166.74167818497978,0.0,0.0,0.0
RZ5PP,609.527227406311,0.0,0.0,0.0
5DKGR,404.5158370890284,0.0,0.0,0.0
AGM3Pt2pp,266.6191459511844,0.0,0.0,0.0
GPDDA5,400.76110632771,0.0,0.0,0.0
LSERDHr,129.59567313205937,0.0,0.0,0.0
RNDR2,40.67375507458254,0.0,0.0,0.0
LIPAabcpp,109.48956945860037,0.0,0.0,0.0
NTD6,695.9296524314984,0.0,0.0,0.0
EAR121x,126.43936044602434,0.0,0.0,0.0
AGPAT140,400.9837447000714,0.0,0.0,0.0
MTRPOX,269.71497799618595,0.0,0.0,0.0
PSD180,307.2041965359099,0.0,0.0,0.0
GMPR,73.85204965803925,0.0,0.0,0.0
APH180,1073.1425891764889,0.0,0.0,0.0
ACANTHAT,217.5485716321813,0.0,0.0,0.0
UDPGPpp,229.79996941996586,0.0,0.0,0.0
ENTERES,242.29351790396458,0.0,0.0,0.0
ASNS1,88.3264752868702,0.0,0.0,0.0
DHNPA2r_reverse,101.71210192719644,0.0,0.0,0.0
3HCINNMH,224.02987648285702,0.0,0.0,0.0
NTD5pp,311.2601584900698,0.0,0.0,0.0
ASPTA,159.88002402510003,0.0,0.0,0.0
UDPG4E,182.71536759595443,0.0,0.0,0.0
MOAT3C,337.9583111837449,0.0,0.0,0.0
ICHORS_copy2_reverse,114.2580163253839,0.0,0.0,0.0
ICHORT,427.5295549282277,0.0,0.0,0.0
ARGDCpp,39.04512895737327,0.0,0.0,0.0
ATHRDHr,123.94723727633291,0.0,0.0,0.0
HETZK,211.10323510423697,0.0,0.0,0.0
PLIPA2A181pp,182.1847814517017,0.0,0.0,0.0
IPPMIa,165.31793011677604,0.0,0.0,0.0
DURIK1,554.7356087412497,0.0,0.0,0.0
AIRC3,84.33640653362636,0.0,0.0,0.0
PPAKr,276.608002009953,0.0,0.0,0.0
GLCS1,245.0302140758466,0.0,0.0,0.0
ACM6PH,206.7728719502625,0.0,0.0,0.0
NADH18pp,22.29615469023575,0.0,0.0,0.0
EAR180x,115.57994595166876,0.0,0.0,0.0
O16AP2pp,157.7749698887917,0.0,0.0,0.0
CBPS,40.0716846729902,0.0,0.0,0.0
PLIPA1A160pp,192.1575032830114,0.0,0.0,0.0
MLDCP1App,350.2009223794716,0.0,0.0,0.0
DHACOAH_reverse,445.43920087820425,0.0,0.0,0.0
EAR60x,121.66678450112065,0.0,0.0,0.0
XYLI1_reverse,61.03461099272246,0.0,0.0,0.0
PLIPA1E161pp,183.31010986592048,0.0,0.0,0.0
TMDPP_reverse,129.05640729890206,0.0,0.0,0.0
PLIPA1A180pp,184.6396939072434,0.0,0.0,0.0
ADK3_reverse,520.6136462308149,0.0,0.0,0.0
EDTXS1,358.45533880497527,0.0,0.0,0.0
APH120,1224.5829919027553,0.0,0.0,0.0
RNDR3,46.47507593613266,0.0,0.0,0.0
LPLIPAL2A180,483.33841316835264,0.0,0.0,0.0
LCARS,154.5812284098945,0.0,0.0,0.0
ASNN,367.8776151404445,0.0,0.0,0.0
TYROXDApp,73.34218733056291,0.0,0.0,0.0
ADPRDP,308.01766356311003,0.0,0.0,0.0
TGBPA_reverse,153.52208029712298,0.0,0.0,0.0
LPLIPAL2A181,335.87368381894544,0.0,0.0,0.0
NDPK2_reverse,557.2652272534555,0.0,0.0,0.0
MN6PP,474.84647513358004,0.0,0.0,0.0
MCPST,375.46472260627417,0.0,0.0,0.0
GTPDPDP,105.85397936802856,0.0,0.0,0.0
PLIPA2G180pp,175.95938504032338,0.0,0.0,0.0
UACGAMPpp,191.90736189661976,0.0,0.0,0.0
42A12BOOXpp,73.06330363190216,0.0,0.0,0.0
DAGK181,337.4003450445462,0.0,0.0,0.0
3OAR180_reverse,115.06222110069127,0.0,0.0,0.0
MDDCP4pp,281.2618989701068,0.0,0.0,0.0
DADK_reverse,565.7498978207412,0.0,0.0,0.0
KARA2_reverse,54.494917006548576,0.0,0.0,0.0
PLIPA2E141pp,178.00097442492645,0.0,0.0,0.0
EAR100x,119.55303528394217,0.0,0.0,0.0
LPLIPAL2G161,302.9397318507992,0.0,0.0,0.0
SELR,56.95752371348575,0.0,0.0,0.0
ORPT,251.28179063945342,0.0,0.0,0.0
PLIPA2G161pp,178.81161500038445,0.0,0.0,0.0
FOMETRi,625.6548035100022,0.0,0.0,0.0
3OAS181,153.3735249124478,0.0,0.0,0.0
CYSDS,76.26506307510292,0.0,0.0,0.0
CYSSADS,152.18824900194755,0.0,0.0,0.0
NADHXE_reverse,240.73530722781337,0.0,0.0,0.0
3OAR40,116.06766919793584,0.0,0.0,0.0
DSBAO2,274.5762499797673,0.0,0.0,0.0
LDH_D2,184.1735811911973,0.0,0.0,0.0
FE3DCITR5,419.03567123857016,0.0,0.0,0.0
FACOAL140t2pp,253.28305516750007,0.0,0.0,0.0
GLCTR3,364.05309180513467,0.0,0.0,0.0
AGMH,466.93902411776116,0.0,0.0,0.0
SDPTA,386.76090330456003,0.0,0.0,0.0
PGPP180,894.8340064166937,0.0,0.0,0.0
2AGPGAT120,216.16726840148698,0.0,0.0,0.0
OAADC,261.092234499739,0.0,0.0,0.0
FACOAL80t2pp,287.2869763102425,0.0,0.0,0.0
2DGULRGx,247.1540608269413,0.0,0.0,0.0
PGPP141pp,901.2767814564764,0.0,0.0,0.0
T2DECAI_reverse,462.41898434555236,0.0,0.0,0.0
APH181,1706.9290733800656,0.0,0.0,0.0
IMPC,300.86020404959424,0.0,0.0,0.0
DSERDHr_reverse,161.68258234040425,0.0,0.0,0.0
CLPNS141pp_reverse,392.7125170310812,0.0,0.0,0.0
PRAGSr_reverse,384.2827112955046,0.0,0.0,0.0
FMNRx2,672.7556729669993,0.0,0.0,0.0
HXPRT,260.24191616678263,0.0,0.0,0.0
FA120ACPHi,770.178121692776,0.0,0.0,0.0
DGUNC,458.827769158927,0.0,0.0,0.0
CBIAT,804.107006713972,0.0,0.0,0.0
DASYN180,549.236887116978,0.0,0.0,0.0
PGPP181,887.5214202213399,0.0,0.0,0.0
F6PP,899.8657556858102,0.0,0.0,0.0
O16AP3pp,208.92915540831783,0.0,0.0,0.0
HPYRRx,475.25228274585925,0.0,0.0,0.0
GLCRD,344.05167636991905,0.0,0.0,0.0
NADPHQR4,383.94843953423566,0.0,0.0,0.0
3OAS180,197.3908692825948,0.0,0.0,0.0
ADSL1r_reverse,81.65728006627499,0.0,0.0,0.0
MSAR,783.1593925008345,0.0,0.0,0.0
AACPS6,189.39262991174115,0.0,0.0,0.0
2AGPEAT161,209.6949118959108,0.0,0.0,0.0
EAR181y,152.24725667035725,0.0,0.0,0.0
2AGPEAT120,213.2971893432466,0.0,0.0,0.0
3OAR181,166.20940491700017,0.0,0.0,0.0
NTD12pp,279.6189561686176,0.0,0.0,0.0
TALA_reverse,476.9618893512962,0.0,0.0,0.0
HCO3E_reverse,358.85771736957827,0.0,0.0,0.0
NTD3pp,280.42067687097204,0.0,0.0,0.0
DKGLCNR2y,241.84431029368145,0.0,0.0,0.0
GUAPRT,253.07296088529569,0.0,0.0,0.0
CLPNS120pp_reverse,360.7857438567395,0.0,0.0,0.0
POAACR,1287.2809516889606,0.0,0.0,0.0
PUNP1,114.03049258347008,0.0,0.0,0.0
LPLIPAL1G180pp,150.7065080866898,0.0,0.0,0.0
O16AP1pp,226.53486680870446,0.0,0.0,0.0
GUI1_reverse,337.62290913401694,0.0,0.0,0.0
DAGK120,458.85054109830367,0.0,0.0,0.0
SARCOX,445.9493308395678,0.0,0.0,0.0
HADPCOADH3_reverse,352.93785253399216,0.0,0.0,0.0
PSSA181,346.67601483282766,0.0,0.0,0.0
HKNTDH,286.924800978162,0.0,0.0,0.0
GMAND,218.18106790401657,0.0,0.0,0.0
NTD1,907.5162468526293,0.0,0.0,0.0
CCGS,723.9722111608438,0.0,0.0,0.0
CLPNS180pp,381.48127956165314,0.0,0.0,0.0
ARHGDx,104.72160703462477,0.0,0.0,0.0
EAR140x,166.04298843128842,0.0,0.0,0.0
FACOAL141t2pp,304.81433166976836,0.0,0.0,0.0
TDPDRE,873.7105589536487,0.0,0.0,0.0
PSSA140,352.73197409936785,0.0,0.0,0.0
AGPAT141,679.4078657497122,0.0,0.0,0.0
SPMDAT2,213.34921368849086,0.0,0.0,0.0
2AGPEAT141,231.5276814126394,0.0,0.0,0.0
G3PAT181,182.18239539696663,0.0,0.0,0.0
NTD6pp,297.88980829935554,0.0,0.0,0.0
DHPTPE,157.64721759901582,0.0,0.0,0.0
YUMPS,182.03347736250385,0.0,0.0,0.0
PAPA161,612.2275049704872,0.0,0.0,0.0
DHPTPE_reverse,157.89699652837882,0.0,0.0,0.0
MACPD,209.54556535166247,0.0,0.0,0.0
R15BPK,861.6758586755172,0.0,0.0,0.0
THRA2,197.1626018942286,0.0,0.0,0.0
ACP1p,181.24126643958363,0.0,0.0,0.0
PAPA141pp,618.2573595945048,0.0,0.0,0.0
NTD9pp,295.43048845850325,0.0,0.0,0.0
ACOTA,402.34174418890603,0.0,0.0,0.0
RMI_reverse,95.94793646959869,0.0,0.0,0.0
GMPS2,153.37632414893181,0.0,0.0,0.0
CYNTAH,105.72050233329658,0.0,0.0,0.0
BETALDHx,85.25322897594788,0.0,0.0,0.0
LPLIPAL1E120pp,191.02035134397164,0.0,0.0,0.0
NTD1pp,296.95659772458237,0.0,0.0,0.0
PSD181,502.847748675364,0.0,0.0,0.0
DAGK161,455.47308451200485,0.0,0.0,0.0
MOCDS,841.6189357528655,0.0,0.0,0.0
NODOy,426.7827531418333,0.0,0.0,0.0
3HAD181,441.472361557379,0.0,0.0,0.0
DHPPD,587.223684893823,0.0,0.0,0.0
LPLIPAL1E160pp,158.8964486721149,0.0,0.0,0.0
EAR141x,132.98816921147218,0.0,0.0,0.0
PAPA161pp,510.7602712490482,0.0,0.0,0.0
PGSA141,905.7820101832796,0.0,0.0,0.0
CYSTA,170.7813496093369,0.0,0.0,0.0
DHCIND,522.4797684879786,0.0,0.0,0.0
FDMO4,89.31565874050811,0.0,0.0,0.0
ACPPAT120,318.6357412387416,0.0,0.0,0.0
TMAOR2pp,144.89598183061716,0.0,0.0,0.0
UDPGALPpp,248.18252564777058,0.0,0.0,0.0
LPLIPAL2ATG140,379.24165907697363,0.0,0.0,0.0
OMPHHXy,357.2779742860318,0.0,0.0,0.0
NDPK8,643.2574569659969,0.0,0.0,0.0
PAPA180,522.8389458776829,0.0,0.0,0.0
DADK,643.4693538539813,0.0,0.0,0.0
LPLIPAL2ATE120,390.3306396122972,0.0,0.0,0.0
GLCTR2,386.3385615576616,0.0,0.0,0.0
EAR140y,136.78978249673864,0.0,0.0,0.0
LPLIPAL2ATG120,391.5870348373325,0.0,0.0,0.0
PLIPA2A160pp,223.28375787583505,0.0,0.0,0.0
LKDRA,85.00688194540508,0.0,0.0,0.0
FEENTERR4,577.9698960931007,0.0,0.0,0.0
PUNP5,120.59689234711736,0.0,0.0,0.0
ULA4NFT,32.05400018351781,0.0,0.0,0.0
TDPDRR,437.0303033269,0.0,0.0,0.0
EAR60y,128.30778407225105,0.0,0.0,0.0
LPLIPAL2ATG180,366.93157680042486,0.0,0.0,0.0
TDPAGTA,85.58352641731318,0.0,0.0,0.0
UGLCURPpp,236.08479810601082,0.0,0.0,0.0
LPLIPAL1A161pp,152.37822562721848,0.0,0.0,0.0
FBA3,183.92096507417503,0.0,0.0,0.0
NDPK8_reverse,611.2899576019672,0.0,0.0,0.0
ACPPAT181,314.5480945063388,0.0,0.0,0.0
CRNCDH_reverse,516.9628126086371,0.0,0.0,0.0
PSURIK,559.1290444702588,0.0,0.0,0.0
DHBD,138.9540501492401,0.0,0.0,0.0
MLTGY4pp,656.9154189124743,0.0,0.0,0.0
DURADx_reverse,81.72326274660702,0.0,0.0,0.0
3OAR60,143.5490126289597,0.0,0.0,0.0
PCNO_reverse,270.2279145547748,0.0,0.0,0.0
EAR80x,131.95272888445464,0.0,0.0,0.0
CSND,53.72798404739833,0.0,0.0,0.0
LPLIPAL1G161pp,162.9195710381993,0.0,0.0,0.0
PMANM_reverse,306.41276668265215,0.0,0.0,0.0
SBTPD,146.796543257517,0.0,0.0,0.0
ADK1_reverse,685.5779551428814,0.0,0.0,0.0
ALPATE160pp,197.12531635385798,0.0,0.0,0.0
3OAR60_reverse,158.170076544485,0.0,0.0,0.0
PAPA160,557.8941446454845,0.0,0.0,0.0
POR5,109.16573880690471,0.0,0.0,0.0
PAPA180pp,561.0420684118217,0.0,0.0,0.0
NTD7pp,267.7120723727476,0.0,0.0,0.0
LPLIPAL2G140,418.4863672864132,0.0,0.0,0.0
PUNP2,105.21027459946885,0.0,0.0,0.0
3OAR40_reverse,151.4026913807741,0.0,0.0,0.0
RNTR4c2,91.2611426835639,0.0,0.0,0.0
LPLIPAL2ATE161,422.22593135154676,0.0,0.0,0.0
NTD4pp,271.33083963567015,0.0,0.0,0.0
RHMND_reverse,46.71032752227196,0.0,0.0,0.0
3HPPPNH,265.8920042710784,0.0,0.0,0.0
CYTK2_reverse,440.3842978546288,0.0,0.0,0.0
NTD10pp,274.06699115480734,0.0,0.0,0.0
EDTXS3,469.7402962240868,0.0,0.0,0.0
ACCOAL,232.96420700494582,0.0,0.0,0.0
NTD11pp,265.4876846310667,0.0,0.0,0.0
GPDDA3,588.7233257690735,0.0,0.0,0.0
SUCBZL,80.33985594207795,0.0,0.0,0.0
PAPA120pp,535.3328338151633,0.0,0.0,0.0
PPCSCT,292.5752465424603,0.0,0.0,0.0
DHBD_reverse,150.01882910819762,0.0,0.0,0.0
LIPAMPL,415.3985498036962,0.0,0.0,0.0
LPLIPAL1A181pp,166.74125545303878,0.0,0.0,0.0
3OAR160_reverse,154.146903792209,0.0,0.0,0.0
EAR40y,141.5789218685793,0.0,0.0,0.0
DHPTDNR,331.08352555092614,0.0,0.0,0.0
DSERDHr,145.28574824511426,0.0,0.0,0.0
NTD8pp,260.81373125739844,0.0,0.0,0.0
PUNP4,101.96362448177419,0.0,0.0,0.0
HMPK1,258.1702965241803,0.0,0.0,0.0
CPH4S,193.0283779842759,0.0,0.0,0.0
EAR120x,143.31947677913578,0.0,0.0,0.0
ADSL2r_reverse,77.4990899310864,0.0,0.0,0.0
PUNP3,103.02729238051502,0.0,0.0,0.0
ACOXT,192.89963667778545,0.0,0.0,0.0
ASR,414.55488925093584,0.0,0.0,0.0
UAGAAT_reverse,106.32143456844622,0.0,0.0,0.0
CTBTCAL2,185.75499947915867,0.0,0.0,0.0
CDAPPA140,326.88816929576666,0.0,0.0,0.0
ASPO4,154.40299142820209,0.0,0.0,0.0
PLIPA2A120pp,140.50430367742507,0.0,0.0,0.0
PLIPA2A140pp,140.5045213738743,0.0,0.0,0.0
PLIPA2A141pp,140.50454113978918,0.0,0.0,0.0
PLIPA1E160pp,140.5047141179291,0.0,0.0,0.0
UM4PCP,277.68916082520303,0.0,0.0,0.0
E4PD,65.59102339407585,0.0,0.0,0.0
ADOCBIK,231.18078714540766,0.0,0.0,0.0
NTD10,346.7285912477137,0.0,0.0,0.0
PLIPA2E161pp,140.68446628260583,0.0,0.0,0.0
PLIPA1G160pp,140.68451176984092,0.0,0.0,0.0
PLIPA1A181pp,140.6845570459983,0.0,0.0,0.0
PLIPA2G160pp,140.68457951069186,0.0,0.0,0.0
PLIPA1G140pp,140.68459209996635,0.0,0.0,0.0
PLIPA2G120pp,140.68471069545564,0.0,0.0,0.0
PLIPA1G181pp,140.685539944185,0.0,0.0,0.0
PLIPA1G161pp,140.6879382839085,0.0,0.0,0.0
PLIPA2A161pp,140.6960448419405,0.0,0.0,0.0
3OAR180,91.41721622007566,0.0,0.0,0.0
TRPS2,64.91127519361736,0.0,0.0,0.0
NAMNPP,202.8158471195473,0.0,0.0,0.0
UM4PL,186.64037117461768,0.0,0.0,0.0
PYDAMK,150.7533199880703,0.0,0.0,0.0
PLIPA2G181pp,140.21983211787784,0.0,0.0,0.0
GPDDA4,339.307081387543,0.0,0.0,0.0
GPDDA2,339.30816505895734,0.0,0.0,0.0
DAGK141,234.0641979413097,0.0,0.0,0.0
DAGK180,234.06554258317811,0.0,0.0,0.0
LIPOCT,389.4259572909034,0.0,0.0,0.0
ALATA_D2,102.61699904670697,0.0,0.0,0.0
LIPOS,128.91760226160676,0.0,0.0,0.0
ALDD19xr_reverse,43.30032710030192,0.0,0.0,0.0
NMNAT,379.43230862687545,0.0,0.0,0.0
PYAM5PO,182.04720158229645,0.0,0.0,0.0
PYDXNK,150.75582927572503,0.0,0.0,0.0
PACOAT,156.5715982762103,0.0,0.0,0.0
PYDXK,150.75897573215246,0.0,0.0,0.0
OPHHXy,210.2189759746864,0.0,0.0,0.0
GLYOX3,149.10468464251363,0.0,0.0,0.0
TMK,287.1127022930923,0.0,0.0,0.0
I2FE2SR,89.41592467768169,0.0,0.0,0.0
I2FE2ST,155.70510161004646,0.0,0.0,0.0
KAS14,109.85987216432429,0.0,0.0,0.0
AM3PA,456.12924762127363,0.0,0.0,0.0
PGPP161pp,489.6776437447537,0.0,0.0,0.0
PAPA140pp,327.08590642045664,0.0,0.0,0.0
I2FE2SS2,91.29699755641771,0.0,0.0,0.0
LCARSyi,250.16826194112375,0.0,0.0,0.0
APH141,922.7510845841666,0.0,0.0,0.0
APH140,922.756046039729,0.0,0.0,0.0
I4FE4ST,158.2266097967799,0.0,0.0,0.0
FA80ACPHi,414.0823675259461,0.0,0.0,0.0
FA100ACPHi,414.08773090139397,0.0,0.0,0.0
PGPP181pp,489.6890282777409,0.0,0.0,0.0
APG3PAT181,427.2158666089919,0.0,0.0,0.0
PGPP140pp,489.70000339889083,0.0,0.0,0.0
PGPP160,489.73639660934913,0.0,0.0,0.0
NTP3pp,101.0930992831012,0.0,0.0,0.0
METSOXR1,270.9471723953351,0.0,0.0,0.0
NTPP7,581.3955091107895,0.0,0.0,0.0
MCOATA_reverse,231.8469262264137,0.0,0.0,0.0
NTPP8,221.2689707181036,0.0,0.0,0.0
NTD12,470.06825287583314,0.0,0.0,0.0
FEROpp,167.72579013441498,0.0,0.0,0.0
VALTA,46.309273750390474,0.0,0.0,0.0
PLIPA2E160pp,141.41535069798857,0.0,0.0,0.0
UM3PL,188.9012842337005,0.0,0.0,0.0
ACBIPGT,232.58550369470345,0.0,0.0,0.0
PUNP4_reverse,60.2593419953179,0.0,0.0,0.0
CPPPGO2,177.95856507804058,0.0,0.0,0.0
EAR141y,84.20385309692273,0.0,0.0,0.0
EAR161y,84.22734700212999,0.0,0.0,0.0
DAGK140,237.05070254693715,0.0,0.0,0.0
DAGK160,237.0512945588161,0.0,0.0,0.0
ADK4,399.42077325532097,0.0,0.0,0.0
I2FE2SS,90.56524961644794,0.0,0.0,0.0
PUNP6_reverse,60.78783165006954,0.0,0.0,0.0
TAUDO,72.68203535843243,0.0,0.0,0.0
MTAN,193.6317973881033,0.0,0.0,0.0
URIK2,387.36848015242407,0.0,0.0,0.0
QUINDH,151.13541741653268,0.0,0.0,0.0
PAPA160pp,325.56444949054656,0.0,0.0,0.0
3HAD180,249.08632322124728,0.0,0.0,0.0
4ABZGLUH,47.84008537992752,0.0,0.0,0.0
METSOXR2,347.1367592028704,0.0,0.0,0.0
AGPAT120,338.7671364722508,0.0,0.0,0.0
AGPAT180,338.76644358399034,0.0,0.0,0.0
DCTPD,170.47146991739322,0.0,0.0,0.0
LPLIPAL2E140,238.59724533907328,0.0,0.0,0.0
3HAD161,245.1368959436556,0.0,0.0,0.0
EAR80y,83.44140984139004,0.0,0.0,0.0
3OAR120,90.96166568858736,0.0,0.0,0.0
EAR100y,83.4414238559142,0.0,0.0,0.0
3HAD80,245.13697098694976,0.0,0.0,0.0
3OAR160,90.96167649636351,0.0,0.0,0.0
3HAD100,245.1369867494682,0.0,0.0,0.0
EAR121y,83.44143874971066,0.0,0.0,0.0
EAR180y,83.44143903681999,0.0,0.0,0.0
3OAR80,90.96170251327251,0.0,0.0,0.0
EAR160x,83.44145657740556,0.0,0.0,0.0
3OAR141,90.96171032812605,0.0,0.0,0.0
EAR160y,83.44146041749285,0.0,0.0,0.0
3OAR100,90.96174870795728,0.0,0.0,0.0
LPLIPAL1G140pp,98.42498839013383,0.0,0.0,0.0
3HAD121,245.1372049997232,0.0,0.0,0.0
PLIPA1A120pp,140.21648202899902,0.0,0.0,0.0
PLIPA1E141pp,140.21648376285123,0.0,0.0,0.0
PLIPA1A140pp,140.21649511581379,0.0,0.0,0.0
3OAR121,90.961637089549,0.0,0.0,0.0
EAR161x,83.44138787752634,0.0,0.0,0.0
EAR120y,83.44137537929835,0.0,0.0,0.0
PERD,0.8702452278531655,0.0,0.0,0.0
NADPHHS,243.95061274889187,0.0,0.0,0.0
NADHHS,2174.9491754028004,0.0,0.0,0.0
NADPHHR,255.5537197635967,0.0,0.0,0.0
OHPBAT,0.04524511541274857,0.0,0.0,0.0
I4FE4SR,0.5199081495602444,0.0,0.0,0.0
ADNK1,1.2210633426609006,0.0,0.0,0.0
PUNP1_reverse,0.2312146153327403,0.0,0.0,0.0
GCALDD,0.34434734699499553,0.0,0.0,0.0
BMOCOS,0.8169332100369322,0.0,0.0,0.0
3HAD141,245.13678101960826,0.0,0.0,0.0
MOCOS,0.8169332100369322,0.0,0.0,0.0
PDX5POi,2.1139042049077807,0.0,0.0,0.0
DMPPS,5.693819186732828,0.0,0.0,0.0
GART,10.180587599007394,0.0,0.0,0.0
PPPGO3,5.0880275884162565,0.0,0.0,0.0
MPTAT,38.45006047088759,0.0,0.0,0.0
MPTSS,114.52588715457442,0.0,0.0,0.0
IMPD,31.14040188418653,0.0,0.0,0.0
PLIPA2A180pp,140.21652035467076,0.0,0.0,0.0
LPLIPAL2A140,238.59543315126626,0.0,0.0,0.0
PLIPA1E181pp,140.21654162828318,0.0,0.0,0.0
PLIPA1A141pp,140.21693246871902,0.0,0.0,0.0
3OAS141,109.12153200995931,0.0,0.0,0.0
3OAS80,109.1215339459746,0.0,0.0,0.0
LPLIPAL1E180pp,98.42518235004007,0.0,0.0,0.0
PLIPA2E181pp,140.2167673155294,0.0,0.0,0.0
G3PAT180,92.98109121084572,0.0,0.0,0.0
PGPP141,478.9378352670962,0.0,0.0,0.0
3OAS121,109.12165218370787,0.0,0.0,0.0
3OAS100,109.12167435988295,0.0,0.0,0.0
LPLIPAL2A120,238.59622995358959,0.0,0.0,0.0
3OAR161,90.96192064451513,0.0,0.0,0.0
PAPA181pp,320.45689741672487,0.0,0.0,0.0
LPLIPAL2A141,238.596300505666,0.0,0.0,0.0
AACPS9,104.09820495973223,0.0,0.0,0.0
AACPS2,104.09821648878716,0.0,0.0,0.0
AACPS5,104.09822687612984,0.0,0.0,0.0
AACPS1,104.0982486358218,0.0,0.0,0.0
FACOAE80,72.73346078255791,0.0,0.0,0.0
LPLIPAL2E120,238.59659328395543,0.0,0.0,0.0
LPLIPAL1G141pp,98.42517184083582,0.0,0.0,0.0
PLIPA1E120pp,140.21671005317648,0.0,0.0,0.0
3OAS120,109.12138826375799,0.0,0.0,0.0
3OAS161,109.12144537034212,0.0,0.0,0.0
3HAD120,245.13734818032532,0.0,0.0,0.0
LPLIPAL1A180pp,98.42505925582556,0.0,0.0,0.0
PLIPA1E140pp,140.21656958099578,0.0,0.0,0.0
PLIPA2E180pp,140.21657001822805,0.0,0.0,0.0
PLIPA1G120pp,140.21657668225123,0.0,0.0,0.0
LPLIPAL2G141,238.59551324711444,0.0,0.0,0.0
3OAS160,109.12143451692312,0.0,0.0,0.0
3HAD160,245.1374662410611,0.0,0.0,0.0
T2DECAI,245.13748340059203,0.0,0.0,0.0
PGPP120,478.937461337618,0.0,0.0,0.0
LPLIPAL2G120,238.59558969991002,0.0,0.0,0.0
LPLIPAL1E181pp,98.42511860690071,0.0,0.0,0.0
PLIPA2G141pp,140.2166520218978,0.0,0.0,0.0
LPLIPAL2E141,238.5956234109748,0.0,0.0,0.0
LPLIPAL1G181pp,98.42512588820236,0.0,0.0,0.0
LPLIPAL2E181,238.59564614157105,0.0,0.0,0.0
PLIPA2G140pp,140.21668767894482,0.0,0.0,0.0
PLIPA1G141pp,140.2167068417807,0.0,0.0,0.0
PGPP180pp,490.41787528130976,0.0,0.0,0.0
PAI2T,29.860862386730627,0.0,0.0,0.0
TYRPpp,91.33891064625307,0.0,0.0,0.0
PGSA140,460.7414458518109,0.0,0.0,0.0
2MAHMP,583.4077141496824,0.0,0.0,0.0
NTPP2,681.4671818370615,0.0,0.0,0.0
FLVRx,387.8681255239692,0.0,0.0,0.0
NADHPO,31.85914518508332,0.0,0.0,0.0
NTD5,503.54166724265616,0.0,0.0,0.0
NTP10,280.02784603009445,0.0,0.0,0.0
MALTATr_reverse,169.23511660695328,0.0,0.0,0.0
VPAMTr_reverse,218.53000993337795,0.0,0.0,0.0
NDPK5_reverse,433.4749758331213,0.0,0.0,0.0
BWCOS,116.09611593643804,0.0,0.0,0.0
FACOAE60,80.06335995770549,0.0,0.0,0.0
LIPACabcpp,79.51293935684842,0.0,0.0,0.0
HPYRI_reverse,174.4930931718035,0.0,0.0,0.0
BMOGDS2,473.8545901889303,0.0,0.0,0.0
ALLPI_reverse,319.1060970678081,0.0,0.0,0.0
NTPP6,168.7093567405293,0.0,0.0,0.0
NADH9,255.16674417451657,0.0,0.0,0.0
HEMEOS,319.29183062778117,0.0,0.0,0.0
MLTP3_reverse,56.88783593894992,0.0,0.0,0.0
APH161,986.8924843200841,0.0,0.0,0.0
CYANSTpp,885.5762829729941,0.0,0.0,0.0
UPPRT,150.18884183089295,0.0,0.0,0.0
ALKP,484.67133803020243,0.0,0.0,0.0
GOFUCR,138.6550011551929,0.0,0.0,0.0
NTP11,275.29858532393695,0.0,0.0,0.0
ADOCBLS,380.3578686859499,0.0,0.0,0.0
GTHOr_reverse,102.94014588138808,0.0,0.0,0.0
DGK1_reverse,213.06482767974842,0.0,0.0,0.0
DKGLCNR1,341.67859617893237,0.0,0.0,0.0
CBMKr_reverse,317.98350877414737,0.0,0.0,0.0
DHNPTE_reverse,92.37700727448278,0.0,0.0,0.0
ACOXT_reverse,120.91397386671787,0.0,0.0,0.0
APPLDHr,32.766708783019304,0.0,0.0,0.0
MGSA,99.4137851376445,0.0,0.0,0.0
LPLIPAL2G180,259.01719700448706,0.0,0.0,0.0
LPLIPAL2G181,259.0177221684886,0.0,0.0,0.0
FEOXAMR2,335.92651663080153,0.0,0.0,0.0
LPLIPAL2A160,259.7271735811978,0.0,0.0,0.0
RMPA_reverse,83.99237050306016,0.0,0.0,0.0
LPLIPAL2G160,260.0612248353571,0.0,0.0,0.0
CRNCAL2,173.21446231243308,0.0,0.0,0.0
CDAPPA161,362.3780719698568,0.0,0.0,0.0
5DGLCNR,374.66129225366166,0.0,0.0,0.0
HEPT1,291.0502633370658,0.0,0.0,0.0
ENTCS,463.1633554900123,0.0,0.0,0.0
G2PP,363.7321749205576,0.0,0.0,0.0
GLYOX,373.5968882761725,0.0,0.0,0.0
NADDP,179.15765697338574,0.0,0.0,0.0
FRULYSDG_reverse,23.01450473909688,0.0,0.0,0.0
FE3DHBZS3R,370.2642643391521,0.0,0.0,0.0
REPHACCOAI_reverse,376.8174007027032,0.0,0.0,0.0
PSSA141,203.128607168695,0.0,0.0,0.0
PLIPA1G180pp,161.80173294756378,0.0,0.0,0.0
FBA3_reverse,137.5947023098685,0.0,0.0,0.0
PGLYCP,386.6796357688431,0.0,0.0,0.0
SPODMpp,610.2535461795146,0.0,0.0,0.0
CLPNS140pp,226.6211502409019,0.0,0.0,0.0
GALUi,82.03425699519612,0.0,0.0,0.0
NADPHXD,198.03966093321137,0.0,0.0,0.0
GP4GH,346.0028523774071,0.0,0.0,0.0
HEPT2,277.5696717133556,0.0,0.0,0.0
UDPKAAT,260.3172423396992,0.0,0.0,0.0
RNDR4,40.16205523320428,0.0,0.0,0.0
UGLT_reverse,133.79761071188048,0.0,0.0,0.0
PGSA160,510.02419881549315,0.0,0.0,0.0
URDGLYCD,136.24348080311637,0.0,0.0,0.0
UDPGDC,23.397431087154583,0.0,0.0,0.0
NDPK7_reverse,438.9216679386077,0.0,0.0,0.0
LPLIPAL1A141pp,109.80535143922123,0.0,0.0,0.0
ACGAMT,126.80105695572823,0.0,0.0,0.0
ARGDC,12.31419335023507,0.0,0.0,0.0
G1PTT,79.52752913036363,0.0,0.0,0.0
GLCATr,172.64528513136943,0.0,0.0,0.0
ARGSL_reverse,207.1652326593559,0.0,0.0,0.0
GGPTRCS,16.342214161813526,0.0,0.0,0.0
TRPS1,72.72198400020082,0.0,0.0,0.0
LPLIPAL2E161,270.50732997590967,0.0,0.0,0.0
GPDDA1,380.8291664234428,0.0,0.0,0.0
ASPO3,173.0424857551038,0.0,0.0,0.0
3OAR140_reverse,102.18036593858444,0.0,0.0,0.0
13PPDH2_reverse,124.13526842767892,0.0,0.0,0.0
GLYAT,121.30095681406776,0.0,0.0,0.0
PYNP2r_reverse,64.23200832134124,0.0,0.0,0.0
PLIPA2E120pp,158.16617902702248,0.0,0.0,0.0
CLPNS181pp_reverse,220.9695040255283,0.0,0.0,0.0
ADK3,424.8705918765369,0.0,0.0,0.0
ALR2,340.172512976954,0.0,0.0,0.0
GLCATr_reverse,165.87264181926753,0.0,0.0,0.0
NTD7,479.7249737348803,0.0,0.0,0.0
QUINDHyi,154.68336008300298,0.0,0.0,0.0
DURIPP_reverse,102.445160823266,0.0,0.0,0.0
PAI2I,859.9285746779207,0.0,0.0,0.0
3HAD140,255.38972233717558,0.0,0.0,0.0
ACPPAT140,206.9723225551714,0.0,0.0,0.0
ACPPAT180,207.0063629572715,0.0,0.0,0.0
FDMO6,58.12595833600387,0.0,0.0,0.0
G3PAT141,97.06922214334992,0.0,0.0,0.0
NTD2,384.2899512659778,0.0,0.0,0.0
2AGPGAT160,119.56828081784387,0.0,0.0,0.0
NTD9,480.13805717106897,0.0,0.0,0.0
FDMO,58.25940376207508,0.0,0.0,0.0
LPLIPAL2ATG141,249.53746074097648,0.0,0.0,0.0
LPLIPAL2ATE180,249.5389088287586,0.0,0.0,0.0
PRPPS_reverse,284.27613312175066,0.0,0.0,0.0
2AGPGAT180,120.66116230483273,0.0,0.0,0.0
PPA2,361.9989683796524,0.0,0.0,0.0
RU5PP,423.4881211805104,0.0,0.0,0.0
PLIPA2E140pp,145.52515796901076,0.0,0.0,0.0
ASPO5,159.87286051437417,0.0,0.0,0.0
MPTS,189.47296565523132,0.0,0.0,0.0
TRE6PP,328.26746052311375,0.0,0.0,0.0
PGSA120,460.743791870767,0.0,0.0,0.0
PGPP160pp,491.22470772114684,0.0,0.0,0.0
PAPA141,328.82402059866376,0.0,0.0,0.0
DASYN120,303.44481490312774,0.0,0.0,0.0
PGPP161,491.6904772351568,0.0,0.0,0.0
NTPP4,635.0535450382491,0.0,0.0,0.0
LGTHL,320.2927167498333,0.0,0.0,0.0
CYTDK2,392.52043284017225,0.0,0.0,0.0
HPYRRy,271.5712263109944,0.0,0.0,0.0
2AGPGAT141,119.52466090458486,0.0,0.0,0.0
DASYN181,305.2183073587293,0.0,0.0,0.0
HCYSMT2,287.3346542479984,0.0,0.0,0.0
LPLIPAL1A120pp,101.6784194177922,0.0,0.0,0.0
LPLIPAL1G120pp,101.67843309139938,0.0,0.0,0.0
LPLIPAL1E140pp,101.67851100556044,0.0,0.0,0.0
LPLIPAL1E141pp,101.69619825037094,0.0,0.0,0.0
2DGULRGy,135.76698698987158,0.0,0.0,0.0
2AGPGAT161,119.52460090458487,0.0,0.0,0.0
LPLIPAL1G160pp,103.20457243519323,0.0,0.0,0.0
NTPP11,232.06791751925599,0.0,0.0,0.0
TMDK1,425.61510747508163,0.0,0.0,0.0
NTD8,490.7126232535177,0.0,0.0,0.0
RNDR1,36.550327802221744,0.0,0.0,0.0
G3PAT120,98.84379399326141,0.0,0.0,0.0
PUNP5_reverse,63.54871068950125,0.0,0.0,0.0
DGK1,209.77437048324268,0.0,0.0,0.0
NDPK7,420.63176994827455,0.0,0.0,0.0
PGPP140,510.9261223806655,0.0,0.0,0.0
G1PP,436.4622700158368,0.0,0.0,0.0
PPAKr_reverse,229.0908145149952,0.0,0.0,0.0
AI2K,172.75282964636367,0.0,0.0,0.0
R5PP,475.5263110809536,0.0,0.0,0.0
CBLAT,452.2673686411593,0.0,0.0,0.0
ECA4OALpp,212.29213047995103,0.0,0.0,0.0
AGM4PH,264.7829402548764,0.0,0.0,0.0
AGM3PH,264.78352379457743,0.0,0.0,0.0
CURR,132.52991120712576,0.0,0.0,0.0
DHCURR,132.53088247806434,0.0,0.0,0.0
IDOND2,268.5027760817949,0.0,0.0,0.0
CYTDK1,409.86379968053353,0.0,0.0,0.0
NDPK6_reverse,418.9696649283474,0.0,0.0,0.0
NADH5,473.77234457114525,0.0,0.0,0.0
PGSA181,471.8219921644783,0.0,0.0,0.0
LKDRA_reverse,56.59733430741919,0.0,0.0,0.0
LPLIPAL2ATE181,250.62915866007492,0.0,0.0,0.0
13PPDH2,116.2004331781362,0.0,0.0,0.0
APG3PAT120,440.9002539043137,0.0,0.0,0.0
LPLIPAL2ATE140,251.30290931107825,0.0,0.0,0.0
ACOATA_reverse,129.53635314220472,0.0,0.0,0.0
PUNP3_reverse,62.96349389689753,0.0,0.0,0.0
NDPK1_reverse,415.7494719325024,0.0,0.0,0.0
ARHGDx_reverse,55.51025624338225,0.0,0.0,0.0
CLPNS180pp_reverse,206.24900418822887,0.0,0.0,0.0
G3PT,363.50275481353316,0.0,0.0,0.0
FDMO2,58.855509991009036,0.0,0.0,0.0
PUNP2_reverse,63.220781749459704,0.0,0.0,0.0
COLIPAabcpp,76.38756600533348,0.0,0.0,0.0
METNA,255.83842032938492,0.0,0.0,0.0
NTP12,270.489521953148,0.0,0.0,0.0
NDPK5,418.25292516747226,0.0,0.0,0.0
2DOXG6PP,428.7954100925805,0.0,0.0,0.0
G6PP,429.03218311818136,0.0,0.0,0.0
AMANK,638.9236642277164,0.0,0.0,0.0
ANHMK,553.2921498975853,0.0,0.0,0.0
PUNP7,106.91379141791107,0.0,0.0,0.0
GALKr,1070.0038077220986,0.0,0.0,0.0
HEX1,1369.7756450316933,0.0,0.0,0.0
23PDE4pp,682.0442366607277,0.0,0.0,0.0
EDD,747.6722557589073,0.0,0.0,0.0
METGLCUR,176.9319743378088,0.0,0.0,0.0
ACACT2r_reverse,1044.9832475473077,0.0,0.0,0.0
GSPMDS,344.9954224291261,0.0,0.0,0.0
TAGURr_reverse,889.5804038804341,0.0,0.0,0.0
MLTG3,708.1222588027404,0.0,0.0,0.0
ACACT1r_reverse,1054.293022855976,0.0,0.0,0.0
CYTBDpp,489.5956521435825,0.0,0.0,0.0
UDPGD,564.9538628487136,0.0,0.0,0.0
AAMYLpp,655.0832103464809,0.0,0.0,0.0
4PEPTabcpp,245.84688054522925,0.0,0.0,0.0
GAL1PPpp,546.5025423079534,0.0,0.0,0.0
ICHORS_copy1,1166.3721971694506,0.0,0.0,0.0
GLYAT_reverse,580.7655388065742,0.0,0.0,0.0
HPYRI,854.3305514944285,0.0,0.0,0.0
2HPTCOAT,785.4337192653377,0.0,0.0,0.0
GLYCTO2,367.7479493425251,0.0,0.0,0.0
NTPP3,3364.226507865825,0.0,0.0,0.0
GLXCL,392.9434877011667,0.0,0.0,0.0
APG3PAT180,2139.0472780195914,0.0,0.0,0.0
LYXI,251.32171074027352,0.0,0.0,0.0
SHCHCS3,1707.6970345779266,0.0,0.0,0.0
ECOAH2_reverse,587.9062998071937,0.0,0.0,0.0
XYLK2,403.7041837662508,0.0,0.0,0.0
MLTG2,645.6642835416637,0.0,0.0,0.0
FACOAE180,350.62162009552236,0.0,0.0,0.0
3NTD2pp,632.9957640734017,0.0,0.0,0.0
PYNP2r,275.98335799256853,0.0,0.0,0.0
KDUI,241.37685405672119,0.0,0.0,0.0
PYK3,219.15467505498265,0.0,0.0,0.0
ARABDI_reverse,115.63001179910736,0.0,0.0,0.0
ALR4x,145.7613682185461,0.0,0.0,0.0
DTARTD,378.0153884931945,0.0,0.0,0.0
3NTD4pp,662.3761385358637,0.0,0.0,0.0
ADNUC,1400.4166540748386,0.0,0.0,0.0
GLYK,203.0491397726601,0.0,0.0,0.0
ECOAH6_reverse,597.5729150069675,0.0,0.0,0.0
UDPGPT_reverse,885.4240995649519,0.0,0.0,0.0
AGM4PCP,1383.521961421017,0.0,0.0,0.0
ARAI,138.38252439708373,0.0,0.0,0.0
KARA1,73.82442997631269,0.0,0.0,0.0
3KGK,424.6162095445822,0.0,0.0,0.0
BUTCT,504.43280331541746,0.0,0.0,0.0
HOPNTAL,1394.9567896156884,0.0,0.0,0.0
MLTG5,743.2318045798872,0.0,0.0,0.0
FADRx2,96.89318868104964,0.0,0.0,0.0
DCYTD,932.2910082007364,0.0,0.0,0.0
UAG2E,677.1179883346036,0.0,0.0,0.0
AMALT1,729.6238989344424,0.0,0.0,0.0
23PDE7pp,810.8551545765907,0.0,0.0,0.0
FEOXAMR3,1916.598654724901,0.0,0.0,0.0
DRPA,2081.9375960019893,0.0,0.0,0.0
GSPMDA,410.1520886633648,0.0,0.0,0.0
GDPMNP,1344.794254815816,0.0,0.0,0.0
SERASr,412.80830573768753,0.0,0.0,0.0
NTPTP2,164.90402023477003,0.0,0.0,0.0
XYLI2_reverse,296.31867692292235,0.0,0.0,0.0
SERAT_reverse,323.12677041133645,0.0,0.0,0.0
GGPTRCO,1253.1655012243084,0.0,0.0,0.0
UDPG4E_reverse,799.4852619475059,0.0,0.0,0.0
MAN6PI_reverse,1399.0097773628934,0.0,0.0,0.0
FCI_reverse,154.2223669522393,0.0,0.0,0.0
G3PD5,531.5030419969498,0.0,0.0,0.0
ME1,241.07072720245674,0.0,0.0,0.0
L_LACD3,1428.8699706517007,0.0,0.0,0.0
ENO_reverse,568.1456334964773,0.0,0.0,0.0
PROD3,214.1909475114409,0.0,0.0,0.0
GLYCTO3,415.82865122214866,0.0,0.0,0.0
O16AUNDtpp,1246.4471548567074,0.0,0.0,0.0
DMSOR1,357.59745048017334,0.0,0.0,0.0
DDPGALA_reverse,2518.357242901088,0.0,0.0,0.0
CTECOAI8_reverse,326.1488250984058,0.0,0.0,0.0
BSORy,608.9989386225158,0.0,0.0,0.0
CFAS160E,598.514195381357,0.0,0.0,0.0
23PDE2pp,742.9971042830803,0.0,0.0,0.0
GALM2pp,1378.8342349537188,0.0,0.0,0.0
POR5_reverse,356.71241612500563,0.0,0.0,0.0
THRA,586.6359072613567,0.0,0.0,0.0
SQVOSI,186.86854050274425,0.0,0.0,0.0
ECAP1pp,393.4832550784755,0.0,0.0,0.0
TRSARr,1771.7675506287094,0.0,0.0,0.0
ASNNpp,380.09593901879737,0.0,0.0,0.0
MTHFC_reverse,869.4502130058386,0.0,0.0,0.0
ECAP3pp,399.4148255446215,0.0,0.0,0.0
AM4PCP,1622.8014117822297,0.0,0.0,0.0
MDDCP1pp,1302.1374680398576,0.0,0.0,0.0
MNNH,1223.1030694946248,0.0,0.0,0.0
IPDDI_reverse,2686.5841786008605,0.0,0.0,0.0
CPL,1746.6703055424716,0.0,0.0,0.0
ECOAH1_reverse,722.5238031352421,0.0,0.0,0.0
3NTD7pp,790.1268536061282,0.0,0.0,0.0
LDGUNPD,596.254673273957,0.0,0.0,0.0
EDA,663.2182291954928,0.0,0.0,0.0
MLDCP2App,1795.1054279154919,0.0,0.0,0.0
EAR40x,396.38416609992487,0.0,0.0,0.0
XYLI2,186.79447293032044,0.0,0.0,0.0
DSBDR,505.43596479429146,0.0,0.0,0.0
DHORTS,479.89092548045966,0.0,0.0,0.0
4PCPpp,1772.327735741445,0.0,0.0,0.0
FORCT,407.50317010050577,0.0,0.0,0.0
BGLA1,703.6384221515773,0.0,0.0,0.0
GPDDA1pp,458.4540823659176,0.0,0.0,0.0
MCITD,694.2847993950155,0.0,0.0,0.0
OMBZLM,1341.6843822578114,0.0,0.0,0.0
AGM4Pt2pp,707.6335735427797,0.0,0.0,0.0
DXYLK,358.70645793047095,0.0,0.0,0.0
ARAI_reverse,112.71845118903923,0.0,0.0,0.0
G1SAT_reverse,420.41433735763036,0.0,0.0,0.0
ADA,1048.369587471667,0.0,0.0,0.0
PHYTSpp,405.8783428980053,0.0,0.0,0.0
MLDCP1Bpp,1110.332030164773,0.0,0.0,0.0
DURADx,214.0482997998843,0.0,0.0,0.0
AGMHE,219.79318892298664,0.0,0.0,0.0
HKNDDH,600.6049482660637,0.0,0.0,0.0
INSK,396.5685417389079,0.0,0.0,0.0
FCI,98.6488384035295,0.0,0.0,0.0
DADA,1020.320079675802,0.0,0.0,0.0
DHMPTR,1408.0692925160254,0.0,0.0,0.0
ACACT3r_reverse,794.3179765959962,0.0,0.0,0.0
ORNDC,225.0506522598664,0.0,0.0,0.0
GUI2,645.4316352765103,0.0,0.0,0.0
RMI,184.79545402541763,0.0,0.0,0.0
AGMT,520.7266020106058,0.0,0.0,0.0
DSBCGT,684.9327992147267,0.0,0.0,0.0
PRCPD,632.0148086038495,0.0,0.0,0.0
MCITS,408.8531342947691,0.0,0.0,0.0
3HAD60,932.9466897393387,0.0,0.0,0.0
HPPPNDO,259.4751483723997,0.0,0.0,0.0
ACACT5r_reverse,762.9773613006523,0.0,0.0,0.0
PGAMT,757.9458412909413,0.0,0.0,0.0
ALR2x,1017.2815519282117,0.0,0.0,0.0
MOADSUx,334.67283343965215,0.0,0.0,0.0
PTRCTA,363.721428233425,0.0,0.0,0.0
GLYCL,100.36681666719768,0.0,0.0,0.0
ACPPAT141,781.3000806761429,0.0,0.0,0.0
GHMT2r_reverse,404.2680401883637,0.0,0.0,0.0
GPDDA3pp,449.35182973482836,0.0,0.0,0.0
PAPA120,1268.206567934586,0.0,0.0,0.0
HACD3_reverse,477.6594445208519,0.0,0.0,0.0
ULA4Ntppi,1402.9680615440827,0.0,0.0,0.0
PRMICI_reverse,1478.4228194648251,0.0,0.0,0.0
MCITL2,300.36752072918165,0.0,0.0,0.0
PSD120,1075.611902800659,0.0,0.0,0.0
GTHS,299.8339888051202,0.0,0.0,0.0
FE3Ri,1584.0094436399663,0.0,0.0,0.0
HACD1_reverse,540.0537882660675,0.0,0.0,0.0
FRULYSDG,89.99089433978897,0.0,0.0,0.0
LDH_D,286.84871177616964,0.0,0.0,0.0
TMAOR2,292.90107721498083,0.0,0.0,0.0
AP5AH,1350.2793342429072,0.0,0.0,0.0
TREHpp,666.2792871094825,0.0,0.0,0.0
AB6PGH,799.4029722917177,0.0,0.0,0.0
MANAO,794.1399884658888,0.0,0.0,0.0
MDH2,708.3667304780374,0.0,0.0,0.0
LPLIPAL2ATG160,1056.303096081666,0.0,0.0,0.0
MLDEP1pp,708.1242001018692,0.0,0.0,0.0
MICITDr_reverse,228.2643179914886,0.0,0.0,0.0
AMALT2,549.4555970115982,0.0,0.0,0.0
SPODM,1014.4477569618823,0.0,0.0,0.0
SBTPD_reverse,389.7560380143855,0.0,0.0,0.0
23PDE9pp,614.7400384288501,0.0,0.0,0.0
PSCVT_reverse,946.9472815310723,0.0,0.0,0.0
GLUN,652.4086696941125,0.0,0.0,0.0
UDPKAAT_reverse,1059.6521534317094,0.0,0.0,0.0
NNATr_reverse,1685.8000742009133,0.0,0.0,0.0
GPDDA2pp,503.9041754655288,0.0,0.0,0.0
DHORD5,1051.1950955145549,0.0,0.0,0.0
PGPP120pp,2034.2904697163985,0.0,0.0,0.0
ABUTD,190.3602452783789,0.0,0.0,0.0
ASCBPL,161.61636330731724,0.0,0.0,0.0
APG3PAT140,1752.1587796371896,0.0,0.0,0.0
ECOAH3_reverse,505.7789658268482,0.0,0.0,0.0
PPK2,242.6787425946302,0.0,0.0,0.0
CRNCDH,1398.9301235890487,0.0,0.0,0.0
6D6SPA,1233.2351543007221,0.0,0.0,0.0
MAN6PI,920.936615402567,0.0,0.0,0.0
3NTD9pp,557.2265160477863,0.0,0.0,0.0
HCYSMT,1183.1009807676194,0.0,0.0,0.0
GPDDA4pp,503.6837138726378,0.0,0.0,0.0
HACD2_reverse,515.1391718414682,0.0,0.0,0.0
FRD2,327.55756233057184,0.0,0.0,0.0
GARFT_reverse,1723.5489515153863,0.0,0.0,0.0
FRD3,331.1060174926537,0.0,0.0,0.0
TARTD,363.3756329742119,0.0,0.0,0.0
GDPDPK,508.3080287462945,0.0,0.0,0.0
MLTG4,591.798775799887,0.0,0.0,0.0
CU1Opp,723.1775706288612,0.0,0.0,0.0
3OAR80_reverse,401.62374346154,0.0,0.0,0.0
GLYCK2,1578.9890178317985,0.0,0.0,0.0
GLYCLTDy,1772.2240780456889,0.0,0.0,0.0
CLPNS160pp_reverse,402.0446083113777,0.0,0.0,0.0
NADH17pp,249.2800109619621,0.0,0.0,0.0
P5CD,614.4049044902432,0.0,0.0,0.0
ACONMT,6096.849031234917,0.0,0.0,0.0
DSBGGT,3217.4321440261865,0.0,0.0,0.0
ACKr_reverse,4203.201955049878,0.0,0.0,0.0
GLUDy,617.9252501473472,0.0,0.0,0.0
GDPTPDP,2329.792908961665,0.0,0.0,0.0
ACOAD4f,2082.3571242843886,0.0,0.0,0.0
G6PDH2r_reverse,499.8548746598114,0.0,0.0,0.0
CAT,595.8858821107339,0.0,0.0,0.0
NTRIR2x,1842.9187735341586,0.0,0.0,0.0
MDDEP2pp,9242.818550380229,0.0,0.0,0.0
CRNCAR,7203.002458301112,0.0,0.0,0.0
ACOAD6f,2338.383910679141,0.0,0.0,0.0
PFK_3,1498.1896874609847,0.0,0.0,0.0
PGM,2920.0270741130266,0.0,0.0,0.0
ALLTAMH2,2385.7832406880552,0.0,0.0,0.0
NTPP9,5215.739600786165,0.0,0.0,0.0
GLBRAN2,2623.4839127357063,0.0,0.0,0.0
ACOAD5f,2499.356217581738,0.0,0.0,0.0
LALGP,2182.9305249511485,0.0,0.0,0.0
AADDGT,5705.956104390791,0.0,0.0,0.0
XYHDL,330.68231038802287,0.0,0.0,0.0
NO3R1bpp,922.9342074738963,0.0,0.0,0.0
MAN1PT2,3282.422522884472,0.0,0.0,0.0
ALLTN,757.2878868826813,0.0,0.0,0.0
GLUSy,157.33155800471175,0.0,0.0,0.0
MDH3,2316.041590845697,0.0,0.0,0.0
GUAD,2831.6035462799687,0.0,0.0,0.0
ACALD_reverse,4266.682535695597,0.0,0.0,0.0
CITL,235.5216401946067,0.0,0.0,0.0
PPM2,3310.4358846067157,0.0,0.0,0.0
ALCD19_reverse,1041.2346615243398,0.0,0.0,0.0
FACOAE100,1164.0504171186394,0.0,0.0,0.0
TKT2_reverse,2050.948953146584,0.0,0.0,0.0
G6PDA,846.5061205114945,0.0,0.0,0.0
DDGLK,5052.096751112995,0.0,0.0,0.0
MDDCP5pp,3632.3662668164116,0.0,0.0,0.0
TDP,9054.231154885303,0.0,0.0,0.0
PPM,3581.679957178274,0.0,0.0,0.0
PHETA1,1873.6012786590047,0.0,0.0,0.0
PPC,417.9175591999402,0.0,0.0,0.0
FHL,533.2202111512191,0.0,0.0,0.0
3OAR120_reverse,1643.2213324960974,0.0,0.0,0.0
4HTHRA,1155.3322057723449,0.0,0.0,0.0
ACOAD7f,1892.4111364155995,0.0,0.0,0.0
X5PL3E,7529.26070560447,0.0,0.0,0.0
GLCP2,1416.441081986337,0.0,0.0,0.0
UGCIAMH,8978.171120779672,0.0,0.0,0.0
NO3R2pp,6167.945442156812,0.0,0.0,0.0
MMM,4676.312130600189,0.0,0.0,0.0
NTRIR4pp,5612.66510504219,0.0,0.0,0.0
UPLA4FNF,23322.731065662392,0.0,0.0,0.0
RPNTPH,20558.021235420143,0.0,0.0,0.0
NADPHXE_reverse,16886.829236962487,0.0,0.0,0.0
NTRIR3pp,7489.511218253622,0.0,0.0,0.0
MC6PH,5322.990650829002,0.0,0.0,0.0
GUI2_reverse,20500.359733418292,0.0,0.0,0.0
GMHEPK,14711.70754114545,0.0,0.0,0.0
CFAS180E,18358.781810107263,0.0,0.0,0.0
AMANAPEr_reverse,24382.62758113626,0.0,0.0,0.0
MDH_reverse,180.3410204315141,0.0,0.0,0.0
THD2pp,10505.112381702516,0.0,0.0,0.0
RPE_reverse,4413.377638041557,0.0,0.0,0.0
RPI,2208.705826432656,0.0,0.0,0.0
PGK,1984.8312049165568,0.0,0.0,0.0
HYD1pp,29006.832238228497,0.0,0.0,0.0
GGGABAH,103779.12403326307,0.0,0.0,0.0
PPTHpp,62307.57208942001,0.0,0.0,0.0
HYD2pp,39673.660911084684,0.0,0.0,0.0
UDPGALM,15166.124615101744,0.0,0.0,0.0
ACONTb_reverse,313.4591892776432,0.0,0.0,0.0
FBP,9232.335951011071,0.0,0.0,0.0
MCTP1Bpp,10391.647087190287,0.0,0.0,0.0
GMHEPPA,13310.058480713056,0.0,0.0,0.0
LPLIPAL1A160pp,3317.852194867952,0.0,0.0,0.0
ACOAD8f_reverse,3621.7152527783883,0.0,0.0,0.0
CYANST,13729.49288844564,0.0,0.0,0.0
ACALD,10401.084912910219,0.0,0.0,0.0
GMHEPAT,3411.6570461463725,0.0,0.0,0.0
PGI_reverse,2628.506528955505,0.0,0.0,0.0
PPS,2120.938517254512,0.0,0.0,0.0
ACOAD3f,4201.606092055536,0.0,0.0,0.0
ATPS4rpp_reverse,745.0527276044518,0.0,0.0,0.0
ACONTa_reverse,183.26522956081462,0.0,0.0,0.0
NO3R1pp,1599.714657140694,0.0,0.0,0.0
MI1PP,13850.256868720457,0.0,0.0,0.0
ACOAD2f,4777.097638090029,0.0,0.0,0.0
PYK,2106.4933132989386,0.0,0.0,0.0
ACOAD1f,4875.269977719099,0.0,0.0,0.0
FA141ACPHi,20361.15656044353,0.0,0.0,0.0
XTSNH,14803.830845679466,0.0,0.0,0.0
ME2,1980.410004766389,0.0,0.0,0.0
PTAr,7594.554046316899,0.0,0.0,0.0
GHBDHx_reverse,1084.352999937416,0.0,0.0,0.0
SERASr_reverse,938.3022966244338,0.0,0.0,0.0
SADH,636.094490000213,0.0,0.0,0.0
GAPD_reverse,399.9147633152748,0.0,0.0,0.0
PETNT181pp,1098.1996970428372,0.0,0.0,0.0
HSDy,396.0897435190696,0.0,0.0,0.0
AGPAT181,2592.2277661620506,0.0,0.0,0.0
GAPP,2935.1346999588977,0.0,0.0,0.0
ETHAAL,146.63720018443553,0.0,0.0,0.0
MLDCP2Bpp,2078.2690319955827,0.0,0.0,0.0
DHORD2,1957.8784211885952,0.0,0.0,0.0
FA161ACPHi,3136.388688259709,0.0,0.0,0.0
MLTGY2pp,3246.3522459575456,0.0,0.0,0.0
GALCTD,1293.2601291452725,0.0,0.0,0.0
ALAGLUE,2118.771119859261,0.0,0.0,0.0
OXCOAHDH,1012.069013021454,0.0,0.0,0.0
LACZ,159.1509874200365,0.0,0.0,0.0
THRD,1848.5021315456866,0.0,0.0,0.0
GTHRDHpp,1216.1635736951173,0.0,0.0,0.0
ACOAD8f,853.4470465478054,0.0,0.0,0.0
NHFRBO,295.2365831424675,0.0,0.0,0.0
SGDS,2136.818629504863,0.0,0.0,0.0
DXYLTD,1111.5151114569373,0.0,0.0,0.0
AP4AH,2465.076098758016,0.0,0.0,0.0
MLTP1_reverse,432.4079236189053,0.0,0.0,0.0
ALTRH,1291.449764942294,0.0,0.0,0.0
TYRTA,798.7077867967606,0.0,0.0,0.0
GSNK,712.1377697693234,0.0,0.0,0.0
FRUK,965.2614324395585,0.0,0.0,0.0
CDAPPA180,2219.328778804111,0.0,0.0,0.0
ALATA_L,693.7981934361293,0.0,0.0,0.0
GLUDC,199.9830716423087,0.0,0.0,0.0
FACOAE140,495.4257219120434,0.0,0.0,0.0
EDTXS4,1702.0271755982294,0.0,0.0,0.0
MLTG1,935.8381603684767,0.0,0.0,0.0
UAG2E_reverse,766.4734672597209,0.0,0.0,0.0
PDE4,359.3813383831669,0.0,0.0,0.0
NADHXD,1190.5148532479413,0.0,0.0,0.0
ALCD2x,462.0471620984706,0.0,0.0,0.0
G3PD2,943.911206877585,0.0,0.0,0.0
XAND,504.7606931927266,0.0,0.0,0.0
SFGTHi,2091.9202338939363,0.0,0.0,0.0
CYTD,1045.4132743180453,0.0,0.0,0.0
HEPT4,1582.8323464215964,0.0,0.0,0.0
MANAO_reverse,1238.7452385396098,0.0,0.0,0.0
ALCD19,473.35888673055,0.0,0.0,0.0
UDPGPT,1287.1153995573195,0.0,0.0,0.0
UGLT,856.2261971664012,0.0,0.0,0.0
FCLK,1305.1544538995422,0.0,0.0,0.0
WCOS,891.1402273797435,0.0,0.0,0.0
SERD_L,1616.9104340459744,0.0,0.0,0.0
DMSOR2pp,614.7981472397762,0.0,0.0,0.0
ECAP2pp,832.2081490960976,0.0,0.0,0.0
TMAOR1,694.4358646936928,0.0,0.0,0.0
FA140ACPHi,4366.212785972798,0.0,0.0,0.0
ALAR_reverse,1342.434064194251,0.0,0.0,0.0
CFAS180G,1227.2840681864764,0.0,0.0,0.0
DAPE_reverse,1820.1765510095647,0.0,0.0,0.0
ALLULPE_reverse,4242.8381987958255,0.0,0.0,0.0
GDPMNH,3046.709932415794,0.0,0.0,0.0
PGMT,5368.620078152821,0.0,0.0,0.0
AGDC,689.3708359890694,0.0,0.0,0.0
CFAS160G,1308.6990913024665,0.0,0.0,0.0
PPCK,1627.361671766412,0.0,0.0,0.0
YUMPS_reverse,1185.6526060974375,0.0,0.0,0.0
GLYCTO4,852.8223637629767,0.0,0.0,0.0
PDE1,3995.722069946344,0.0,0.0,0.0
MCTP2App,550.8441788814829,0.0,0.0,0.0
CDGUNPD,4287.737823046519,0.0,0.0,0.0
CRNBTCT_reverse,1428.6575235309433,0.0,0.0,0.0
FORCT_reverse,1408.1293668527235,0.0,0.0,0.0
GDMANE,1798.6669765627264,0.0,0.0,0.0
ASPK_reverse,1358.5731134772595,0.0,0.0,0.0
ADMDC,3259.5329081179284,0.0,0.0,0.0
G3PD7,653.9309178802547,0.0,0.0,0.0
SUCOAS,201.0186843782119,0.0,0.0,0.0
ECAtpp,1931.586851335752,0.0,0.0,0.0
MANPGH,806.2551714242865,0.0,0.0,0.0
AMPTASECG,819.2373708158908,0.0,0.0,0.0
DHAPT,227.0712571313917,0.0,0.0,0.0
PUACGAMS_reverse,1235.1421373863093,0.0,0.0,0.0
2AGPEAT160,1038.9432789343246,0.0,0.0,0.0
RBP4E,3335.7762312235686,0.0,0.0,0.0
GUI1,1595.9184084375556,0.0,0.0,0.0
ARABDI,221.4195793105217,0.0,0.0,0.0
ALCD2x_reverse,610.1117676653832,0.0,0.0,0.0
GLUR,2852.058252048255,0.0,0.0,0.0
ADD,760.1677917173614,0.0,0.0,0.0
PTA2,194.22421361351525,0.0,0.0,0.0
PPGPPDP,1143.4094111093186,0.0,0.0,0.0
UGLYCH,5031.330323727545,0.0,0.0,0.0
SELNPS,1251.2230930364094,0.0,0.0,0.0
L_LACD2,2189.4235432337423,0.0,0.0,0.0
NADTRHD,229.3294113625504,0.0,0.0,0.0
DMSOR2,657.686453338034,0.0,0.0,0.0
GALT1,2328.8771738038845,0.0,0.0,0.0
ARMEPNS,949.4996212608156,0.0,0.0,0.0
FA160ACPHi,1510.081503499397,0.0,0.0,0.0
G1PPpp,378.7036558537221,0.0,0.0,0.0
ACACT4r_reverse,742.628538915335,0.0,0.0,0.0
TKT1_reverse,298.0298187224733,0.0,0.0,0.0
GLTPD,299.93253677773424,0.0,0.0,0.0
CYTK1_reverse,906.6989994463817,0.0,0.0,0.0
DTMPK_reverse,944.614906383104,0.0,0.0,0.0
ALATA_L2,248.1215178323175,0.0,0.0,0.0
ACNML,172.84280780125468,0.0,0.0,0.0
PSSA180,427.8155523107167,0.0,0.0,0.0
FEENTERES,495.6662533213295,0.0,0.0,0.0
2AGPEAT180,280.40111375464693,0.0,0.0,0.0
LPLIPAL2E160,582.0299174155876,0.0,0.0,0.0
PDXPP,751.5570624443318,0.0,0.0,0.0
EDTXS2,606.9806139469238,0.0,0.0,0.0
LCADi,108.6917964983701,0.0,0.0,0.0
DOGULNR,310.79993793184536,0.0,0.0,0.0
DMQMT,428.4557674601635,0.0,0.0,0.0
RNDR1b,93.98912857742548,0.0,0.0,0.0
NO3R2bpp,173.27436791702755,0.0,0.0,0.0
MMCD,131.33356856180606,0.0,0.0,0.0
DHACOAH,848.7006828845633,0.0,0.0,0.0
FMNRx,881.3202499809465,0.0,0.0,0.0
AHGDx,130.92837958134294,0.0,0.0,0.0
ALLK,686.2284010774403,0.0,0.0,0.0
FALDH2_reverse,284.69130707080967,0.0,0.0,0.0
HEPT3,578.5667857797561,0.0,0.0,0.0
OCTNLL,590.1578884087128,0.0,0.0,0.0
FACOAE141,172.56559582623277,0.0,0.0,0.0
PSSA120,412.9952429652019,0.0,0.0,0.0
TRSARr_reverse,717.8830885977771,0.0,0.0,0.0
GALCTLO,599.3539874725294,0.0,0.0,0.0
TPI_reverse,2455.499844281805,0.0,0.0,0.0
OBTFL,192.04891580325184,0.0,0.0,0.0
GTPDPK,261.38542520113117,0.0,0.0,0.0
FACOAL161t2pp,361.99421191283653,0.0,0.0,0.0
KAS15,328.9448964794973,0.0,0.0,0.0
O16GALFT,584.3589002892162,0.0,0.0,0.0
CRNCBCT,244.48104505642442,0.0,0.0,0.0
PYROX,373.21433593137687,0.0,0.0,0.0
ALDD2y,751.212791567494,0.0,0.0,0.0
RBP4E_reverse,876.4151694972252,0.0,0.0,0.0
PACCOAE,168.00285769495997,0.0,0.0,0.0
ILETA,108.66972676730124,0.0,0.0,0.0
ALAGLUE_reverse,641.3106601488148,0.0,0.0,0.0
GNP,1072.4750777197085,0.0,0.0,0.0
UDCPDPpp,995.7289076102973,0.0,0.0,0.0
AMPN,68.86935767101532,0.0,0.0,0.0
SHGO,485.1736571763378,0.0,0.0,0.0
PSP_Lpp,234.901373521904,0.0,0.0,0.0
O16AT,1072.5291075935056,0.0,0.0,0.0
IPPMIb,321.3392221563564,0.0,0.0,0.0
CTECOAI7,152.10083737572856,0.0,0.0,0.0
CLPNS161pp,503.3901632254611,0.0,0.0,0.0
PYK4,116.72804025340193,0.0,0.0,0.0
AST,624.9514789668166,0.0,0.0,0.0
6D6SFK,757.5927357539081,0.0,0.0,0.0
ALDD19xr,111.93786858724421,0.0,0.0,0.0
OHPHM,453.23161667379,0.0,0.0,0.0
SEPHCHCS,196.30742980149768,0.0,0.0,0.0
3OXCOAT,570.6071434484878,0.0,0.0,0.0
LPLIPAL2ATE141,619.9031040348093,0.0,0.0,0.0
AGM3PA,1179.0853259122916,0.0,0.0,0.0
HACD7_reverse,310.6609202799453,0.0,0.0,0.0
EAR181x,217.62143621058758,0.0,0.0,0.0
FACOAL60t2pp,400.0274795921222,0.0,0.0,0.0
DASYN140,773.4513400606603,0.0,0.0,0.0
AGM4PApp,785.611063014933,0.0,0.0,0.0
SOTA,279.73972761010737,0.0,0.0,0.0
CTECOAI6,153.5702278692211,0.0,0.0,0.0
M1PD_reverse,595.3381112812657,0.0,0.0,0.0
ECOAH8_reverse,318.277836885414,0.0,0.0,0.0
QMO2,1066.5968566820436,0.0,0.0,0.0
XYLI1,120.3743728137188,0.0,0.0,0.0
CRNCBCT_reverse,265.089834964849,0.0,0.0,0.0
AMPNTAT,1403.8596873868435,0.0,0.0,0.0
R5PPpp,238.38125007585168,0.0,0.0,0.0
TPRDCOAS,738.0804739543173,0.0,0.0,0.0
URACPAH,928.2418236561186,0.0,0.0,0.0
PGSA161,1133.5577418045855,0.0,0.0,0.0
ACP1_FMN,865.2472428287,0.0,0.0,0.0
NDPK3_reverse,995.3476977868228,0.0,0.0,0.0
PSD140,653.5616537356963,0.0,0.0,0.0
AAMYL,414.7363234780029,0.0,0.0,0.0
5DKGR_reverse,868.9020092353159,0.0,0.0,0.0
E4PP,1134.15215353372,0.0,0.0,0.0
PETNT161pp,369.87455755402436,0.0,0.0,0.0
TRPAS2,113.26449019345905,0.0,0.0,0.0
AGM3PApp,760.0060559346034,0.0,0.0,0.0
NMNDA,672.302397053805,0.0,0.0,0.0
ACACT8r,510.15734303306436,0.0,0.0,0.0
AP4AS,205.25488361314999,0.0,0.0,0.0
ALDD3y,650.7307325625993,0.0,0.0,0.0
CYTDH,729.6465249625318,0.0,0.0,0.0
HACD8_reverse,308.874759900457,0.0,0.0,0.0
DASYN141,758.5163131322763,0.0,0.0,0.0
PYK6,116.14154290103714,0.0,0.0,0.0
ACGAMK,659.5171820099448,0.0,0.0,0.0
GHBDHx,174.55872556618408,0.0,0.0,0.0
NODOx,787.3785035458893,0.0,0.0,0.0
SSALx,218.76418650444455,0.0,0.0,0.0
F6PA_reverse,840.4204086571118,0.0,0.0,0.0
APH160,1922.7417299365038,0.0,0.0,0.0
IDOND_reverse,534.2730556766974,0.0,0.0,0.0
CPMPS,139.79214885131822,0.0,0.0,0.0
OHPBAT_reverse,251.6770246560743,0.0,0.0,0.0
ACMAMUT,717.346357445163,0.0,0.0,0.0
ALAALAr_reverse,510.7167255912381,0.0,0.0,0.0
GGGABADr_reverse,375.9581915287934,0.0,0.0,0.0
2DGULRx,283.85661736661444,0.0,0.0,0.0
AGM4PA,978.7323365569092,0.0,0.0,0.0
MLTP2_reverse,111.30969329138424,0.0,0.0,0.0
FUM_reverse,17.936427985552022,0.0,0.0,0.0
HPACOAT,340.03131876641305,0.0,0.0,0.0
CRNDCAL2,345.2310595620493,0.0,0.0,0.0
PNSPA,765.4104603126652,0.0,0.0,0.0
APPLDHr_reverse,65.60859877506316,0.0,0.0,0.0
FRULYSE,81.60205614103194,0.0,0.0,0.0
MCITL2_reverse,158.55509877966617,0.0,0.0,0.0
PPPNDO,160.4830785209543,0.0,0.0,0.0
GALCTND,480.1756552351792,0.0,0.0,0.0
LCARS_reverse,252.27210771264285,0.0,0.0,0.0
FDMO3,118.51537577323325,0.0,0.0,0.0
FCLPA_reverse,850.0088590806331,0.0,0.0,0.0
TREH,309.6631211664027,0.0,0.0,0.0
DHCINDO,142.52821363870973,0.0,0.0,0.0
REPHACCOAI,674.4300493582027,0.0,0.0,0.0
DKGLCNR2x,270.6143542258197,0.0,0.0,0.0
ALLPI,597.305390616737,0.0,0.0,0.0
AACPS8,216.0314081677197,0.0,0.0,0.0
E4PD_reverse,136.32229536339972,0.0,0.0,0.0
FACOAL100t2pp,319.3033358508945,0.0,0.0,0.0
URIK1,797.5797044318792,0.0,0.0,0.0
PAPA181,670.7865188671767,0.0,0.0,0.0
GLYCDx,62.87800728840004,0.0,0.0,0.0
DHNPTE,179.08881945222026,0.0,0.0,0.0
FACOAL180t2pp,324.10583613473733,0.0,0.0,0.0
OCBT_reverse,177.02382229044892,0.0,0.0,0.0
2DGULRy,276.3404420053397,0.0,0.0,0.0
LPLIPAL2ATG181,502.8630517493068,0.0,0.0,0.0
PUNP6,125.92592082826212,0.0,0.0,0.0
RNDR3b,80.71911586043409,0.0,0.0,0.0
GLCTR1,463.9084873510373,0.0,0.0,0.0
IDOND,528.2141811094419,0.0,0.0,0.0
FACOAL120t2pp,322.882327378396,0.0,0.0,0.0
G3PAT160,196.5311690544985,0.0,0.0,0.0
MOGDS,946.5959048925977,0.0,0.0,0.0
GLYCLTDx,580.4389605980183,0.0,0.0,0.0
HPYRP,958.4964680910615,0.0,0.0,0.0
PTHRpp,217.93177749774463,0.0,0.0,0.0
LPLIPAL2E180,548.8347778122701,0.0,0.0,0.0
M1PD,520.5293526823693,0.0,0.0,0.0
LPLIPAL1A140pp,226.6376142730446,0.0,0.0,0.0
MLTP3,118.31224017480754,0.0,0.0,0.0
LACZpp,257.0600596693027,0.0,0.0,0.0
MALDDH,534.0875053640217,0.0,0.0,0.0
OMMBLHXy,501.2978756096709,0.0,0.0,0.0
PUACGAMS,322.14909226902824,0.0,0.0,0.0
CRNBTCT,238.67577002553918,0.0,0.0,0.0
THIORDXi,1052.9862102825653,0.0,0.0,0.0
3OAR100_reverse,208.8226664006291,0.0,0.0,0.0
HADPCOADH3,416.76076922482144,0.0,0.0,0.0
PLIPA1A161pp,325.1559687484452,0.0,0.0,0.0
ACPS1,992.9197681897116,0.0,0.0,0.0
G3PAT161,216.65571090071083,0.0,0.0,0.0
NADH10,537.3089129895885,0.0,0.0,0.0
3AMACHYD,750.9885065108087,0.0,0.0,0.0
KG6PDC,925.8846682419985,0.0,0.0,0.0
NADPHXE,397.54726349496804,0.0,0.0,0.0
O16A4Lpp,464.03651459009285,0.0,0.0,0.0
ALAALAD,1008.1261872436712,0.0,0.0,0.0
2AGPEAT181,264.19208289962825,0.0,0.0,0.0
DHFR_reverse,1142.2458881962732,0.0,0.0,0.0
CRNCAR_reverse,735.6667345389533,0.0,0.0,0.0
CHOLID,192.04506833712986,0.0,0.0,0.0
ASPT,98.2412384415386,0.0,0.0,0.0
FACOAL181t2pp,339.1876458498908,0.0,0.0,0.0
GGGABADr,386.0937216624922,0.0,0.0,0.0
PCNO,297.0954617843566,0.0,0.0,0.0
GLUNpp,140.16745224649736,0.0,0.0,0.0
AM4PA,1008.569676473739,0.0,0.0,0.0
SPMS,320.68198871336017,0.0,0.0,0.0
FACOAL160t2pp,341.1761971990897,0.0,0.0,0.0
DHBS,176.53812456491605,0.0,0.0,0.0
NTPP5,1230.4873377711515,0.0,0.0,0.0
DSBAO1,482.65458520534514,0.0,0.0,0.0
HEPK1,679.4076877977992,0.0,0.0,0.0
BETALDHy,99.38597695664193,0.0,0.0,0.0
G3PAT140,210.85102758420726,0.0,0.0,0.0
PACCOAL,431.5187400542154,0.0,0.0,0.0
CBIAT_reverse,961.3350608439513,0.0,0.0,0.0
CLPNS181pp,444.69350939989715,0.0,0.0,0.0
PGSA180,1024.688730761427,0.0,0.0,0.0
GTHPi,1036.4254093875797,0.0,0.0,0.0
FCLPA,1061.4190276671332,0.0,0.0,0.0
TDPGDH,620.7734609018509,0.0,0.0,0.0
MLTP1,136.34391564960717,0.0,0.0,0.0
MICITDr,132.27997274810932,0.0,0.0,0.0
ACACT6r_reverse,644.3150475494568,0.0,0.0,0.0
MDDEP1pp,1426.8242875475287,0.0,0.0,0.0
INOSTO,490.9715314564122,0.0,0.0,0.0
CDAPPA141,1056.55883208908,0.0,0.0,0.0
F1PP,1448.8321379416548,0.0,0.0,0.0
AICART_reverse,525.5592652609839,0.0,0.0,0.0
HACD8,391.5971474798954,0.0,0.0,0.0
LA4NTpp,485.03114980829065,0.0,0.0,0.0
ICDHyr_reverse,331.851103991328,0.0,0.0,0.0
ACACT8r_reverse,653.2011439808298,0.0,0.0,0.0
TMDPP,322.82220915921545,0.0,0.0,0.0
HXCT,327.9880664761427,0.0,0.0,0.0
NADPHQR3,697.2827341498066,0.0,0.0,0.0
THFAT,337.0379117144712,0.0,0.0,0.0
TEO2M,678.282316586037,0.0,0.0,0.0
NTP5,782.570312783052,0.0,0.0,0.0
COLIPAKpp,1149.645895041313,0.0,0.0,0.0
LALDO2x,99.47782540129472,0.0,0.0,0.0
SSALy,310.048885360087,0.0,0.0,0.0
ECOAH5_reverse,404.33046026972113,0.0,0.0,0.0
4ABZGLUH_reverse,158.05768383916097,0.0,0.0,0.0
PPK,186.2363466427954,0.0,0.0,0.0
FDH5pp,175.90531115580217,0.0,0.0,0.0
ASAD,373.79945486894616,0.0,0.0,0.0
NTPP1,1957.3844665072247,0.0,0.0,0.0
NTD2pp,472.5559259502828,0.0,0.0,0.0
MTHFD_reverse,463.8016881014698,0.0,0.0,0.0
CDPPH,816.2069501881027,0.0,0.0,0.0
HACD6_reverse,374.7888239858211,0.0,0.0,0.0
PMANM,574.3880963327297,0.0,0.0,0.0
HYD3pp,159.5942632169122,0.0,0.0,0.0
BWCOGDS2,1342.9380780764136,0.0,0.0,0.0
CTECOAI6_reverse,182.97966075289688,0.0,0.0,0.0
PERD_reverse,352.14665251712387,0.0,0.0,0.0
FALDH2,372.4341581340989,0.0,0.0,0.0
MLDEP2pp,495.9959914257225,0.0,0.0,0.0
3HPADHi,549.7914793723535,0.0,0.0,0.0
PYDXPP,1081.2466826197399,0.0,0.0,0.0
PGMT_reverse,1415.194527858786,0.0,0.0,0.0
G3PD6,198.6090695206622,0.0,0.0,0.0
SHK3Dr_reverse,1003.0878511980852,0.0,0.0,0.0
3HBZCT,494.3386162324649,0.0,0.0,0.0
AMPTASEPG,299.35805594279765,0.0,0.0,0.0
GLYCK,768.7171921671895,0.0,0.0,0.0
CTECOAI8,187.5910315363364,0.0,0.0,0.0
TGBPA,402.4964884767315,0.0,0.0,0.0
TRE6PH,491.3722527597329,0.0,0.0,0.0
SQGH,406.16623345195717,0.0,0.0,0.0
MALTATr,561.5955888402336,0.0,0.0,0.0
PAPA140,1137.3079858586625,0.0,0.0,0.0
MDDEP3pp,1573.7445912547528,0.0,0.0,0.0
A5PISO_reverse,243.74670168821902,0.0,0.0,0.0
QMO3,1450.1665204120566,0.0,0.0,0.0
CLPNS160pp,702.9631828440068,0.0,0.0,0.0
CDAPPA160,1177.8721730144666,0.0,0.0,0.0
2AGPEAT140,417.65645613382895,0.0,0.0,0.0
NDP7,953.8542522558197,0.0,0.0,0.0
ABTA,756.8668605002111,0.0,0.0,0.0
RMK,627.2164528657825,0.0,0.0,0.0
PUNP7_reverse,182.6923214476249,0.0,0.0,0.0
DAPAL,391.59397046451966,0.0,0.0,0.0
RHAT1,925.7271599896544,0.0,0.0,0.0
NDP3,1956.1559161126377,0.0,0.0,0.0
AGM4PCPpp,1620.9608640684412,0.0,0.0,0.0
AGMt2pp,642.0356435885301,0.0,0.0,0.0
FBA_reverse,438.4258552005568,0.0,0.0,0.0
ECOAH4_reverse,446.20427248735604,0.0,0.0,0.0
UACMAMO,376.5016842736769,0.0,0.0,0.0
CINNDO,271.91407972257264,0.0,0.0,0.0
FDH4pp,193.1382677634724,0.0,0.0,0.0
S7PI,390.7646885021439,0.0,0.0,0.0
HEX7,970.1893097803676,0.0,0.0,0.0
ACS,444.2670546345307,0.0,0.0,0.0
NNDMBRT,426.5970697812745,0.0,0.0,0.0
HACD4_reverse,409.55361375437576,0.0,0.0,0.0
MLTGY1pp,1425.2094274427936,0.0,0.0,0.0
VALTA_reverse,154.8675486490886,0.0,0.0,0.0
GLDBRAN2,430.79171177832114,0.0,0.0,0.0
ADNCYC,326.2603299653639,0.0,0.0,0.0
CDAPPA120,1121.250992942202,0.0,0.0,0.0
DURIPP,338.08719864172974,0.0,0.0,0.0
PHDA,156.90936041156297,0.0,0.0,0.0
AMALT4,407.9936424490628,0.0,0.0,0.0
AMAOTr_reverse,343.54018212508134,0.0,0.0,0.0
ACOATA,424.8642001168233,0.0,0.0,0.0
3SLAR,258.06313693207073,0.0,0.0,0.0
CLPNS141pp,677.9908702908667,0.0,0.0,0.0
CHOLD,522.5086758374597,0.0,0.0,0.0
CDAPPA181,1136.438805587189,0.0,0.0,0.0
UPLA4FNT,891.1724583162488,0.0,0.0,0.0
SPMDAT1,370.10155411888337,0.0,0.0,0.0
PPM_reverse,730.7471782736084,0.0,0.0,0.0
DMSOR1pp,250.96496219740902,0.0,0.0,0.0
PFK_2,206.1443761919864,0.0,0.0,0.0
TAGURr,523.0293537657618,0.0,0.0,0.0
DHNAOT4,852.4963966779782,0.0,0.0,0.0
FEOXAMR1,866.0743428043887,0.0,0.0,0.0
OXDHCOAT,366.5806030457887,0.0,0.0,0.0
RMPA,214.93707186810641,0.0,0.0,0.0
LADGMDH,488.34025303110167,0.0,0.0,0.0
AMANAPEr,1077.5257089687086,0.0,0.0,0.0
CLPNS140pp_reverse,544.8317201129457,0.0,0.0,0.0
2AGPGAT181,322.1086501858736,0.0,0.0,0.0
2AGPGAT140,322.24094510532836,0.0,0.0,0.0
HEPK2,947.1928199992717,0.0,0.0,0.0
GLTPD_reverse,347.88289268697775,0.0,0.0,0.0
3PEPTabcpp,129.92511201670922,0.0,0.0,0.0
BWCOGDS1,1191.645424596519,0.0,0.0,0.0
OP4ENH,181.1927519255878,0.0,0.0,0.0
DHNCOAS,138.350141439474,0.0,0.0,0.0
LYSAM,679.2723868387097,0.0,0.0,0.0
MDDEP4pp,1251.3307951520915,0.0,0.0,0.0
G2PPpp,266.49966200499205,0.0,0.0,0.0
TMAOR1pp,203.9849790019992,0.0,0.0,0.0
AMALT3,336.26647372410144,0.0,0.0,0.0
MLTGY3pp,1188.2811568121076,0.0,0.0,0.0
TRE6PS,492.99722725848335,0.0,0.0,0.0
DDPGALA,1207.1528844445693,0.0,0.0,0.0
DHPTDNRN,538.8930805849774,0.0,0.0,0.0
RBK_L1,216.72241428136468,0.0,0.0,0.0
ECOAH7_reverse,326.592345489035,0.0,0.0,0.0
GLUCYS,424.56389625411657,0.0,0.0,0.0
ICHORS_copy2,253.80950321493785,0.0,0.0,0.0
GLCRAL,150.72650010650923,0.0,0.0,0.0
XYLK,235.67391342357448,0.0,0.0,0.0
DC6PDA,895.3827334917547,0.0,0.0,0.0
NTP3,788.4004758434975,0.0,0.0,0.0
NTD4,931.9070032415874,0.0,0.0,0.0
PEAMNOpp,148.73416385543027,0.0,0.0,0.0
CXSAMS,452.10901321236986,0.0,0.0,0.0
LPLIPAL2A161,651.7992218747355,0.0,0.0,0.0
NDPK4_reverse,1091.8133524124482,0.0,0.0,0.0
AMMQLT8,905.0476661014777,0.0,0.0,0.0
PAPSR2,391.1599332299878,0.0,0.0,0.0
SUCBZS,719.8544000834352,0.0,0.0,0.0
DDGALK,815.9192926536963,0.0,0.0,0.0
LYSAM_reverse,660.8005292903225,0.0,0.0,0.0
APG3PAT141,1154.5615200915586,0.0,0.0,0.0
LIPATPT,677.3216361378372,0.0,0.0,0.0
NTPP10,611.2359815294087,0.0,0.0,0.0
CYTK2,1040.5637093222017,0.0,0.0,0.0
PSD141,735.8140678569839,0.0,0.0,0.0
MDDCP2pp,633.2237018805706,0.0,0.0,0.0
LPLIPAL2ATG161,732.9560488784787,0.0,0.0,0.0
RHMND,79.47800369126759,0.0,0.0,0.0
PYK2,134.74686036900414,0.0,0.0,0.0
4PCP,825.3870052878527,0.0,0.0,0.0
NADPHQR2,633.1638073354682,0.0,0.0,0.0
RNDR2b,114.14429756113623,0.0,0.0,0.0
GK1_reverse,588.8592111119118,0.0,0.0,0.0
UMPK_reverse,1123.9583792324506,0.0,0.0,0.0
ALPATG160pp,340.32006160687405,0.0,0.0,0.0
O16GLCT1,649.1938853668363,0.0,0.0,0.0
SGSAD,530.2692071670097,0.0,0.0,0.0
NTPTP1,79.1470441563457,0.0,0.0,0.0
PPDOy,726.997357944073,0.0,0.0,0.0
FACOAE181,221.308973349298,0.0,0.0,0.0
ATHRDHr_reverse,260.00963349930316,0.0,0.0,0.0
INOSTO_reverse,464.0143860767772,0.0,0.0,0.0
ALLULPE,1087.6615376955247,0.0,0.0,0.0
2DDARAA,868.5966600452298,0.0,0.0,0.0
CYTBD2pp,283.7917155735736,0.0,0.0,0.0
AHGDx_reverse,161.51478989332952,0.0,0.0,0.0
HACD5_reverse,370.3523204216307,0.0,0.0,0.0
GPDDA5pp,349.51298816086336,0.0,0.0,0.0
CYSDDS,393.29655779116035,0.0,0.0,0.0
ADK4_reverse,1169.5122297125415,0.0,0.0,0.0
FRULYSE_reverse,106.32315687229143,0.0,0.0,0.0
ACACCT,471.20911174038423,0.0,0.0,0.0
MDDCP3pp,635.8354854357333,0.0,0.0,0.0
ACACT7r_reverse,572.8133256681101,0.0,0.0,0.0
FRULYSK,941.4931038620912,0.0,0.0,0.0
PPM2_reverse,602.6763556457066,0.0,0.0,0.0
GNK,1273.8037288135592,0.0,0.0,0.0
GLCP,148.64718296244908,0.0,0.0,0.0
NTP1,689.590481536385,0.0,0.0,0.0
METNA_reverse,703.6049311616791,0.0,0.0,0.0
GALKr_reverse,653.7761455138615,0.0,0.0,0.0
TDPADGAT,1120.438659972585,0.0,0.0,0.0
SERD_D,574.2544627833472,0.0,0.0,0.0
AGPR,754.9131469371747,0.0,0.0,0.0
LPLIPAL2ATE160,696.5631297414203,0.0,0.0,0.0
2HESR,553.9186386441507,0.0,0.0,0.0
CBLAT_reverse,1235.6871234470814,0.0,0.0,0.0
MLTP2,150.47857475055898,0.0,0.0,0.0
CLPNS120pp,573.1613960762909,0.0,0.0,0.0
GALS3,269.59976587661544,0.0,0.0,0.0
BMOGDS1,1263.1345545190338,0.0,0.0,0.0
DAAD,288.53793178777215,0.0,0.0,0.0
NADHHR,127.08996510237108,0.0,0.0,0.0
