,model_ori_fluxes,ECMpy_fluxes,ECMpy_adj_round1_fluxes
ALATA_D2,0.0,0.0,0.0
SHCHD2,0.00019557037881721422,9.346887415131253e-05,0.0001060638376256302
CPPPGO,0.00019557037881721422,9.346887415131253e-05,0.0001060638376256302
GTHOr,0.0,0.010967293995709608,0.012445140696467443
DHORD5,0.0,0.0,0.0
GLYCTO2,7.873476176589733e-13,0.0,0.0
GLYCTO3,0.0,0.0,0.0
GLYCTO4,0.0,0.0,0.0
PFK_3,0.6119224317259511,0.0,0.0
TRPS2,0.0,0.0,0.0
G3PD5,0.0,0.0,0.0
EX_acgam_e,0.0,0.0,0.0
EX_cellb_e,0.0,0.0,0.0
EX_chol_e,0.0,-0.0,-0.0
LEUTAi,0.3951144320129971,0.18883688493392367,0.21428272120768074
SHK3Dr,0.3342403013651922,0.15974333563979398,0.18126880597328507
G5SD,0.1938646192351538,0.09265364114582238,0.105138751687595
ALATA_L2,0.0,0.0,0.0
MAN6PI,0.0,0.0,0.0
APRAUR,0.0003911407576344479,0.0001869377483026049,0.00021212767525126918
DB4PS,0.0007822815152688957,0.00037387549660520967,0.00042425535050253835
RBFK,0.0001955703788172336,9.346887415129236e-05,0.00010606383762563898
ACP1_FMN,0.0,0.0,0.0
RBFSb,0.0003911407576344479,0.0001869377483026049,0.00021212767525126918
EX_pi_e,0.0,0.0,0.0
EX_h_e,8.058200328043815,18.495241709253786,10.992744394602864
DMATT,0.0002438052256106271,0.00011652173548907293,0.00013222308008934563
GRTT,0.0002438052256106271,0.00011652173548907293,0.00013222308008934563
UPP3S,0.0003911407576344285,0.00018693774830262505,0.0002121276752512604
UPPDC1,0.00019557037881721422,9.346887415131253e-05,0.0001060638376256302
TMDPP,0.0,0.0,0.0
EX_ade_e,0.0,0.0,0.0
EX_4abut_e,0.0,0.0,0.0
EX_ac_e,0.0,0.2440191477487623,6.622322134302093
EX_akg_e,0.0,0.0,0.0
EX_ala__L_e,0.0,0.0,0.0
EX_arg__L_e,0.0,0.0,0.0
EX_asp__L_e,0.0,0.0,0.0
EX_cytd_e,0.0,0.0,0.0
EX_dcyt_e,0.0,0.0,0.0
EX_fum_e,0.0,0.0,0.0
EX_glu__L_e,0.0,0.0,0.0
EX_gua_e,0.0,0.0,0.0
HCO3E,0.4609707838359519,0.22031158523283206,0.2499986483772743
IMPC,0.0,0.0,0.0
IMPD,0.21331027847064304,0.0,0.0
ECOAH4,0.31210576867027,0.1491645871433592,0.16926456741797882
GLUTRS,0.003129126061075428,0.0014955019864210002,0.0016970214020100836
TMPPP,0.00019557037881721422,9.346887415131253e-05,0.0001060638376256302
URIK1,0.0,0.0,0.0
URIK2,0.0,0.0,0.0
CYTDK1,0.0,0.0,0.0
CYTDK2,0.0,0.0,0.0
XPPT,0.0,0.10194729740841,0.1156847313811964
HXPRT,0.0,0.0,0.0
NDPK5,0.0,0.0,0.0
DHORTS,0.0,0.0,0.0
OMPDC,0.2901062935463694,0.13865038665867008,0.15733357474157106
CS,6.913003110880124,0.4506591288632196,0.5113856040555007
ICDHyr,6.913003110880124,0.4506591288632196,0.5113856040555007
ACALD,0.0,0.0,0.0
ACS,0.0,0.0,0.0
PPA,3.0708609971405343,1.5698847679564314,1.781427289366107
PPCK,0.0,0.0,0.0
ME1,0.0,0.0,0.0
ALAR,0.03655499789174496,0.017470715750560573,0.01982490080677811
ALATA_L,0.0,0.0,0.0
XYLK,0.0,0.0,0.0
RBK,0.0,0.10194729740841,0.1156847313811964
GLYK,0.0,0.0,0.0
PPM,0.0,0.0,0.0
ASPTA,0.0,0.0,0.0
FBP,0.0,0.0,0.0
GLGC,0.0,0.0,0.0
PYK,0.0,5.636002023901018,0.04255034002844282
A5PISO,0.034125715607782256,0.016309689825003915,0.018507426231787104
EX_met__L_e,0.0,0.0,0.0
EX_metsox_S__L_e,0.0,0.0,0.0
IPPMIb,0.0,0.0,0.0
ACHBS,0.2547931237102531,0.12177317730182365,0.1381821555225862
ACLS,0.7668174233868666,0.3664847492603624,0.4158686973686525
PSCVT,0.3342403013651922,0.15974333563979398,0.18126880597328507
ANS,0.049851152659672236,0.023825341764049584,0.027035814897550216
ANPRT,0.049851152659672236,0.023825341764049584,0.027035814897550216
CHORM,0.2836068671902512,0.1355441183791392,0.1538087357252323
CHORS,0.3342403013651922,0.15974333563979398,0.18126880597328507
IGPS,0.049851152659672236,0.023825341764049584,0.027035814897550216
EX_crn_e,0.0,0.0,0.0
EX_fe3_e,0.0,0.0,0.0
EX_glcn_e,0.0,0.0,0.0
EX_gln__L_e,0.0,0.0,0.0
EX_glyc_e,0.0,0.0,0.0
EX_man_e,0.0,0.0,0.0
EX_mn2_e,0.0,0.0,0.0
EX_rib__D_e,0.0,-0.0,-0.0
EX_sbt__D_e,0.0,0.0,0.0
ECOAH6,0.2438543374547055,0.11654520749335134,0.13224971495440466
ENO,15.598897532202706,17.22420208061878,11.844760909720687
FBA,6.415606652499193,8.565137984913628,3.3663883959922263
MGSA,0.0,0.0,0.0
PPS,0.0,0.0,0.0
PGI,7.644633780205325,6.789745437589892,7.0648773477275135
PGK,0.0,0.0,0.0
EDA,0.0,0.0,0.0
PGL,2.3553662197946754,3.210254562410108,2.9351226522724865
RPE,0.889995702843557,1.814996524816153,1.5877580512198466
TALA,0.0,0.9873699302279736,0.8845134285965658
TKT1,0.6119224317259511,0.9873699302279736,0.8845134285965658
G6PDA,0.0,0.0,0.0
ALCD2x,0.0,0.0,0.0
ALDD2y,0.0,0.0,0.0
RMI,0.0,0.0,0.0
EX_ura_e,0.0,0.0,0.0
EX_val__L_e,0.0,0.0,0.0
EX_xan_e,0.0,0.0,0.0
FMNAT,0.0001955703788172336,9.346887415129236e-05,0.00010606383762563898
NADDP,0.0,0.0,0.0
NMNAT,0.0,0.0,0.0
HMPK1,0.0,0.0,0.0
NDPK6,0.0,0.010967293995709608,0.012445140696467443
NDPK8,0.0,0.0,0.0
PYNP2r,0.0,0.0,0.0
DURIPP,0.0,0.0,0.0
PTRCTA,0.0,0.0,0.0
CYSDS,0.0,0.0,0.0
TRPAS2,0.0,0.0,0.0
NDP3,0.0,0.0,0.0
CDPPH,0.0,0.0,0.0
NDP7,0.0,0.0,0.0
EX_co2_e,24.00329327297611,3.150607169841781,11.507188251913734
PMDPHT,0.0003911407576344479,0.0001869377483026049,0.00021212767525126918
ILETA,0.0,0.0,0.0
VALTA,0.0,0.0,0.0
ORPT,0.0,0.0,0.0
RBFSa,0.0007822815152688957,0.00037387549660520967,0.00042425535050253835
DHAD2,0.2547931237102531,0.12177317730182365,0.1381821555225862
G1PP,0.0,0.0,0.0
PFL,0.0,2.0675092815677862,0.0517777020423183
FRD2,0.0,0.0,0.0
FRD3,0.0,0.0,0.0
POX,0.0,0.0,0.0
PTAr,0.0,-8.377654125979461e-11,6.345421320975118
ACKr,0.5105755002783802,0.0,0.0
EX_hxan_e,0.0,0.0,0.0
EX_ile__L_e,0.0,0.0,0.0
EX_lac__L_e,0.0,0.0,0.0
EX_leu__L_e,0.0,0.0,0.0
EX_no3_e,0.0,0.0,0.0
EX_orn_e,0.0,0.0,0.0
EX_pro__L_e,0.0,0.0,0.0
EX_pyr_e,0.0,12.377902989111144,0.0
EX_succ_e,0.0,0.0,0.0
EX_thymd_e,0.0,0.0,0.0
EX_tyr__L_e,0.0,0.0,0.0
MOAT,0.017062857803891125,0.008154844912501956,0.00925371311589355
UDCPDPS,4.823484679348372e-05,2.305286133776757e-05,2.615924246372053e-05
USHD,0.017062857803891125,0.008154844912501956,0.00925371311589355
LPADSS,0.017062857803891125,0.008154844912501956,0.00925371311589355
TDSK,0.017062857803891125,0.008154844912501956,0.00925371311589355
EX_btn_e,0.0,0.0,0.0
EX_ptrc_e,0.0,0.0,0.0
EX_spmd_e,-0.0,-0.0,-0.0
EX_thym_e,0.0,0.0,0.0
EX_xtsn_e,0.0,0.0,0.0
NTPP1,0.0,0.0,0.0
NTPP2,0.0,0.0,0.0
NTPTP1,0.0,0.0,0.0
NTPTP2,0.0,0.0,0.0
IPMD,0.3951144320129971,0.18883688493392367,0.21428272120768074
AIRC3,0.0,0.0,0.0
ADSL2r,0.3927140906371009,0.18768969072522376,0.2129809421781586
EX_fe2_e,0.0,0.0,0.0
PUNP5,0.0,0.0,0.0
PUNP6,0.0,0.0,0.0
PUNP7,0.0,0.0,0.0
RNDR1,0.0,0.0,0.0
RNDR3,0.0,0.0,0.0
RNDR4,0.0,0.0,0.0
TMDS,0.02294750911269609,0.010967293995709608,0.012445140696467443
TMDK1,0.0,0.0,0.0
PPCDC,0.0005910961225241707,0.0002825023371215707,0.00032056962582860393
FTHFD,0.0,0.0,0.0
EX_glc__D_e,0.0,0.0,0.0
EDD,0.0,0.0,0.0
DHQTi,0.3342403013651922,0.15974333563979398,0.18126880597328507
PUNP1,0.0,0.0,0.0
PUNP2,0.0,0.0,0.0
PUNP3,0.0,0.0,0.0
LYSAM,0.0,0.0,0.0
DHAD1,0.7668174233868666,0.3664847492603624,0.4158686973686525
IPPMIa,0.0,0.0,0.0
EX_alltn_e,0.0,0.0,0.0
G3PD7,0.0,0.0,0.0
NADH9,0.0,0.0,0.0
NADH10,0.0,0.0,0.0
MDH,6.884588401133461,0.4363973714109848,0.0
FUM,6.884588401132675,0.4370788978207157,0.4959754321313991
PYDXNK,0.0,0.0,0.0
PYAM5PO,0.0,0.0,0.0
OHPBAT,0.0,0.0,0.0
EX_dgsn_e,0.0,0.0,0.0
EX_arab__L_e,0.0,-0.0,-0.0
EX_fru_e,0.0,0.0,0.0
EX_gal_e,0.0,-0.0,0.0
EX_xyl__D_e,0.0,-0.0,-0.0
EX_duri_e,0.0,0.0,0.0
EX_for_e,0.0,2.021880124407488,0.0
EX_gly_e,0.0,0.0,0.0
EX_h2_e,0.0,0.0,0.0
EX_lys__L_e,0.0,0.0,0.0
EX_ser__L_e,0.0,0.0,0.0
EX_thm_e,0.0,0.0,0.0
EX_trp__L_e,0.0,0.0,0.0
GLUTRR,0.003129126061075428,0.0014955019864210002,0.0016970214020100836
GLCS1,0.0,0.0,0.0
GLCP,0.0,0.0,0.0
EX_din_e,0.0,0.0,0.0
EX_fmn_e,0.0,0.0,0.0
EX_gthox_e,0.0,0.0,0.0
HEMEOS,0.0,0.0,0.0
ADMDC,0.0,0.0,0.0
AGMT,0.0,0.0,0.0
ARGDC,0.0,0.0,0.0
ARGSS,0.25940876004978225,0.1239791265603813,0.1406853572150691
AGPR,0.0,0.0,0.0
SPMS,0.0,0.0,0.0
G1SAT,0.003129126061075428,0.0014955019864210002,0.0016970214020100836
KDOCT2,0.034125715607782256,0.016309689825003915,0.018507426231787104
OAADC,0.0,0.0,0.0
MNNH,0.0,0.0,0.0
ALTRH,0.0,0.0,0.0
GUI1,0.0,0.0,0.0
PGAMT,0.0,0.0,0.0
UAGDP,0.08286571279677551,0.03960397749241802,0.04494062730749125
UAGCVT,0.02436999859449664,0.01164714383370705,0.013216600537852074
GLUR,0.0,0.0,0.0
UAG2E,0.0,0.0,0.0
EX_acald_e,0.0,0.0,0.0
EX_melib_e,0.0,0.0,0.0
MACPD,0.0,0.0,0.0
DMQMT,0.0,0.0,0.0
ICHORS_copy1,0.0,0.0,0.0
EX_sucr_e,0.0,0.0,0.0
EX_tre_e,0.0,0.0,0.0
EX_zn2_e,0.0,0.0,0.0
HACD5,0.31210576867027,0.1491645871433592,0.16926456741797882
DNMPPA,0.0005867111364516587,0.00028040662245390485,0.0003181915128769308
HPPK2,0.0005867111364516587,0.00028040662245390485,0.0003181915128769308
PTPATi,0.0005910961225241707,0.0002825023371215707,0.00032056962582860393
HEX7,0.0,0.0,0.0
DXPRIi,0.002095146345265468,0.001001332467925886,0.0011362623681059267
OPHBDC,0.0001955703788171434,9.346887415130536e-05,0.0001060638376256251
OHPHM,0.0,0.0,0.0
GHMT2r,0.9783188951023456,0.4446595169143865,0.5045775422986603
DHORD2,0.2901062935463694,0.13860931065119547,0.1572869637277266
ADK4,0.0,0.0,0.0
INSK,0.0,0.0,0.0
ABTA,0.0,0.0,0.0
SSALx,0.0,0.0,0.0
ASPT,0.0,0.0,0.0
SERD_L,0.0,0.0,0.0
THRD,0.0,0.0,0.0
HEX4,0.0,0.0,0.0
KARA1,0.0,0.0,0.0
KARA2,0.2547931237102531,0.12177317730182365,0.1381821555225862
ACCOAC,0.06825669319885105,0.032621894507608315,0.0370177061991157
NADK,0.0003920177548488724,0.0001873568912360568,0.00021260329784134055
ICHORS_copy2,0.0,0.0,0.0
SUCBZS,0.0,0.0,0.0
DHBD,0.0,0.0,0.0
ICHORT,0.0,0.0,0.0
RBK_L1,0.0,0.0,0.0
RBP4E,0.0,0.0,0.0
NTD2,0.0,0.0,0.0
NTD4,0.0,0.0,0.0
NTD5,0.0,0.0,0.0
NTD6,0.0,0.0,0.0
LGTHL,0.0,0.0,0.0
PYDXPP,0.0,0.0,0.0
PDXPP,0.0,0.0,0.0
HACD6,0.2438543374547055,0.11654520749335134,0.13224971495440466
ECOAH1,0.31210576867027,0.1491645871433592,0.16926456741797882
ECOAH2,0.31210576867027,0.1491645871433592,0.16926456741797882
ECOAH3,0.31210576867027,0.1491645871433592,0.16926456741797882
UGLT,0.0,0.0,0.0
DXPS,0.0024862871028998967,0.0011882702162285114,0.0013483900433571869
CDPMEK,0.002095146345265468,0.001001332467925886,0.0011362623681059267
MECDPS,0.002095146345265468,0.001001332467925886,0.0011362623681059267
DDGLK,0.0,0.0,0.0
XYLI2,0.0,0.0,0.0
PMANM,0.0,0.0,0.0
ICL,0.0,0.0,0.0
GLYCL,0.047540703498653365,0.0,0.0
CMPN,0.0,0.0,0.0
HCYSMT,0.0,0.0,0.0
UDPG4E,0.0,0.0,0.0
LACZ,0.0,0.0,0.0
TRE6PH,0.0,0.0,0.0
XYLI1,0.0,0.0,0.0
PPC,2.596107325081859,1.2407565517794663,1.4079489309760362
ALDD4,0.0,0.0,0.0
G3PT,0.0,0.0,0.0
CINNDO,0.0,0.0,0.0
DHPPD,0.0,0.0,0.0
DHCIND,0.0,0.0,0.0
CITL,0.0,0.0,0.0
GOFUCR,0.0,0.0,0.0
PYDXK,0.0,0.0,0.0
GTPCII2,0.0003911407576344479,0.0001869377483026049,0.00021212767525126918
URIC,0.0,0.0,0.0
SADT2,0.21704102462081568,0.1037303314471536,0.11770802988011805
LCARS,0.0,0.0,0.0
ALCD19,0.0,0.0,0.0
RMPA,0.0,0.0,0.0
SBTPD,0.0,0.0,0.0
PFK_2,0.0,0.0,0.0
GLTPD,0.0,0.0,0.0
TGBPA,0.0,0.0,0.0
MANAO,0.0,0.0,0.0
TAGURr,0.0,0.0,0.0
PGLYCP,0.0,0.0,0.0
GLXCL,0.0,0.0,0.0
TARTD,0.0,0.0,0.0
GLCRAL,0.0,0.0,0.0
KAS14,0.0,0.0,0.0
EDTXS1,0.0,0.0,0.0
EDTXS2,0.0,0.0,0.0
EDTXS3,0.0,0.0,0.0
EDTXS4,0.0,0.0,0.0
EX_tmao_e,-0.0,-0.0,0.0
NNDPR,0.0019977996544646714,0.0009548076023171426,0.0010834682605882495
HACD4,0.31210576867027,0.1491645871433592,0.16926456741797882
HACD7,0.2438543374547055,0.11654520749335134,0.13224971495440466
AACPS1,0.0,0.0,0.0
SDPDS,0.32532123969447,0.1554806520069741,0.17643172423044798
DMSOR1,0.0,0.0,0.0
DKGLCNR2y,0.0,0.0,0.0
2DGULRy,0.0,0.0,0.0
RZ5PP,0.0,0.0,0.0
NTD9,0.0,0.0,0.0
NTD10,0.0,0.0,0.0
ADPT,0.0,0.00028208319418757187,0.0003200940032378732
ADK1,2.300799561057493,1.2018496089854245,1.3637992640361114
OCTDPS,0.0001955703788171434,9.346887415130536e-05,0.0001060638376256251
EX_26dap__M_e,0.0,0.0,0.0
EX_acnam_e,0.0,0.0,0.0
EX_amp_e,0.0,0.0,0.0
EX_dha_e,0.0,0.0,5.241306375647642
EX_fuc__L_e,0.0,0.0,0.0
EX_glyald_e,0.0,-0.0,0.0
AACPS2,0.0,0.0,0.0
AACPS3,0.11192940048288527,0.05349437430575656,0.06070275994835842
AACPS4,0.1319249369718202,0.0630508331875948,0.0715469550060462
EX_rmn_e,0.0,0.0,0.0
EX_ttdca_e,0.0,0.0,0.0
AMANK,0.0,0.0,0.0
EX_glyclt_e,0.0,0.0,0.0
EX_g6p_e,0.0,0.0,0.0
EX_2ddglcn_e,0.0,0.0,0.0
EX_galct__D_e,0.0,-0.0,-0.0
EX_idon__L_e,0.0,0.0,-0.0
EX_indole_e,0.0,0.0,0.0
EX_3hcinnm_e,0.0,-0.0,-0.0
EX_acmana_e,0.0,0.0,0.0
EX_galur_e,0.0,-0.0,-0.0
EX_but_e,0.0,0.0,0.0
EX_cbl1_e,-0.0,-0.0,-0.0
ACNML,0.0,0.0,0.0
CAT,0.0,0.0,0.0
SERASr,0.0,0.0,0.0
DMSOR2,0.0,0.0,0.0
ACMAMUT,0.0,0.0,0.0
DDGALK,0.0,0.0,0.0
AB6PGH,0.0,0.0,0.0
AMALT1,0.0,0.0,0.0
MLTP2,0.0,0.0,0.0
PACCOAL,0.0,0.0,0.0
GP4GH,0.0,0.0,0.0
ACGAMT,0.0,0.0,0.0
AADDGT,0.0,0.0,0.0
EX_gbbtn_e,-0.0,-0.0,-0.0
EX_tma_e,0.0,-0.0,0.0
GMHEPK,0.0,0.0,0.0
EX_malttr_e,0.0,0.0,-0.0
TRE6PS,0.0,0.0,0.0
UDCPDP,0.02436999859449664,0.01164714383370705,0.013216600537852074
TREH,0.0,0.0,0.0
CYTK1,0.15873912680292462,0.07586612837672706,0.08608911570292395
CYTK2,0.0,0.0,0.0
GK1,0.21331027847064304,0.10194729740841,0.1156847313811964
HACD1,0.31210576867027,0.1491645871433592,0.16926456741797882
HACD2,0.31210576867027,0.1491645871433592,0.16926456741797882
EX_hdcea_e,0.0,0.0,0.0
ACACCT,0.0,0.0,0.0
BUTCT,0.0,0.0,0.0
2DGULRx,0.0,0.0,0.0
G1PTT,0.0,0.0,0.0
TDPGDH,0.0,0.0,0.0
UDPGALM,0.0,0.0,0.0
TDPDRE,0.0,0.0,0.0
TDPDRR,0.0,0.0,0.0
G3PD6,0.0,0.0,0.0
ALLTN,0.0,0.0,0.0
UAPGR,0.02436999859449664,0.01164714383370705,0.013216600537852074
NDPK7,0.0,0.0,0.0
AOBUTDs,0.0,0.0,0.0
GLYAT,0.0,0.0,0.0
ADNUC,0.0,0.0,0.0
GMHEPPA,0.0,0.0,0.0
S7PI,0.0,0.0,0.0
TRPS3,0.049851152659672236,0.023825341764049584,0.027035814897550216
CRNBTCT,0.0,0.0,0.0
CRNCBCT,0.0,0.0,0.0
CRNCDH,0.0,0.0,0.0
FADRx,1.9170194410437689,0.9162003467202356,1.0396586638003982
GTPDPK,0.0,0.0,0.0
NADN,0.0,0.0,0.0
NDPK2,0.372972006343145,0.16728707015537847,0.18982906135259486
NDPK3,0.0,0.07586612837672706,0.08608911570292395
NDPK4,0.02294750911269609,0.010967293995709608,0.012445140696467443
FCLT,0.00019557037881721422,9.346887415131253e-05,0.0001060638376256302
HBZOPT,0.0001955703788171434,9.346887415130536e-05,0.0001060638376256251
PNTK,0.0005910961225241707,0.0002825023371215707,0.00032056962582860393
DPCOAK,0.0005910961225241707,0.0002825023371215707,0.00032056962582860393
HETZK,0.0,0.0,0.0
KDOPS,0.034125715607782256,0.016309689825003915,0.018507426231787104
KDOPP,0.034125715607782256,0.016309689825003915,0.018507426231787104
AST,0.0,0.0,0.0
SGDS,0.0,0.0,0.0
CYNTAH,0.0,0.0,0.0
GSPMDA,0.0,0.0,0.0
GSPMDS,0.0,0.0,0.0
GUAD,0.0,0.0,0.0
TMAOR1,0.0,0.0,0.0
TMAOR2,0.0,0.0,0.0
DGK1,0.0,0.0,0.0
DTMPK,0.02294750911269609,0.010967293995709608,0.012445140696467443
NDPK1,0.0,0.33112878539814883,0.37574850501333024
TRDR,0.21704102462081568,0.1037303314471536,0.11770802988011805
PGMT,0.0,0.0,0.0
FRUK,0.0,0.0,0.0
RHCCE,0.0003928947520630699,0.00018777603416943146,0.000213078920431744
KG6PDC,0.0,0.0,0.0
X5PL3E,0.0,0.0,0.0
DOGULNR,0.0,0.0,0.0
BETALDHx,0.0,0.0,0.0
BETALDHy,0.0,0.0,0.0
MLTG3,0.0,0.0,0.0
DKGLCNR1,0.0,0.0,0.0
NADTRHD,0.0,0.0,0.0
FMNRx2,0.0,0.0,0.0
ACPS1,0.0,0.0,0.0
EX_nmn_e,0.0,0.0,0.0
EX_urea_e,-0.0,-0.0,-0.0
GMPS2,0.0,0.0,0.0
AMPN,0.0,0.0,0.0
GSNK,0.0,0.0,0.0
EX_f6p_e,0.0,0.0,0.0
ADCS,0.0005867111364516587,0.00028040662245390485,0.0003181915128769308
ADCL,0.0005867111364516587,0.00028040662245390485,0.0003181915128769308
DHAPT,1.4242346860269628,0.0,0.0
EX_lac__D_e,0.0,0.0,-0.0
UMPK,0.3315391499447572,0.15845237540487908,0.1798038883953167
DDPGALA,0.0,0.0,0.0
DURIK1,0.0,0.0,0.0
UPPRT,0.0,0.0,0.0
CTPS2,0.1407799778458893,0.06728291938627554,0.07634931629979501
NTD1,0.0,0.0,0.0
NTD7,0.0,0.0,0.0
PAPPT3,0.02436999859449664,0.01164714383370705,0.013216600537852074
UAGPT3,0.02436999859449664,0.01164714383370705,0.013216600537852074
EX_ttdcea_e,0.0,0.0,0.0
F6PA,1.4242346860269628,0.0,5.241306375647642
AGMHE,0.0,0.0,0.0
GMHEPAT,0.0,0.0,0.0
EX_h2s_e,-0.0,-0.0,-0.0
EX_gthrd_e,0.0,0.0,0.0
IDOND,0.0,0.0,0.0
IDOND2,0.0,0.0,0.0
GLYCLTDx,0.0,0.0,0.0
HPYRRy,0.0,0.0,0.0
ACODA,0.25940876004978225,0.1239791265603813,0.1406853572150691
ADA,0.0,0.0,0.0
DADA,0.0,0.0,0.0
ADD,0.0,0.0,0.0
ADSS,0.2624887742668401,0.12545115654258526,0.14235574375201582
AGDC,0.0,0.0,0.0
ASNN,0.0,0.0,0.0
ASNS2,0.2114045635236932,0.10103649981410152,0.11465120349258424
ASPCT,0.2901062935463694,0.13865038665867008,0.15733357474157106
DMPPS,0.0002438052256106271,0.0,0.0
MCOATA,0.0682549392044222,0.03262105622174148,0.0370167549539352
IPDPS,0.001851341119654841,0.001001332467925886,0.0011362623681059267
DAPE,0.32532123969447,0.1554806520069741,0.17643172423044798
DHDPRy,0.32532123969447,0.1554806520069741,0.17643172423044798
HSK,0.4772759160465878,0.2281042906508103,0.2588414235752017
SDPTA,0.0,0.0,0.0
THRS,0.4772759160465878,0.2281042906508103,0.2588414235752017
HSST,0.1349795182696693,0.06451070802467561,0.07320354848788507
PPNDH,0.16247688893081255,0.07765251555893682,0.08811621918256674
DDPA,0.3342403013651922,0.15974333563979398,0.18126880597328507
NMNDA,0.0,0.0,0.0
NNAM,0.0,0.0,0.0
P5CD,0.0,0.0,0.0
SPMDAT1,0.0,0.0,0.0
SPMDAT2,0.0,0.0,0.0
TDPADGAT,0.0,0.0,0.0
MALS,7.873476176589733e-13,0.0,0.0
TRE6PP,0.0,0.0,0.0
EX_met__D_e,0.0,0.0,0.0
EX_tartr__L_e,0.0,0.0,0.0
EX_taur_e,0.0,-0.0,-0.0
EX_maltpt_e,0.0,0.0,0.0
EX_glcur_e,0.0,-0.0,-0.0
ADPRDP,0.0,0.0,0.0
ARAI,0.0,0.0,0.0
M1PD,0.0,0.0,0.0
G3PD2,0.0,0.0,0.0
GALS3,0.0,0.0,0.0
FCI,0.0,0.0,0.0
FCLK,0.0,0.0,0.0
FCLPA,0.0,0.0,0.0
ACCOAL,0.0,0.0,0.0
GALUi,0.0,0.0,0.0
U23GAAT,0.03412571560778225,0.016309689825003915,0.0185074262317871
UAAGDS,0.02436999859449664,0.01164714383370705,0.013216600537852074
UAMAS,0.02436999859449664,0.01164714383370705,0.013216600537852074
UAMAGS,0.02436999859449664,0.01164714383370705,0.013216600537852074
UGLYCH,0.0,0.0,0.0
OP4ENH,0.0,0.0,0.0
HOPNTAL,0.0,0.0,0.0
3HPPPNH,0.0,0.0,0.0
AKGDH,5.970062721905963,0.0,0.0
HPYRRx,0.0,0.0,0.0
GLYCDx,0.0,0.0,0.0
ASP1DC,0.0005910961225241707,0.0002825023371215707,0.00032056962582860393
UGMDDS,0.02436999859449664,0.01164714383370705,0.013216600537852074
UHGADA,0.03412571560778225,0.016309689825003915,0.0185074262317871
UAGAAT,0.03412571560778225,0.016309689825003915,0.0185074262317871
ATPPRT,0.08308496210038227,0.039708763225771514,0.04505953295505361
HISTD,0.08308496210038227,0.039708763225771514,0.04505953295505361
IGPDH,0.08308496210038227,0.039708763225771514,0.04505953295505361
PRPPS,0.8179498689768068,0.493151839452781,0.5596042222549816
PRATPP,0.08308496210038227,0.039708763225771514,0.04505953295505361
PRMICI,0.08308496210038227,0.039708763225771514,0.04505953295505361
SERAT,0.21704102462081568,0.1037303314471536,0.11770802988011805
CYSS,0.21704102462081568,0.1037303314471536,0.11770802988011805
BPNT,0.21704102462081568,0.1037303314471536,0.11770802988011805
PAPSR,0.21704102462081568,0.1037303314471536,0.11770802988011805
ASPK,0.9375766740107271,0.44809565068246,0.5084766962935348
ASAD,0.0,0.0,0.0
DAPDC,0.3009512410999733,0.14383350817326707,0.16321512369259591
EX_mmet_e,0.0,0.0,0.0
METAT,0.0007875434985552059,0.0003763903542057123,0.00042710908604400217
ASCBPL,0.0,0.0,0.0
ACBIPGT,0.0,0.0,0.0
ADOCBLS,0.0,0.0,0.0
ADOCBIK,0.0,0.0,0.0
TMPK,0.00019557037881721422,9.346887415131253e-05,0.0001060638376256302
HPPPNDO,0.0,0.0,0.0
DHCINDO,0.0,0.0,0.0
HKNDDH,0.0,0.0,0.0
HKNTDH,0.0,0.0,0.0
GLYCK2,0.0,0.0,0.0
ENTCS,0.0,0.0,0.0
SULR,0.21704102462081568,0.1037303314471536,0.11770802988011805
MANPGH,0.0,0.0,0.0
URDGLYCD,0.0,0.0,0.0
CBMKr,0.5495150535961517,0.26262951321905137,0.2980189319566402
AMANAPEr,0.0,0.0,0.0
ACM6PH,0.0,0.0,0.0
NNATr,0.0019977996544646714,0.0009548076023171426,0.0010834682605882495
CYTDH,0.0,0.0,0.0
PSERT,1.5065360713461386,0.6971101439954804,0.7910459796510927
AIRC2,0.3927140906371009,0.18768969072522376,0.2129809421781586
GAPD,17.105433603548846,17.92131222461426,12.635806889371779
HEX1,0.0,0.0,0.0
GND,2.3553662197946754,3.210254562410108,2.9351226522724865
TAUDO,0.0,0.0,0.0
DM_amob_c,1.7539944288539394e-06,8.382858668279151e-07,9.512451804989256e-07
ME2,0.0,0.0,0.0
ARGSL,0.25940876004978225,0.1239791265603813,0.1406853572150691
CBPS,0.0,0.0,0.0
GLU5K,0.1938646192351538,0.09265364114582238,0.105138751687595
IPPS,0.3951144320129971,0.18883688493392367,0.21428272120768074
EX_mg2_e,0.0,0.0,0.0
ACOATA,0.0,0.0,0.0
MLTG2,0.0,0.0,0.0
MLTG1,0.0,0.0,0.0
AMALT3,0.0,0.0,0.0
MLTP3,0.0,0.0,0.0
SPODM,0.0014259974706582186,0.0,0.0
AHCYSNS,0.0003928947520630699,0.00018777603416943146,0.000213078920431744
TMK,0.0,0.0,0.0
NTPP4,0.0,0.0,0.0
NTPP3,0.0,0.0,0.0
NTPP6,0.0,0.0,0.0
NTPP7,0.0,0.0,0.0
NTPP8,0.0,0.0,0.0
P5CR,0.1938646192351538,0.09265364114582238,0.105138751687595
CYANST,0.0,0.0,0.0
DHPPDA2,0.0003911407576344479,0.0001869377483026049,0.00021212767525126918
G5SADs,0.1938646192351538,0.09265364114582238,0.105138751687595
GMAND,0.0,0.0,0.0
PPCSCT,0.0,0.0,0.0
CYTD,0.0,0.0,0.0
DCYTD,0.0,0.0,0.0
DBTS,1.7539944288539394e-06,8.382858668279151e-07,9.512451804989256e-07
DCTPD,0.0,0.0,0.0
DHDPS,0.32532123969447,0.1554806520069741,0.17643172423044798
G1PACT,0.08286571279677551,0.03960397749241802,0.04494062730749125
GART,0.002151274166989431,0.0,0.0
CSND,0.0,0.0,0.0
GF6PTA,0.08286571279677551,0.03960397749241802,0.04494062730749125
H2SO,0.0,0.0,0.0
GLUCYS,0.0,0.0,0.0
GLUN,0.0,0.0,0.0
GLUPRT,0.3929096610159181,0.18778315959937508,0.21308700601578426
GMPR,0.0,0.0,0.0
NADS1,0.0019977996544646714,0.0009548076023171426,0.0010834682605882495
NTRIR2x,0.0,0.0,0.0
OCBT,0.25940876004978225,0.1239791265603813,0.1406853572150691
GARFT,0.3907583868489287,0.18778315959937508,0.21308700601578426
GPDDA1,0.0,0.0,0.0
GPDDA2,0.0,0.0,0.0
PHETA1,0.0,0.0,0.0
PPND,0.12112997825943865,0.057891602820202386,0.06569251654266554
TRPS1,0.0,0.0,0.0
PRAMPC,0.08308496210038227,0.039708763225771514,0.04505953295505361
MCITL2,0.0,0.0,0.0
DXYLK,0.0,0.0,0.0
MDH3,0.0,0.0,0.0
SOTA,0.0,0.0,0.0
SGSAD,0.0,0.0,0.0
PTA2,0.0,0.0,0.0
MDH2,0.0,0.0,0.4952020697996534
ACOTA,0.0,0.0,0.0
GPDDA5,0.0,0.0,0.0
PDX5PS,0.00019557037881721422,9.346887415131253e-05,0.0001060638376256302
PPBNGS,0.001564563030537714,0.0007477509932105001,0.0008485107010050418
PPNCL2,0.0005910961225241707,0.0002825023371215707,0.00032056962582860393
PRAGSr,0.3929096610159181,0.18778315959937508,0.21308700601578426
PRFGS,0.3929096610159181,0.18778315959937508,0.21308700601578426
EX_acac_e,0.0,0.0,-0.0
ETHAAL,0.0,0.0,0.0
MAN1PT2,0.0,0.0,0.0
AP4AH,0.0,0.0,0.0
AP5AH,0.0,0.0,0.0
ADNCYC,0.0,0.0,0.0
MI1PP,0.0,0.0,0.0
MCITS,0.0,0.0,0.0
PPAKr,0.0,0.0,0.0
NTP3,0.0,0.0,0.0
PPM2,0.0,0.0,0.0
MOAT2,0.017062857803891125,0.008154844912501956,0.00925371311589355
EX_adn_e,0.0,0.0,0.0
EX_ins_e,0.0,0.0,0.0
G6PDH2r,2.3553662197946754,3.210254562410108,2.9351226522724865
NADH5,0.0,0.0,0.0
MOHMT,0.0005910961225241707,0.0002825023371215707,0.00032056962582860393
EX_glyc3p_e,0.0,0.0,0.0
EX_lcts_e,0.0,0.0,-0.0
EX_nac_e,0.0,0.0,0.0
EX_ocdca_e,0.0,0.0,0.0
GMPS,0.21331027847064304,0.10194729740841,0.1156847313811964
FTHFLi,0.0,0.04665731477596269,0.05294440425620029
UDPGD,0.0,0.0,0.0
GLCRD,0.0,0.0,0.0
PPPNDO,0.0,0.0,0.0
CHRPL,0.0001955703788171434,9.346887415130536e-05,0.0001060638376256251
TDPAGTA,0.0,0.0,0.0
UACMAMO,0.0,0.0,0.0
FBA3,0.6119224317259511,0.0,0.0
PMPK,0.00019557037881721422,9.346887415131253e-05,0.0001060638376256302
LCADi,0.0,0.0,0.0
ADK3,0.0,0.0,0.0
GLUDC,0.0,0.0,0.0
BSORy,0.0,0.0,0.0
ADSK,0.21704102462081568,0.1037303314471536,0.11770802988011805
HSDy,0.0,0.0,0.0
CYSTL,0.1349795182696693,0.06451070802467561,0.07320354848788507
SHSL1,0.1349795182696693,0.06451070802467561,0.07320354848788507
SSALy,0.0,0.0,0.0
EX_dad_2_e,0.0,0.0,0.0
EX_ser__D_e,0.0,0.0,0.0
EX_gam6p_e,0.0,0.0,0.0
EX_15dap_e,-0.0,-0.0,-0.0
EX_ocdcea_e,0.0,0.0,0.0
EX_cynt_e,0.0,-0.0,-0.0
EX_galctn__D_e,0.0,-0.0,0.0
EX_glyb_e,-0.0,-0.0,-0.0
3HCINNMH,0.0,0.0,0.0
BSORx,0.0,0.0,0.0
NMNt7pp,0.0,0.0,0.0
GLUtex,0.0,0.0,0.0
GLYtex,0.0,0.0,0.0
GLYALDtex,0.0,0.0,0.0
GLYBtex,0.0,0.0,0.0
GLYCtex,0.0,0.0,0.0
GLYC3Ptex,0.0,0.0,0.0
GLYCLTtex,0.0,0.0,0.0
GTPtex,0.0,0.0,0.0
GUAtex,0.0,0.0,0.0
Htex,0.0,0.0,0.0
H2tex,0.0,0.0,0.0
H2Otex,0.0,0.0,0.0
FACOAL160t2pp,0.0,0.0,0.0
FACOAL180t2pp,0.0,0.0,0.0
SPODMpp,0.0,0.0,0.0
NO3R1bpp,0.0,0.0,0.0
O2tpp,22.131763238946036,9.456132583139864,10.492305957895882
PHYTSpp,0.0,0.0,3.828700458887932e-13
PPTHpp,0.0,0.0,0.0
PYRt2rpp,0.0,0.0,0.0
NO3R2pp,0.0,0.0,0.0
NTP3pp,0.0,0.0,0.0
NO3R2bpp,0.0,0.0,0.0
THD2pp,0.0,0.0,0.0
TMAOR1pp,0.0,0.0,0.0
TMAOR2pp,0.0,0.0,0.0
XANtpp,0.0,0.0,0.0
DAPtex,0.0,0.0,0.0
12PPDStex,0.0,0.0,0.0
DDGLCNtex,0.0,0.0,0.0
26DAHtex,0.0,0.0,0.0
HCINNMtex,0.0,0.0,0.0
HPPPNtex,0.0,0.0,0.0
ACtex,0.0,0.0,0.0
ACALDtex,0.0,0.0,0.0
ACMANAtex,0.0,0.0,0.0
ACMUMtex,0.0,0.0,0.0
ACACT7r,0.2438543374547055,0.11654520749335134,0.13224971495440466
PSP_L,1.5065360713461386,0.6971101439954804,0.7910459796510927
ACACT2r,0.31210576867027,0.1491645871433592,0.16926456741797882
ACACT3r,0.31210576867027,0.1491645871433592,0.16926456741797882
ACACT4r,0.31210576867027,0.1491645871433592,0.16926456741797882
SUCCt2_2pp,0.0,0.0,0.0
SUCFUMtpp,0.0,0.0,0.0
SUCptspp,0.0,0.0,0.0
SULabcpp,0.0,0.0,0.0
TSULabcpp,0.0,0.0,0.0
TARTRt7pp,0.0,0.0,0.0
AHGDx,0.0,0.0,0.0
TAURabcpp,0.0,0.0,0.0
THMDt2pp_copy1,0.0,0.0,0.0
EX_ca2_e,0.0,0.0,0.0
EX_so3_e,-0.0,-0.0,-0.0
Kt2pp,0.17118371727564352,0.0818137666018706,0.0928382002585634
AKGt2rpp,0.0,0.0,0.0
XYLt2pp,0.0,0.0,0.0
EX_ascb__L_e,0.0,-0.0,-0.0
EX_ala_B_e,0.0,0.0,0.0
EX_agm_e,0.0,0.0,0.0
EX_minohp_e,0.0,-0.0,-3.828700458887932e-13
EX_ppt_e,0.0,0.0,0.0
EX_hxa_e,0.0,0.0,0.0
EX_lyx__L_e,0.0,-0.0,-0.0
EX_acmum_e,0.0,0.0,0.0
EX_dca_e,0.0,0.0,0.0
EX_all__D_e,0.0,0.0,-0.0
EX_octa_e,0.0,0.0,0.0
EX_xylu__L_e,0.0,-0.0,0.0
EX_gdp_e,-0.0,0.0,0.0
EX_gtp_e,0.0,-0.0,-0.0
THMabcpp,0.0,0.0,0.0
THMDt2pp_copy2,0.0,0.0,0.0
THRabcpp,0.0,0.0,0.0
TREptspp,0.0,0.0,0.0
TRPt2rpp,0.0,0.0,0.0
TYRt2rpp,0.0,0.0,0.0
URIt2pp_copy1,0.0,0.0,0.0
URIt2pp_copy2,0.0,0.0,0.0
VALabcpp,0.0,0.0,0.0
XTSNt2rpp,0.0,0.0,0.0
XYLabcpp,0.0,0.0,0.0
XYLUt2pp,0.0,0.0,0.0
THRt4pp,0.0,0.0,0.0
EX_fruur_e,0.0,-0.0,-0.0
GALtex,0.0,0.0,0.0
GALCTtex,0.0,0.0,0.0
GALCTNtex,0.0,0.0,0.0
GALTtex,0.0,0.0,0.0
GALURtex,0.0,0.0,0.0
GTPCI,0.0005867111364516587,0.00028040662245390485,0.0003181915128769308
FDMO,0.0,0.0,0.0
FEOXAMabcpp,0.0,0.0,0.0
CBL1abcpp,0.0,0.0,0.0
ACACt2pp,0.0,0.0,0.0
ACGAptspp,0.0,0.0,0.0
ACMANAptspp,0.0,0.0,0.0
ACNAMt2pp,0.0,0.0,0.0
CHOLD,0.0,0.0,0.0
DRPA,0.0,0.0,0.0
TKT2,0.27807327111760594,0.8276265945881796,0.7032446226232807
EX_ch4_e,-0.0,-0.0,-0.0
FEENTERabcpp,0.0,0.0,0.0
FECRMabcpp,0.0,0.0,0.0
GAMtex,0.0,0.0,0.0
GBBTNtex,0.0,0.0,0.0
ARBt2rpp,0.0,0.0,0.0
DAPabcpp,0.0,0.0,0.0
CO2tpp,0.0,0.0,0.0
DHAtpp,0.0,0.0,0.0
DMSOR1pp,0.0,0.0,0.0
ARGabcpp,0.0,0.0,0.0
ARGAGMt7pp,0.0,0.0,0.0
ASCBptspp,0.0,0.0,0.0
ASNt2rpp,0.0,0.0,0.0
ASPabcpp,0.0,0.0,0.0
ASPt2pp,0.0,0.0,0.0
ASPt2_2pp,0.0,0.0,0.0
ASPt2_3pp,0.0,0.0,0.0
HIStex,0.0,0.0,0.0
HXAtex,0.0,0.0,0.0
HYXNtex,0.0,0.0,0.0
IDONtex,0.0,0.0,0.0
ILEtex,0.0,0.0,0.0
INSTtex,0.0,0.0,0.0
INStex,0.0,0.0,0.0
Ktex,0.17118371727564352,0.0818137666018706,0.0928382002585634
D_LACtex,0.0,0.0,0.0
NTD8pp,0.0,0.0,0.0
FRULYStex,0.0,0.0,0.0
EX_fad_e,-0.0,0.0,0.0
GALCTt2rpp,0.0,0.0,0.0
GALt2pp,0.0,0.0,0.0
ASPtex,0.0,0.0,0.0
ABUTt2pp,0.0,0.0,0.0
CYSabcpp,0.0,0.0,0.0
SBTptspp,0.0,0.0,0.0
TREHpp,0.0,0.0,0.0
CYTBDpp,0.0,0.0,0.0
CYTBD2pp,0.0,0.0,0.0
ACALDtpp,0.0,0.0,0.0
ACt2rpp,0.0,0.0,0.0
EX_fe3dcit_e,0.0,0.0,0.0
EX_fe3hox_e,-0.0,-0.0,-0.0
EX_fecrm_e,0.0,0.0,0.0
EX_feenter_e,-0.0,-0.0,-0.0
EX_feoxam_e,-0.0,-0.0,-0.0
EX_cbi_e,-0.0,-0.0,-0.0
EX_arbtn_fe3_e,-0.0,0.0,0.0
EX_cpgn_e,0.0,-0.0,-0.0
EX_adocbl_e,0.0,-0.0,-0.0
ATPS4rpp,70.4324936623156,30.435383144304584,34.96716136921745
INDOLEtex,0.0,0.0,0.0
L_LACtex,0.0,0.0,0.0
ACt4pp,0.0,0.002181638968419649,0.0
ADEt2rpp,0.0,0.0,0.0
ADNt2pp_copy1,0.0,0.0,0.0
ADNt2pp_copy2,0.0,0.0,0.0
ALAabcpp,0.0,0.0,0.0
ALLabcpp,0.0,0.0,0.0
ALLTNt2rpp,0.0,0.0,0.0
ARBabcpp,0.0,0.0,0.0
ECOAH8,0.0,0.0,0.0
GLCDpp,0.0,0.0,0.0
GUAtpp,0.0,0.0,0.0
HYD2pp,0.0,0.0,0.0
HYXNtpp,0.0,0.0,0.0
NACtpp,0.0,0.0,0.0
FE3DCITabcpp,0.0,0.0,0.0
CPGNtonex,0.0,0.0,0.0
GLCRtex,0.0,0.0,0.0
GLCNtex,0.0,0.0,0.0
GLCURtex,0.0,0.0,0.0
GLNtex,0.0,0.0,0.0
O2tex,22.131763238946036,9.456132583139864,10.492305957895882
EX_ppa_e,0.0,-0.0,-0.0
OCTAtex,0.0,0.0,0.0
ORNtex,0.0,0.0,0.0
ECOAH5,0.31210576867027,0.1491645871433592,0.16926456741797882
DHFS,0.0005867111364516587,0.00028040662245390485,0.0003181915128769308
CITt7pp,0.0,0.0,0.0
CRNt7pp,0.0,0.0,0.0
EX_ni2_e,0.0,0.0,0.0
EX_no_e,0.0,0.0,0.0
CHLabcpp,0.0,0.0,0.0
DGSNt2pp,0.0,0.0,0.0
DINSt2pp,0.0,0.0,0.0
DURIt2pp,0.0,0.0,0.0
FE2abcpp,0.0,0.0,0.0
FRUptspp,0.0,0.0,0.0
FUCtpp,0.0,0.0,0.0
FUMt2_2pp,0.0,0.0,0.0
FUMt2_3pp,0.0,0.0,0.0
FEENTERtonex,0.0,0.0,0.0
CSNt2pp,0.0,0.0,0.0
CYNTt2pp,0.0,0.0,0.0
CYTDt2pp_copy1,0.0,0.0,0.0
CYTDt2pp_copy2,0.0,0.0,0.0
DADNt2pp,0.0,0.0,0.0
DCYTt2pp,0.0,0.0,0.0
DDGLCNt2rpp,0.0,0.0,0.0
RMNtex,0.0,0.0,0.0
EX_meoh_e,1.7539944288539394e-06,8.382858668279151e-07,9.512451804989256e-07
MALTTRtexi,0.0,0.0,0.0
MALTTTRtexi,0.0,0.0,0.0
MALTPTtexi,0.0,0.0,0.0
MALTtexi,0.0,0.0,0.0
GLCtex_copy1,10.0,10.0,10.0
FE3DCITtonex,0.0,0.0,0.0
PHEtex,0.0,0.0,0.0
PItex,0.8459567750194799,0.4043077884287745,0.4587884042878333
ACGAMK,0.0,0.0,0.0
METS,0.1353724130217324,0.06469848405884504,0.07341662740831682
EX_cu2_e,0.0,0.0,0.0
CYSabc2pp,0.0,0.0,0.0
PRASCSi,0.3927140906371009,0.18768969072522376,0.2129809421781586
TRSARr,0.0,0.0,0.0
LYXI,0.0,0.0,0.0
EX_pheme_e,-0.0,0.0,0.0
PNTOtex,0.0,0.0,0.0
PPPNtex,0.0,0.0,0.0
PPTtex,0.0,0.0,0.0
PTRCtex,0.0,0.0,0.0
PYRtex,0.0,0.0,0.0
DSERtex,0.0,0.0,0.0
SERtex,0.0,0.0,0.0
SO4tex,0.22084543853699987,0.10554857349230333,0.1197712806766202
SPMDtex,0.0,0.0,0.0
SUCCtex,0.0,0.0,0.0
SUCRtex,0.0,0.0,0.0
TARTRtex,0.0,0.0,0.0
TAURtex,0.0,0.0,0.0
THRtex,0.0,0.0,0.0
THMDtex,0.0,0.0,0.0
CBIuabcpp,0.0,0.0,0.0
METDtex,0.0,0.0,0.0
METtex,0.0,0.0,0.0
MNLtex,0.0,0.0,0.0
NAtex,0.0,0.0,0.0
NACtex,0.0,0.0,0.0
NH4tex,9.471495371048,4.5267080537216735,5.13668354677398
URIH,0.0,0.0,0.0
XTSNH,0.0,0.0,0.0
INSH,0.0,0.10194729740841,0.1156847313811964
BUTtex,0.0,0.0,0.0
CHLtex,0.0,0.0,0.0
CO2tex,0.0,0.0,0.0
CRNtex,0.0,0.0,0.0
PPK2,0.0,0.0,0.0
DINStex,0.0,0.0,0.0
DMStex,0.0,0.0,0.0
CSNtex,0.0,0.0,0.0
CYNTtex,0.0,0.0,0.0
CYStex,0.0,0.0,0.0
CYTDtex,0.0,0.0,0.0
DCAtex,0.0,0.0,0.0
DCYTtex,0.0,0.0,0.0
DGSNtex,0.0,0.0,0.0
MTHFR2,0.1353724130217324,0.06469848405884504,0.07341662740831682
ASPO3,0.0,0.0,0.0
ASPO5,0.0,0.0,0.0
ASPO4,0.0,0.0,0.0
ASPO6,0.0019977996544646714,0.0009548076023171426,0.0010834682605882495
LCTStex,0.0,0.0,0.0
LEUtex,0.0,0.0,0.0
LYStex,0.0,0.0,0.0
LYXtex,0.0,0.0,0.0
MANtex,0.0,0.0,0.0
MAN6Ptex,0.0,0.0,0.0
MELIBtex,0.0,0.0,0.0
DMSOtex,0.0,0.0,0.0
DURItex,0.0,0.0,0.0
EX_mal__D_e,0.0,0.0,0.0
FRUtex,0.0,0.0,0.0
FUCtex,0.0,0.0,0.0
FUMtex,0.0,0.0,0.0
ACACT5r,0.31210576867027,0.1491645871433592,0.16926456741797882
MALDDH,0.0,0.0,0.0
FE2tex,0.01408545226091156,0.006731854653561571,0.007638974421996623
NMNtex,0.0,0.0,0.0
NO2tex,0.0,0.0,0.0
DHPS2,0.0005867111364516587,0.00028040662245390485,0.0003181915128769308
MTHFC,0.8667530099652291,0.36861776764855897,0.4182891407304218
MTHFD,0.8667530099652291,0.36861776764855897,0.4182891407304218
BUTt2rpp,0.0,0.0,0.0
CADVtpp,0.0,0.0,0.0
QULNS,0.0019977996544646714,0.0009548076023171426,0.0010834682605882495
ALKP,0.0,0.0,0.0
GDPtex,0.0,0.0,0.0
EX_cobalt2_e,0.0,0.0,0.0
TMAtex,0.0,0.0,0.0
TMAOtex,0.0,0.0,0.0
TREtex,0.0,0.0,0.0
L_LACD3,0.0,0.0,0.0
L_LACD2,0.0,0.0,0.0
ACACT6r,0.2438543374547055,0.11654520749335134,0.13224971495440466
TRPtex,0.0,0.0,0.0
TSULtex,0.0,0.0,0.0
TYRtex,0.0,0.0,0.0
URAtex,0.0,0.0,0.0
UREAtex,0.0,0.0,0.0
URItex,0.0,0.0,0.0
VALtex,0.0,0.0,0.0
XANtex,0.0,0.0,0.0
XYLtex,0.0,0.0,0.0
ABUTtex,0.0,0.0,0.0
FORtppi,0.0,2.021880124407488,0.0
DATPHs,0.0,0.0,0.0
GLCTR1,0.0,0.0,0.0
LIPAabcpp,0.0,0.0,0.0
LIPACabcpp,0.0,0.0,0.0
GGGABADr,0.0,0.0,0.0
EX_mso3_e,0.0,0.0,-0.0
EX_23camp_e,0.0,0.0,0.0
EX_23cgmp_e,0.0,0.0,0.0
EX_23cump_e,0.0,0.0,0.0
EX_3amp_e,0.0,0.0,0.0
EX_3gmp_e,0.0,0.0,0.0
EX_3ump_e,0.0,0.0,0.0
EX_glyc__R_e,0.0,0.0,0.0
EX_eca4colipa_e,-0.0,-0.0,-0.0
GLYOX3,0.0,0.0,0.0
FDMO3,0.0,0.0,0.0
FDMO4,0.0,0.0,0.0
BUTSO3abcpp,0.0,0.0,0.0
ETHSO3abcpp,0.0,0.0,0.0
EX_sel_e,0.0,0.0,0.0
EX_hg2_e,-0.0,0.0,0.0
O16GLCT1,0.0,0.0,0.0
O16AP2pp,0.0,0.0,0.0
O16AP3pp,0.0,0.0,0.0
O16A4Lpp,0.0,0.0,0.0
MALTATr,0.0,0.0,0.0
DHBSH,0.0,0.0,0.0
ENTERES,0.0,0.0,0.0
FEOXAMUtex,0.0,0.0,0.0
ARBTNtpp,0.0,0.0,0.0
ARBTNtex,0.0,0.0,0.0
23CAMPtex,0.0,0.0,0.0
23CCMPtex,0.0,0.0,0.0
23CUMPtex,0.0,0.0,0.0
23CGMPtex,0.0,0.0,0.0
3AMPtex,0.0,0.0,0.0
3CMPtex,0.0,0.0,0.0
LADGMDH,0.0,0.0,0.0
ALAGLUE,0.0,0.0,0.0
FEENTERtpp,0.0,0.0,0.0
FEENTERtex,0.0,0.0,0.0
FE3HOXUtpp,0.0,0.0,0.0
FEOXAMUtpp,0.0,0.0,0.0
FECRMUtpp,0.0,0.0,0.0
FE3HOXR2,0.0,0.0,0.0
PTRCt2pp,0.0,0.0,0.0
GGGABAH,0.0,0.0,0.0
FRULYSK,0.0,0.0,0.0
FDMO6,0.0,0.0,0.0
SULFACabcpp,0.0,0.0,0.0
ETHSO3tex,0.0,0.0,0.0
BUTSO3tex,0.0,0.0,0.0
LIPOtex,0.0,0.0,0.0
CYANSTpp,0.0,0.0,0.0
MCPST,0.0,0.0,0.0
PHEMEabcpp,0.0,0.0,0.0
METSOX1abcpp,0.0,0.0,0.0
GALBDtex,0.0,0.0,0.0
LIPAHT2ex,0.0,0.0,0.0
LIPAHTex,0.0,0.0,0.0
ECAP1pp,0.0,0.0,0.0
UDCPDPpp,0.0,0.0,0.0
ECAP2pp,0.0,0.0,0.0
ECA4OALpp,0.0,0.0,0.0
FE3Ri,0.0,0.0,0.0
FE3HOXR3,0.0,0.0,0.0
FEENTERR1,0.0,0.0,0.0
FEENTERR3,0.0,0.0,0.0
SULFACtex,0.0,0.0,0.0
EX_sulfac_e,0.0,0.0,0.0
EX_butso3_e,0.0,0.0,0.0
EX_ethso3_e,0.0,0.0,0.0
NODOy,0.0,0.0,0.0
GALM2pp,0.0,0.0,0.0
CU1abcpp,0.0,0.0,0.0
HG2abcpp,0.0,0.0,0.0
GLCTR3,0.0,0.0,0.0
HEPT4,0.0,0.0,0.0
LA4NTpp,0.0,0.0,0.0
NODOx,0.0,0.0,0.0
NOtex,0.0,0.0,0.0
NOtpp,0.0,0.0,0.0
NHFRBO,0.0,0.0,0.0
N2Otpp,0.0,0.0,0.0
N2Otex,0.0,0.0,0.0
CRNt8pp,0.0,0.0,0.0
CRNt2rpp,0.0,0.0,0.0
CRNDt2rpp,0.0,0.0,0.0
CTBTt2rpp,0.0,0.0,0.0
42A12BOOXpp,0.0,0.0,0.0
TYROXDApp,0.0,0.0,0.0
PACALDt2rpp,0.0,0.0,0.0
PEAMNtex,0.0,0.0,0.0
PACALDtex,0.0,0.0,0.0
LIPOt2pp,0.0,0.0,0.0
NTRIR4pp,0.0,0.0,0.0
NTRIR3pp,0.0,0.0,0.0
INOSTt4pp,0.0,0.0,0.0
PHEMEtiex,0.0,0.0,0.0
AGM3PA,0.0,0.0,0.0
CYANtex,0.0,0.0,0.0
SO3tex,0.0,0.0,0.0
TCYNTtex,0.0,0.0,0.0
ACANTHAT,0.0,0.0,0.0
METSOX2abcpp,0.0,0.0,0.0
METSOX1tex,0.0,0.0,0.0
METSOX2tex,0.0,0.0,0.0
3UMPtex,0.0,0.0,0.0
3GMPtex,0.0,0.0,0.0
FALDtpp,0.0,0.0,0.0
EX_tym_e,-0.0,-0.0,-0.0
METSOXR1,0.0,0.0,0.0
METSOXR2,0.0,0.0,0.0
DAPAL,0.0,0.0,0.0
AMPTASECG,0.0,0.0,0.0
EX_imp_e,0.0,0.0,0.0
DOPAtex,0.0,0.0,0.0
4HOXPACDtex,0.0,0.0,0.0
LACZpp,0.0,0.0,0.0
GPDDA1pp,0.0,0.0,0.0
GPDDA5pp,0.0,0.0,0.0
ETHAtex,0.0,0.0,0.0
G3PStex,0.0,0.0,0.0
FEENTERR2,0.0,0.0,0.0
FLVR,0.0,0.0,0.0
FE3HOXR1,0.0,0.0,0.0
FEENTERexs,0.0,0.0,0.0
FE3HOXexs,0.0,0.0,0.0
FECRMR3,0.0,0.0,0.0
FDMO2,0.0,0.0,0.0
LALGP,0.0,0.0,0.0
AGM4PApp,0.0,0.0,0.0
AGM4PA,0.0,0.0,0.0
RNDR3b,0.0,0.0,0.0
RNDR4b,0.0,0.010967293995709608,0.012445140696467443
ACGAL1Ptex,0.0,0.0,0.0
ACGALtex,0.0,0.0,0.0
GLCUR1Ptex,0.0,0.0,0.0
UDPGLCURtex,0.0,0.0,0.0
UDPGALPpp,0.0,0.0,0.0
UACGAMPpp,0.0,0.0,0.0
UACGALPpp,0.0,0.0,0.0
UGLCURPpp,0.0,0.0,0.0
FEROpp,0.0,0.0,0.0
ISETACabcpp,0.0,0.0,0.0
ISETACtex,0.0,0.0,0.0
GUR1PPpp,0.0,0.0,0.0
UDPGtex,0.0,0.0,0.0
ACGAL1PPpp,0.0,0.0,0.0
UDPGALtex,0.0,0.0,0.0
ACGAM1Ptex,0.0,0.0,0.0
UACGAMtex,0.0,0.0,0.0
UDPACGALtex,0.0,0.0,0.0
AM4PCP,0.0,0.0,0.0
AM3PA,0.0,0.0,0.0
UM4PCP,0.0,0.0,0.0
CBLAT,0.0,0.0,0.0
MSO3abcpp,0.0,0.0,0.0
MSO3tex,0.0,0.0,0.0
FECRMR1,0.0,0.0,0.0
FECRMR2,0.0,0.0,0.0
TDP,0.0,0.0,0.0
3PEPTabcpp,0.0,0.0,0.0
4PEPTabcpp,0.0,0.0,0.0
AGM3Pt2pp,0.0,0.0,0.0
AGM4Pt2pp,0.0,0.0,0.0
AGMt2pp,0.0,0.0,0.0
FECRMexs,0.0,0.0,0.0
ARBTNR1,0.0,0.0,0.0
ARBTNR2,0.0,0.0,0.0
ARBTNR3,0.0,0.0,0.0
ARBTNexs,0.0,0.0,0.0
FEOXAMexs,0.0,0.0,0.0
FEOXAMR1,0.0,0.0,0.0
FEOXAMR2,0.0,0.0,0.0
FEOXAMR3,0.0,0.0,0.0
PTHRpp,0.0,0.0,0.0
ARABDI,0.0,0.0,0.0
AGt3,0.0,0.0,0.0
CD2t3pp,0.0,0.0,0.0
ZNabcpp,0.0,0.0,0.0
SKMt2pp,0.0,0.0,0.0
FE2t2pp,0.0,0.0,0.0
R5PPpp,0.0,0.0,0.0
PSP_Lpp,0.0,0.0,0.0
TYRPpp,0.0,0.0,0.0
GLYC2Ptex,0.0,0.0,0.0
PSERtex,0.0,0.0,0.0
R5Ptex,0.0,0.0,0.0
THRPtex,0.0,0.0,0.0
TYRPtex,0.0,0.0,0.0
PAPSR2,0.0,0.0,0.0
GRXR,0.0,0.010967293995709608,0.012445140696467443
RNDR1b,0.0,0.0,0.0
RNDR2b,0.0,0.0,0.0
FACOAE181,0.0,0.0,0.0
FACOAE160,0.11192940048288527,0.05349437430575656,0.06070275994835842
FACOAE140,0.0,0.0,0.0
CPGNR1,0.0,0.0,0.0
CPGNR2,0.0,0.0,0.0
CPGNR3,0.0,0.0,0.0
CPGNUtpp,0.0,0.0,0.0
CPGNUtex,0.0,0.0,0.0
AAMYL,0.0,0.0,0.0
AAMYLpp,0.0,0.0,0.0
FACOAL80t2pp,0.0,0.0,0.0
PPGPPDP,0.0,0.0,0.0
CPGNabcpp,0.0,0.0,0.0
CPGNexs,0.0,0.0,0.0
CITtex,0.0,0.0,0.0
ACGAtex,0.0,0.0,0.0
DDCAtexi,0.0,0.0,0.0
TTDCAtexi,0.0,0.0,0.0
HDCAtexi,0.0,0.0,0.0
GUACYC,0.0,0.0,0.0
23PDE2pp,0.0,0.0,0.0
23PDE4pp,0.0,0.0,0.0
23PDE9pp,0.0,0.0,0.0
ATPHs,0.0,0.0,0.0
SARCOX,0.0,0.0,0.0
GTPHs,0.0,0.0,0.0
MN6PP,0.0,0.0,0.0
3KGK,0.0,0.0,0.0
EX_cd2_e,0.0,-0.0,-0.0
F6PP,0.0,0.0,0.0
GDPMNH,0.0,0.0,0.0
FACOAL60t2pp,0.0,0.0,0.0
IDONt2rpp,0.0,0.0,0.0
ILEabcpp,0.0,0.0,0.0
INDOLEt2pp,0.0,0.0,0.0
INSt2pp,0.0,0.0,0.0
LYXt2pp,0.0,0.0,0.0
GDPDPK,0.0,0.0,0.0
OCDCAtexi,0.0,0.0,0.0
OCDCEAtexi,0.0,0.0,0.0
G6Ptex,0.0,0.0,0.0
TUNGSabcpp,0.0,0.0,0.0
MOBDabcpp,6.138980500988788e-06,2.9340005338977024e-06,3.32935813174624e-06
MOBDtex,6.138980500988788e-06,2.9340005338977024e-06,3.32935813174624e-06
NI2uabcpp,0.0,0.0,0.0
NI2tex,0.00028327010025991123,0.00013538316749270825,0.00015362609665057648
R1PK,0.0,0.0,0.0
R15BPK,0.0,0.0,0.0
Kabcpp,0.0,0.0,0.0
LEUabcpp,0.0,0.0,0.0
L_LACt2rpp,0.0,0.0,0.0
MALt2_2pp,0.0,0.0,0.0
MALt2_3pp,0.0,0.0,0.0
MALTabcpp,0.0,0.0,0.0
MALTHXabcpp,0.0,0.0,0.0
MALTPTabcpp,0.0,0.0,0.0
MALTTRabcpp,0.0,0.0,0.0
MALTTTRabcpp,0.0,0.0,0.0
MAN6Pt6_2pp,0.0,0.0,0.0
MANGLYCptspp,0.0,0.0,0.0
MELIBt2pp,0.0,0.0,0.0
METabcpp,0.0,0.0,0.0
EX_fe3hox_un_e,0.0,0.0,0.0
GGPTRCS,0.0,0.0,0.0
EX_23dappa_e,0.0,-0.0,-0.0
RMNtpp,0.0,0.0,0.0
SERt4pp,0.0,0.0,0.0
SUCCt2_3pp,0.0,0.0,0.0
MNLptspp,0.0,0.0,0.0
NAt3_1p5pp,0.0,0.0,0.0
NAt3_2pp,0.0,0.0,0.0
NH4tpp,9.471495371048,4.5267080537216735,5.13668354677398
NMNPtpp,0.0,0.0,0.0
NO2t2rpp,0.0,0.0,0.0
NO3t7pp,0.0,0.0,0.0
ORNabcpp,0.0,0.0,0.0
PIuabcpp,0.0,0.0,0.0
PNTOt4pp,0.0,0.0,0.0
FRULYSDG,0.0,0.0,0.0
METDabcpp,0.0,0.0,0.0
PROabcpp,0.0,0.0,0.0
PROt2rpp,0.0,0.0,0.0
PROt4pp,0.004564770501092378,0.0,0.0
PTRCabcpp,0.0,0.0,0.0
ASNNpp,0.0,0.0,0.0
GLUNpp,0.0,0.0,0.0
NTD12,0.0,0.0,0.0
FECRMtonex,0.0,0.0,0.0
ARBTNtonex,0.0,0.0,0.0
ADOCBLabcpp,0.0,0.0,0.0
EX_enter_e,-0.0,-0.0,-0.0
EX_fecrm_un_e,-0.0,-0.0,-0.0
EX_cgly_e,0.0,0.0,0.0
EX_chtbs_e,0.0,-0.0,-0.0
EX_gmp_e,0.0,0.0,0.0
EX_h2o2_e,-0.0,0.0,0.0
EX_ump_e,0.0,0.0,0.0
EX_pydam_e,0.0,0.0,0.0
CRNabcpp,0.0,0.0,0.0
CRNDabcpp,0.0,0.0,0.0
DNTPPA,0.0005867111364516587,0.00028040662245390485,0.0003181915128769308
CTBTabcpp,0.0,0.0,0.0
NTPP9,0.0,0.0,0.0
NTPP10,0.0,0.0,0.0
NTPP11,0.0,0.0,0.0
NTD10pp,0.0,0.0,0.0
NTD1pp,0.0,0.0,0.0
NTD2pp,0.0,0.0,0.0
NTD3pp,0.0,0.0,0.0
NTD4pp,0.0,0.0,0.0
NTD5pp,0.0,0.0,0.0
NTD6pp,0.0,0.0,0.0
NTD7pp,0.0,0.0,0.0
NTD9pp,0.0,0.0,0.0
PEAMNOpp,0.0,0.0,0.0
GAL1PPpp,0.0,0.0,0.0
H2O2tex,0.0,0.0,0.0
ARGDCpp,0.0,0.0,0.0
ALLPI,0.0,0.0,0.0
ALLK,0.0,0.0,0.0
ALLULPE,0.0,0.0,0.0
ADEtex,0.0,0.0,0.0
ADNtex,0.0,0.0,0.0
AGMtex,0.0,0.0,0.0
ALAtex,0.0,0.0,0.0
BALAtex,0.0,0.0,0.0
DALAtex,0.0,0.0,0.0
AMPtex,0.0,0.0,0.0
ARBtex,0.0,0.0,0.0
ARGtex,0.0,0.0,0.0
ASCBtex,0.0,0.0,0.0
FACOAL100t2pp,0.0,0.0,0.0
RIBabcpp,0.0,0.0,0.0
GPDDA3pp,0.0,0.0,0.0
GPDDA4pp,0.0,0.0,0.0
GPDDA2pp,0.0,0.0,0.0
FACOAL120t2pp,0.0,0.0,0.0
FACOAL140t2pp,0.0,0.0,0.0
FE3HOXtonex,0.0,0.0,0.0
CU2abcpp,0.0,0.0,0.0
COBALT2abcpp,0.0,0.0,0.0
NI2abcpp,0.0,0.0,0.0
MG2uabcpp,0.0,0.0,0.0
HCYSMT2,0.0,0.0,0.0
MMETtex,0.0,0.0,0.0
FE3tex,0.0,0.0,0.0
MG2tex,0.007607950835153962,0.0036360649473660815,0.0041260259704140895
Zn2tex,0.0002990560501195967,0.0001429277402941595,0.00016218730327506684
MMETt2pp,0.0,0.0,0.0
CD2tex,0.0,0.0,0.0
GLNabcpp,0.0,0.0,0.0
GLUabcpp,0.0,0.0,0.0
GLUABUTt7pp,0.0,0.0,0.0
GLUt2rpp,0.0,0.0,0.0
GLUt4pp,0.0,0.0,0.0024756155822484548
GLYALDtpp,0.0,0.0,0.0
EX_etha_e,0.0,0.0,0.0
ACGK,0.25940876004978225,0.1239791265603813,0.1406853572150691
LCTSt3ipp,0.0,0.0,0.0
ARBt3ipp,0.0,0.0,0.0
14GLUCANabcpp,0.0,0.0,0.0
14GLUCANtexi,0.0,0.0,0.0
DHPTPE,0.0,0.0,0.0
NADPHQR2,0.0,1.2473489611786208,0.0
NADPHQR3,0.0,0.0,0.0
NADPHQR4,0.0,0.0,0.0
GLBRAN2,0.0,0.0,0.0
ASR,0.0,0.0,0.0
ASO3tex,0.0,0.0,0.0
MANGLYCtex,0.0,0.0,0.0
EX_frulys_e,0.0,0.0,0.0
METOX1s,0.0,0.0,0.0
METOX2s,0.0,0.0,0.0
FRUURt2rpp,0.0,0.0,0.0
FRUURtex,0.0,0.0,0.0
ECAtpp,0.0,0.0,0.0
O16AT,0.0,0.0,0.0
O16GALFT,0.0,0.0,0.0
O16GLCT2,0.0,0.0,0.0
O16AUNDtpp,0.0,0.0,0.0
O16AP1pp,0.0,0.0,0.0
GLYCAt2rpp,0.0,0.0,0.0
GLYCAtex,0.0,0.0,0.0
EX_enlipa_e,-0.0,-0.0,-0.0
EX_hacolipa_e,-0.0,-0.0,-0.0
AGM4PCP,0.0,0.0,0.0
4PCP,0.0,0.0,0.0
4PCPpp,0.0,0.0,0.0
FALDH2,0.0,0.0,0.0
GLYBabcpp,0.0,0.0,0.0
GLYC3Pt6pp,0.0,0.0,0.0
GLYCLTt4pp,0.0,0.0,0.0
GLYCtpp,0.0,0.0,0.0
H2Otpp,0.0,0.0,0.0
HCINNMt2rpp,0.0,0.0,0.0
HISabcpp,0.0,0.0,0.0
HISt2rpp,0.0,0.0,0.0
CBIAT,0.0,0.0,0.0
LYSabcpp,0.0,0.0,0.0
COBALT2tex,2.1924930360674245e-05,1.0478573335348937e-05,1.1890564756236573e-05
PPDOy,0.0,0.0,0.0
FALGTHLs,0.0,0.0,0.0
NTD12pp,0.0,0.0,0.0
PPA2,0.0,0.0,0.0
DIMPtex,0.0,0.0,0.0
3NTD7pp,0.0,0.0,0.0
3NTD4pp,0.0,0.0,0.0
3NTD2pp,0.0,0.0,0.0
3NTD9pp,0.0,0.0,0.0
23PDE7pp,0.0,0.0,0.0
GALTptspp,0.0,0.0,0.0
GALURt2rpp,0.0,0.0,0.0
GLCNt2rpp,0.0,0.0,0.0
GLCptspp,10.0,10.0,10.0
GLCRt2rpp,0.0,0.0,0.0
GLCt2pp,0.0,0.0,0.0
GLCURt2rpp,0.0,0.0,0.0
ACMUMptspp,0.0,0.0,0.0
EX_h2o_e,47.16236480869433,26.596916100205345,24.067065763937602
EX_ala__D_e,0.0,0.0,0.0
HSTPT,0.08308496210038227,0.039708763225771514,0.04505953295505361
THDPS,0.32532123969447,0.1554806520069741,0.17643172423044798
ACONMT,0.0,0.0,0.0
XTSNtex,0.0,0.0,0.0
EX_hdca_e,0.0,0.0,0.0
EX_glcr_e,0.0,-0.0,-0.0
GNK,0.0,0.0,0.0
HMBS,0.0003911407576344285,0.00018693774830262505,0.0002121276752512604
RMK,0.0,0.0,0.0
FHL,0.0,0.0,0.0
HYPOE,0.0,0.0,0.0
MEPCT,0.002095146345265468,0.001001332467925886,0.0011362623681059267
GLUDy,0.0,0.0,0.0
ZN2abcpp,0.0,0.0,0.0
GLYCLTDy,0.0,0.0,0.0
LYSDC,0.0,0.0,0.0
DAAD,0.0,0.0,0.0
UREAtpp,0.0,0.0,0.0
XANt2pp,0.0,0.0,0.0
GLYC3Pabcpp,0.0,0.0,0.0
PPPNt2rpp,0.0,0.0,0.0
PTRCORNt7pp,0.0,0.0,0.0
SPMDabcpp,0.0,0.0,0.0
HG2tex,0.0,0.0,0.0
NTPP5,0.0,0.0,0.0
ATPM,6.86,6.86,6.86
NADPPPS,0.0,0.0,0.0
EX_mnl_e,0.0,0.0,0.0
NTD3,0.0,0.0,0.0
GLYOX,0.0,0.0,0.0
DADNtex,0.0,0.0,0.0
DHAtex,0.0,0.0,0.0
ETOHtex,0.0,0.0,0.0
MTRPOX,0.0,0.0,0.0
AGM4PCPpp,0.0,0.0,0.0
GTPDPDP,0.0,0.0,0.0
RNDR2,0.0,0.0,0.0
EX_asn__L_e,0.0,0.0,0.0
EX_mal__L_e,0.0,0.0,0.0
NMNN,0.0,0.0,0.0
XAND,0.0,0.0,0.0
EX_no2_e,-0.0,0.0,-0.0
HACD3,0.31210576867027,0.1491645871433592,0.16926456741797882
ACACtex,0.0,0.0,0.0
ACNAMtex,0.0,0.0,0.0
ARBTNabcpp,0.0,0.0,0.0
NNDMBRT,0.0,0.0,0.0
THRA2,0.0,0.0,0.0
ASO3t8pp,0.0,0.0,0.0
H2Stex,0.0,0.0,0.0
PPK,0.0,0.0,0.0
OMCDC,0.3951144320129971,0.18883688493392367,0.21428272120768074
ABUTD,0.0,0.0,0.0
E4PD,0.0,0.0,0.0
IG3PS,0.08308496210038227,0.039708763225771514,0.04505953295505361
EX_nh4_e,0.0,0.0,0.0
DADK,0.0,0.0,0.0
DUTPDP,0.02294750911269609,0.010967293995709608,0.012445140696467443
EX_ddca_e,0.0,0.0,0.0
NTP5,0.0,0.0,0.0
FORt2pp,0.0,0.0,0.0
EX_r5p_e,0.0,-0.0,-0.0
EX_glyc2p_e,0.0,-0.0,-0.0
MTAN,0.0,0.0,0.0
DPR,0.0005910961225241707,0.0002825023371215707,0.00032056962582860393
THRD_L,0.2547931237102531,0.12177317730182365,0.1381821555225862
EX_malt_e,0.0,0.0,-0.0
4PEPTtex,0.0,0.0,0.0
NAMNPP,0.0,0.0,0.0
EX_pnto__R_e,0.0,0.0,0.0
SELNPS,0.0,0.0,0.0
CRNCAR,0.0,0.0,0.0
GALabcpp,0.0,0.0,0.0
GLYCLTt2rpp,0.0,0.0,0.0
GUAt2pp,0.0,0.0,0.0
HPPPNt2rpp,0.0,0.0,0.0
ANHMK,0.0,0.0,0.0
DHFR,0.02353422024914775,0.011247700618163513,0.012763332209344377
EX_cit_e,0.0,0.0,0.0
PRAIi,0.049851152659672236,0.023825341764049584,0.027035814897550216
TYRTA,0.0,0.0,0.0
SHKK,0.3342403013651922,0.15974333563979398,0.18126880597328507
EX_gam_e,0.0,0.0,0.0
EX_inost_e,0.0,-0.0,3.828700458887932e-13
EX_mobd_e,0.0,0.0,0.0
EX_so4_e,0.0,0.0,0.0
SADH,0.0,0.0,0.0
GLUSy,0.0,0.0,0.0
GUAPRT,0.0,0.0,0.0
EX_phe__L_e,0.0,0.0,0.0
EX_thr__L_e,0.0,0.0,0.0
EX_uri_e,0.0,0.0,0.0
PDH,9.689686793405716,0.0,8.639750499214458
DMSOR2pp,0.0,0.0,0.0
H2St1pp,0.0,0.0,0.0
HYD3pp,0.0,0.0,0.0
NO3R1pp,0.0,0.0,0.0
EX_halipa_e,-0.0,-0.0,-0.0
AACPS5,0.0,0.0,0.0
MANptspp,0.0,0.0,0.0
EX_cmp_e,0.0,0.0,0.0
NTD8,0.0,0.0,0.0
GALCTD,0.0,0.0,0.0
EX_malthx_e,0.0,0.0,-0.0
MLTG4,0.0,0.0,0.0
UDPGDC,0.0,0.0,0.0
PUNP4,0.0,0.0,0.0
AMAOTr,1.7539944288539394e-06,8.382858668279151e-07,9.512451804989256e-07
EX_csn_e,0.0,0.0,0.0
EX_etoh_e,0.0,0.0,0.0
EX_his__L_e,0.0,0.0,0.0
EX_k_e,0.0,0.0,0.0
EX_na1_e,-0.0,0.0,0.0
ARGORNt7pp,0.0,0.0,0.0
EX_dmso_e,-0.0,-0.0,-0.0
EX_12ppd__S_e,0.0,0.0,-0.0
EX_pppn_e,0.0,-0.0,-0.0
EX_acgam1p_e,0.0,0.0,0.0
NTD11pp,0.0,0.0,0.0
EX_galt_e,0.0,-0.0,-0.0
DKGLCNR2x,0.0,0.0,0.0
ACGS,0.25940876004978225,0.1239791265603813,0.1406853572150691
PDE1,0.0,0.0,0.0
MCITD,0.0,0.0,0.0
CU2tex,0.0006217910250287215,0.0002971723397904958,0.0003372164164868692
GLCATr,0.0,0.0,0.0
FECRMUtex,0.0,0.0,0.0
ALAALAr,0.02436999859449664,0.01164714383370705,0.013216600537852074
CLtex,0.004564770501092378,0.002181638968419649,0.0024756155822484548
CELBpts,0.0,0.0,0.0
ACACT1r,0.31210576867027,0.1491645871433592,0.16926456741797882
MALTptspp,0.0,0.0,0.0
EX_glcur1p_e,0.0,0.0,0.0
EX_thrp_e,0.0,0.0,0.0
EX_pydxn_e,0.0,0.0,0.0
CD2abcpp,0.0,0.0,0.0
G2PPpp,0.0,0.0,0.0
Kt3pp,0.0,0.0,0.0
AGM3PApp,0.0,0.0,0.0
SUCOAS,0.0,0.2200324360391243,0.2496818837321775
NTP1,0.0,0.0,0.0
GALKr,0.0,0.0,0.0
PANTS,0.0005910961225241707,0.0002825023371215707,0.00032056962582860393
YUMPS,0.0,0.0,0.0
DHQS,0.3342403013651922,0.15974333563979398,0.18126880597328507
PGCD,1.5065360713461386,0.6971101439954804,0.7910459796510927
EX_cys__L_e,0.0,0.0,0.0
EX_gsn_e,0.0,0.0,0.0
EX_orot_e,0.0,0.0,0.0
ADSL1r,0.2624887742668401,0.12545115654258526,0.14235574375201582
SERD_D,0.0,0.0,0.0
AICART,0.4757990527374832,0.2273984539509953,0.2580404751332122
FRUpts2pp,0.0,0.0,0.0
G6Pt6_2pp,0.0,0.0,0.0
PROtex,0.0,0.0,0.0
SBTtex,0.0,0.0,0.0
PFK,6.415606652499193,8.565137984913628,3.3663883959922263
PGM,0.0,0.0,0.0
TPI,8.328231696622353,8.505910573564636,3.2991800702544363
RPI,0.0,0.0,0.0
PERD,0.0,0.0,0.0
PYDAMK,0.0,0.0,0.0
AKGtex,0.0,0.0,0.0
ALLTNtex,0.0,0.0,0.0
ASNtex,0.0,0.0,0.0
FE3HOXabcpp,0.0,0.0,0.0
FADRx2,0.0,0.0,0.0
EX_o2_e,0.0,0.0,0.0
EX_gal_bD_e,0.0,-0.0,0.0
PDE4,0.0,0.0,0.0
AGM4PH,0.0,0.0,0.0
AM4PA,0.0,0.0,0.0
EX_dump_e,0.0,0.0,0.0
EX_o2s_e,0.0,0.0,0.0
EX_gal1p_e,0.0,-0.0,-0.0
EX_dcmp_e,0.0,0.0,0.0
EX_23ccmp_e,0.0,0.0,0.0
EX_3cmp_e,0.0,0.0,0.0
ATHRDHr,0.0,0.0,0.0
LSERDHr,0.0,0.0,0.0
DSERDHr,0.0,0.0,0.0
EX_skm_e,0.0,0.0,0.0
EX_ag_e,-0.0,-0.0,-0.0
EX_cys__D_e,0.0,0.0,0.0
EX_acser_e,0.0,0.0,0.0
EX_cu_e,0.0,-0.0,0.0
EX_arbtn_e,-0.0,-0.0,-0.0
EX_dopa_e,0.0,-0.0,-0.0
EX_hom__L_e,0.0,0.0,0.0
OBTFL,0.0,0.0,0.0
THRt2pp,0.0,0.0,0.0
EX_LalaDgluMdapDala_e,0.0,0.0,0.0
EX_LalaDgluMdap_e,0.0,0.0,0.0
EX_anhgm_e,0.0,0.0,0.0
EX_fald_e,0.0,0.0,-0.0
G6PP,0.0,0.0,0.0
MMCD,0.0,0.0,0.0
GLNS,1.3737784255196086,0.6565693820469357,0.7450423358543841
TYMtex,0.0,0.0,0.0
GTHS,0.0,0.0,0.0
EX_g3pe_e,0.0,0.0,0.0
EX_pacald_e,0.0,-0.0,-0.0
CMPtex,0.0,0.0,0.0
DUMPtex,0.0,0.0,0.0
XMPtex,0.0,0.0,0.0
3PEPTtex,0.0,0.0,0.0
ANHGMtex,0.0,0.0,0.0
UDPKAAT,0.0,0.0,0.0
ULA4NFT,0.0,0.0,0.0
UPLA4FNT,0.0,0.0,0.0
UPLA4FNF,0.0,0.0,0.0
ULA4Ntppi,0.0,0.0,0.0
HEPT1,0.0,0.0,0.0
FALDtex,0.0,0.0,0.0
ALR2,0.0,0.0,0.0
AMALT2,0.0,0.0,0.0
MLTP1,0.0,0.0,0.0
HEPT2,0.0,0.0,0.0
CYSDtex,0.0,0.0,0.0
CYSDabcpp,0.0,0.0,0.0
HXAND,0.0,0.10194729740841,0.1156847313811964
EX_acgal_e,-0.0,-0.0,-0.0
EX_so2_e,0.0,0.0,0.0
EX_dms_e,-0.0,-0.0,-0.0
G3PItex,0.0,0.0,0.0
G3PGtex,0.0,0.0,0.0
G3PEtex,0.0,0.0,0.0
G3PCtex,0.0,0.0,0.0
MOAT3C,0.0,0.0,0.0
RHAT1,0.0,0.0,0.0
GLCabcpp,0.0,0.0,0.0
GALT1,0.0,0.0,0.0
GLCTR2,0.0,0.0,0.0
UDPGPpp,0.0,0.0,0.0
EX_acgal1p_e,0.0,0.0,0.0
EX_cyan_e,-0.0,-0.0,-0.0
EX_tyrp_e,0.0,0.0,0.0
EX_uacgam_e,0.0,0.0,0.0
EX_udpacgal_e,0.0,0.0,0.0
EX_udpg_e,0.0,0.0,0.0
EX_udpgal_e,0.0,0.0,0.0
EX_udpglcur_e,0.0,0.0,0.0
EX_14glucan_e,0.0,0.0,-0.0
EX_pser__L_e,0.0,0.0,0.0
EX_aso3_e,0.0,0.0,0.0
EX_tcynt_e,-0.0,0.0,0.0
EX_fe3dhbzs_e,-0.0,-0.0,-0.0
PPPGO,0.0,9.346887415131253e-05,0.0001060638376256302
EX_feoxam_un_e,0.0,-0.0,-0.0
EX_g3pc_e,0.0,0.0,0.0
EX_g3pg_e,0.0,0.0,0.0
EX_g3pi_e,0.0,0.0,0.0
EX_g3ps_e,0.0,0.0,0.0
EX_peamn_e,0.0,0.0,0.0
EX_34dhpac_e,-0.0,-0.0,-0.0
DAMPtex,0.0,0.0,0.0
DCMPtex,0.0,0.0,0.0
DGMPtex,0.0,0.0,0.0
DTMPtex,0.0,0.0,0.0
GMPtex,0.0,0.0,0.0
IMPtex,0.0,0.0,0.0
UMPtex,0.0,0.0,0.0
G1Ptex,0.0,0.0,0.0
ADNK1,0.0005902191253091381,0.0,0.0
CUt3,0.0,0.0,0.0
ZN2t3pp,0.0,0.0,0.0
SKMtex,0.0,0.0,0.0
MNt2pp,0.0,0.0,0.0
MNtex,0.0006060050751690361,0.00028962776698904463,0.00032865520986237885
GAL1Ptex,0.0,0.0,0.0
O2Stex,0.0,0.0,0.0
HEPK1,0.0,0.0,0.0
HEPT3,0.0,0.0,0.0
HEPK2,0.0,0.0,0.0
ALDD3y,0.0,0.0,0.0
R5PP,0.0,0.0,0.0
EX_xmp_e,0.0,0.0,0.0
EX_damp_e,0.0,0.0,0.0
CYSSADS,0.0,0.0,0.0
EX_dimp_e,0.0,0.0,0.0
CPPPGO2,0.0,0.0,0.0
EX_isetac_e,0.0,-0.0,-0.0
AGM3PH,0.0,0.0,0.0
HOMt2pp,0.0,0.0,0.0
HOMtex,0.0,0.0,0.0
SO2tex,0.0,0.0,0.0
SO2tpp,0.0,0.0,0.0
LDH_D2,0.0,0.0,0.0
SHCHF,0.00019557037881721422,9.346887415131253e-05,0.0001060638376256302
SUCBZL,0.0,0.0,0.0
CYSDDS,0.0,0.0,0.0
CYStpp,0.0,0.0,0.0
ACSERtpp,0.0,0.0,0.0
ACSERtex,0.0,0.0,0.0
LALDO3,0.0,0.0,0.0
NTP10,0.0,0.0,0.0
PRAIS,0.3929096610159181,0.18778315959937508,0.21308700601578426
GDMANE,0.0,0.0,0.0
GPDDA4,0.0,0.0,0.0
LPLIPAL2E140,0.0,0.0,0.0
LPLIPAL2E180,0.0,0.0,0.0
LPLIPAL2G161,0.0,0.0,0.0
LPLIPAL2G181,0.0,0.0,0.0
2AGPE120tipp,0.0,0.0,0.0
AACPS6,0.0,0.0,0.0
AACPS7,0.0682514312155645,0.03261937965000783,0.0370148524635742
G3PGabcpp,0.0,0.0,0.0
G3PIabcpp,0.0,0.0,0.0
G3PSabcpp,0.0,0.0,0.0
QMO2,0.0014259974706582186,0.0,0.0
QMO3,0.0,0.0,0.0
LPLIPAL2E141,0.0,0.0,0.0
LPLIPAL2E161,0.0,0.0,0.0
LPLIPAL2E181,0.0,0.0,0.0
LPLIPAL2G180,0.0,0.0,0.0
LPLIPAL2G141,0.0,0.0,0.0
2AGPA120tipp,0.0,0.0,0.0
2AGPG180tipp,0.0,0.0,0.0
IPDDI,0.0,0.00011652173548907293,0.00013222308008934563
2AGPGAT180,0.0,0.0,0.0
2AGPGAT181,0.0,0.0,0.0
LPLIPAL2ATG120,0.0,0.0,0.0
PLIPA1E140pp,0.0,0.0,0.0
PLIPA1E160pp,0.0,0.0,0.0
PLIPA1E161pp,0.0,0.0,0.0
AACPS8,0.0,0.0,0.0
AACPS9,0.0,0.0,0.0
HXCT,0.0,0.0,0.0
2AGPEAT160,0.0,0.0,0.0
DURADx,0.0,0.0,0.0
ECOAH7,0.2438543374547055,0.11654520749335134,0.13224971495440466
G1PPpp,0.0,0.0,0.0
GALCTND,0.0,0.0,0.0
GCALDD,7.873476176589733e-13,0.0,0.0
HISTP,0.08308496210038227,0.039708763225771514,0.04505953295505361
LDH_D,0.0,0.0,0.0
AMALT4,0.0,0.0,0.0
NTD11,0.0,0.10194729740841,0.1156847313811964
ORNDC,0.0,0.0,0.0
UPP3MT,0.00019557037881721422,9.346887415131253e-05,0.0001060638376256302
KAS15,0.0,0.0,0.0
ALAALAtex,0.0,0.0,0.0
FACOAL181t2pp,0.0,0.0,0.0
T2DECAI,0.0,0.0,0.0
3OAS161,0.0,0.0,0.0
EAR141y,0.0,0.0,0.0
EAR161x,0.0,0.0,0.0
DASYN160,0.055964700241442636,0.02674718715287828,0.03035137997417921
DASYN161,0.0659624684859101,0.0315254165937974,0.0357734775030231
DASYN181,0.0,0.0,0.0
CDAPPA161,0.0,0.0,0.0
PGSA180,0.0,0.0,0.0
PSSA140,0.0,0.0,0.0
2AGPGAT141,0.0,0.0,0.0
FACOAE180,0.0,0.0,0.0
FACOAE100,0.0,0.0,0.0
FACOAE80,0.0,0.0,0.0
FACOAE60,0.0,0.0,0.0
PLIPA1E120pp,0.0,0.0,0.0
MALtex,0.0,0.0,0.0
NO3tex,0.0,0.0,0.0
3OAS141,0.0,0.0,0.0
3OAR121,0.0,0.0,0.0
CFAS160G,0.0,0.0,0.0
URAt2pp,0.0,0.0,0.0
FACOAE141,0.0,0.0,0.0
FACOAE161,0.1319249369718202,0.0630508331875948,0.0715469550060462
TTDCEAtexi,0.0,0.0,0.0
HDCEAtexi,0.0,0.0,0.0
ALAALAD,0.0,0.0,0.0
2AGPEAT180,0.0,0.0,0.0
2AGPEAT181,0.0,0.0,0.0
2AGPGAT140,0.0,0.0,0.0
PLIPA1E181pp,0.0,0.0,0.0
PLIPA1G180pp,0.0,0.0,0.0
PLIPA1G181pp,0.0,0.0,0.0
ALAALAabcpp,0.0,0.0,0.0
HEXt2rpp,0.0,0.0,0.0
G3PEabcpp,0.0,0.0,0.0
G3PCabcpp,0.0,0.0,0.0
2AGPGAT161,0.0,0.0,0.0
AMPTASEPG,0.0,0.0,0.0
PROGLYabcpp,0.0,0.0,0.0
GTHRDabcpp,0.0,0.0,0.0
2AGPG140tipp,0.0,0.0,0.0
2AGPG160tipp,0.0,0.0,0.0
2AGPG141tipp,0.0,0.0,0.0
2AGPG161tipp,0.0,0.0,0.0
2AGPG181tipp,0.0,0.0,0.0
2AGPEAT140,0.0,0.0,0.0
2AGPEAT120,0.0,0.0,0.0
2AGPEAT161,0.0,0.0,0.0
2AGPEAT141,0.0,0.0,0.0
2AGPGAT160,0.0,0.0,0.0
LPLIPAL2ATG140,0.0,0.0,0.0
LPLIPAL2ATG141,0.0,0.0,0.0
LPLIPAL2ATG160,0.0,0.0,0.0
LPLIPAL2ATG180,0.0,0.0,0.0
LPLIPAL2ATG161,0.0,0.0,0.0
LPLIPAL2ATG181,0.0,0.0,0.0
CLPNS180pp,0.0,0.0,0.0
CLPNS181pp,0.0,0.0,0.0
PG161abcpp,0.0,0.0,0.0
PGP120abcpp,0.0,0.0,0.0
PGP161abcpp,0.0,0.0,0.0
PGP181abcpp,0.0,0.0,0.0
PA120abcpp,0.0,0.0,0.0
PLIPA1G120pp,0.0,0.0,0.0
CLPNS120pp,0.0,0.0,0.0
ALPATE160pp,0.0,0.0,0.0
ALPATG160pp,0.0,0.0,0.0
2AGPGAT120,0.0,0.0,0.0
LPLIPAL2ATE120,0.0,0.0,0.0
LPLIPAL2ATE140,0.0,0.0,0.0
LPLIPAL2ATE160,0.0,0.0,0.0
LPLIPAL2ATE180,0.0,0.0,0.0
LPLIPAL2ATE141,0.0,0.0,0.0
LPLIPAL2ATE161,0.0,0.0,0.0
LPLIPAL2ATE181,0.0,0.0,0.0
FACOAL141t2pp,0.0,0.0,0.0
FACOAL161t2pp,0.0,0.0,0.0
PA160abcpp,0.0,0.0,0.0
PA181abcpp,0.0,0.0,0.0
12DGR141tipp,0.0,0.0,0.0
PGPP140pp,0.0,0.0,0.0
PGPP141pp,0.0,0.0,0.0
PGPP160pp,0.0,0.0,0.0
PGPP180pp,0.0,0.0,0.0
CLPNH141pp,0.0,0.0,0.0
CLPNH160pp,0.0,0.0,0.0
CLPNH161pp,0.0,0.0,0.0
CLPNH181pp,0.0,0.0,0.0
PLIPA1E180pp,0.0,0.0,0.0
PLIPA1G140pp,0.0,0.0,0.0
PLIPA1G161pp,0.0,0.0,0.0
CLPNS160pp,0.0,0.0,0.0
CLPNS161pp,0.0,0.0,0.0
PG160abcpp,0.0,0.0,0.0
PGP140abcpp,0.0,0.0,0.0
PAPA120pp,0.0,0.0,0.0
PAPA140pp,0.0,0.0,0.0
PAPA141pp,0.0,0.0,0.0
PAPA160pp,0.0,0.0,0.0
PAPA161pp,0.0,0.0,0.0
PAPA180pp,0.0,0.0,0.0
HPYRI,0.0,0.0,0.0
FE3HOXUtex,0.0,0.0,0.0
TPRDCOAS,0.0,0.0,0.0
ACGAM1PPpp,0.0,0.0,0.0
EX_dgmp_e,0.0,0.0,0.0
GAMptspp,0.0,0.0,0.0
GSNt2pp,0.0,0.0,0.0
EX_4hoxpacd_e,-0.0,-0.0,-0.0
GSNtex,0.0,0.0,0.0
FORtex,0.0,0.0,0.0
D_LACt2pp,0.0,0.0,0.0
RIBtex,0.0,0.0,0.0
FLVRx,0.0,0.0,0.0
THMtex,0.0,0.0,0.0
XYLUtex,0.0,0.0,0.0
EX_manglyc_e,0.0,0.0,0.0
ALLtex,0.0,0.0,0.0
GGPTRCO,0.0,0.0,0.0
EX_metsox_R__L_e,0.0,0.0,0.0
34dhpactex,0.0,0.0,0.0
MALTHXtexi,0.0,0.0,0.0
12PPDStpp,0.0,0.0,0.0
HYD1pp,0.0,0.0,0.0
EX_cl_e,0.0,0.0,0.0
FE3DHBZStonex,0.0,0.0,0.0
AACTOOR,0.0,0.0,0.0
H2tpp,0.0,0.0,0.0
23DAPPAtex,0.0,0.0,0.0
ECAP3pp,0.0,0.0,0.0
FEOXAMtonex,0.0,0.0,0.0
FMNRx,0.0,0.0,0.0
EX_3hpppn_e,0.0,-0.0,0.0
EX_man6p_e,0.0,0.0,0.0
EX_tsul_e,-0.0,-0.0,-0.0
PHEt2rpp,0.0,0.0,0.0
DHBS,0.0,0.0,0.0
EX_n2o_e,-0.0,-0.0,-0.0
MDDCP1pp,0.0,0.0,0.0
GUI2,0.0,0.0,0.0
OMBZLM,0.0,0.0,0.0
EX_maltttr_e,0.0,0.0,-0.0
GLYCK,0.0,0.0,0.0
MLTG5,0.0,0.0,0.0
GPDDA3,0.0,0.0,0.0
2DOXG6PP,0.0,0.0,0.0
OXAMTC,0.0,0.0,0.0
UDCPPtppi,0.0,0.0,0.0
AGMH,0.0,0.0,0.0
MPTG,0.012184999297248318,0.005823571916853525,0.006608300268926037
MPTG2,0.0,0.0,0.0
MCTP1App,0.012184999297248318,0.005823571916853525,0.006608300268926037
MCTP2App,0.0,0.0,0.0
MCTP1Bpp,0.0,0.0,0.0
MELIBt3ipp,0.0,0.0,0.0
EX_lipoate_e,0.0,-0.0,-0.0
EX_pydx_e,0.0,0.0,0.0
EX_g1p_e,0.0,0.0,-0.0
GLCtex_copy2,0.0,0.0,0.0
NAt3pp,0.0,0.0,0.0
SFGTHi,0.0,0.0,0.0
DHORDfum,0.0,4.107600747460527e-05,4.6611013844455325e-05
K2L4Aabcpp,0.017062857803891125,0.008154844912501956,0.00925371311589355
DSBCGT,0.0,0.0,0.0
DSBGGT,0.0,0.0,0.0
DHNAOT4,0.0,0.0,0.0
AMPMS2,0.00019557037881721422,9.346887415131253e-05,0.0001060638376256302
DM_oxam_c,-0.0,-0.0,-0.0
THIORDXi,0.0,0.0,0.0
PPPGO3,0.00019557037881721422,0.0,0.0
PDX5POi,0.0,0.0,0.0
PDX5PO2,0.00019557037881721422,9.346887415131253e-05,0.0001060638376256302
PLIPA1A181pp,0.0,0.0,0.0
LPLIPAL2A141,0.0,0.0,0.0
HG2t3pp,0.0,0.0,0.0
CYTBO3_4pp,44.25628774288419,18.908525153884877,20.98036793541896
EAR141x,0.0,0.0,0.0
EAR181x,0.0,0.0,0.0
EAR181y,0.0,0.0,0.0
G3PAT141,0.0,0.0,0.0
G3PAT181,0.0,0.0,0.0
DASYN140,0.0,0.0,0.0
DASYN180,0.0,0.0,0.0
DASYN141,0.0,0.0,0.0
CDAPPA160,0.0,0.0,0.0
CDAPPA141,0.0,0.0,0.0
PGSA141,0.0,0.0,0.0
EX_alaala_e,0.0,0.0,0.0
EX_dtmp_e,0.0,0.0,0.0
5DOAN,0.0001973243732460682,9.430716001814041e-05,0.00010701508280612913
DM_5drib_c,0.0001973243732460682,9.430716001814041e-05,0.00010701508280612913
MINOHPtexi,0.0,0.0,3.828700458887932e-13
12PPDRtpp,0.0,0.0,0.0
FACOAE120,0.0682514312155645,0.03261937965000783,0.0370148524635742
3OAR120,0.0,0.0,0.0
3HAD80,0.0,0.0,0.0
3HAD120,0.0,0.0,0.0
EAR180x,0.0,0.0,0.0
SO4t2pp,0.22084543853699987,0.10554857349230333,0.1197712806766202
EAR180y,0.0,0.0,0.0
AGPAT120,0.0,0.0,0.0
PGPP120,0.0,0.0,0.0
DAGK120,0.0,0.0,0.0
PSSA180,0.0,0.0,0.0
PSSA161,0.0659624684859101,0.0315254165937974,0.0357734775030231
PSSA141,0.0,0.0,0.0
PSD160,0.055964700241442636,0.02674718715287828,0.030351379974179218
PSD161,0.0659624684859101,0.0315254165937974,0.0357734775030231
PSD180,0.0,0.0,0.0
COLIPAabcpp,0.0,0.0,0.0
PLIPA2A140pp,0.0,0.0,0.0
PLIPA2A141pp,0.0,0.0,0.0
PLIPA2A180pp,0.0,0.0,0.0
GAM6Pt6_2pp,0.0,0.0,0.0
PPALtex,0.0,0.0,0.0
CA2tex,0.004564770501092378,0.002181638968419649,0.0024756155822484548
CUtex,0.0,0.0,0.0
CU1Opp,0.0,0.0,0.0
SUCDi,5.970563487315402,0.0,0.0
LPLIPAL1E141pp,0.0,0.0,0.0
LALDO2x,0.0,0.0,0.0
12PPDRtex,0.0,0.0,0.0
LPLIPAL1E160pp,0.0,0.0,0.0
LPLIPAL1E180pp,0.0,0.0,0.0
LPLIPAL1E181pp,0.0,0.0,0.0
LPLIPAL1G160pp,0.0,0.0,0.0
LPLIPAL1G161pp,0.0,0.0,0.0
LPLIPAL1G120pp,0.0,0.0,0.0
PLIPA2E140pp,0.0,0.0,0.0
PLIPA2E160pp,0.0,0.0,0.0
PLIPA2A161pp,0.0,0.0,0.0
PLIPA2A181pp,0.0,0.0,0.0
F6Ptex,0.0,0.0,0.0
GAMAN6Ptex,0.0,0.0,0.0
ALR4x,0.0,0.0,0.0
LPLIPAL1G141pp,0.0,0.0,0.0
LPLIPAL1G180pp,0.0,0.0,0.0
LPLIPAL1G181pp,0.0,0.0,0.0
ACONIs,0.0,0.0,0.0
ACONTb,6.913003110880124,0.4506591288632196,0.5113856040555007
GLCP2,0.0,0.0,0.0
F6Pt6_2pp,0.0,0.0,0.0
PPALtpp,0.0,0.0,0.0
PLIPA2E141pp,0.0,0.0,0.0
PLIPA2E181pp,0.0,0.0,0.0
PLIPA2G140pp,0.0,0.0,0.0
3HAD161,0.0,0.0,0.0
PLIPA2G160pp,0.0,0.0,0.0
PLIPA2G181pp,0.0,0.0,0.0
ASNS1,0.0,0.0,0.0
EAR80y,0.0,0.0,0.0
EAR120y,0.0,0.0,0.0
3OAR181,0.0,0.0,0.0
3HAD121,0.0,0.0,0.0
EAR121y,0.0,0.0,0.0
GTHRDHpp,0.0,0.0,0.0
PROGLYtex,0.0,0.0,0.0
EX_progly_e,0.0,0.0,0.0
MDDCP2pp,0.0,0.0,0.0
MDDCP3pp,0.0,0.0,0.0
EAR140x,0.0,0.0,0.0
EAR40y,0.0,0.0,0.0
3OAS181,0.0,0.0,0.0
EAR161y,0.0,0.0,0.0
G3PAT140,0.0,0.0,0.0
G3PAT160,0.055964700241442636,0.0,0.0
G3PAT161,0.0659624684859101,0.0,0.0
AGPAT160,0.055964700241442636,0.02674718715287828,0.03035137997417921
CDAPPA140,0.0,0.0,0.0
MLDCP1App,0.0,0.0,0.0
EAR160y,0.0,0.0,0.0
EAR100y,0.0,0.0,0.0
3OAR141,0.0,0.0,0.0
3OAR161,0.0,0.0,0.0
3HAD141,0.0,0.0,0.0
EAR121x,0.0,0.0,0.0
PSD140,0.0,0.0,0.0
MICITDr,0.0,0.0,0.0
CDAPPA181,0.0,0.0,0.0
PGSA140,0.0,0.0,0.0
LPLIPAL1A141pp,0.0,0.0,0.0
LPLIPAL1A180pp,0.0,0.0,0.0
LPLIPAL1E140pp,0.0,0.0,0.0
LPLIPAL1E161pp,0.0,0.0,0.0
LPLIPAL1G140pp,0.0,0.0,0.0
ACONTa,6.913003110880124,0.4506591288632196,0.5113856040555007
MLDCP2App,0.0,0.0,0.0
12DGR140tipp,0.0,0.0,0.0
12DGR160tipp,0.0,0.0,0.0
12DGR180tipp,0.0,0.0,0.0
PGPP120pp,0.0,0.0,0.0
PGPP181pp,0.0,0.0,0.0
CLPNH120pp,0.0,0.0,0.0
CLPNH140pp,0.0,0.0,0.0
EX_12ppd__R_e,-0.0,-0.0,0.0
PGSA181,0.0,0.0,0.0
PGPP140,0.0,0.0,0.0
PGPP141,0.0,0.0,0.0
MDDCP5pp,0.0,0.0,0.0
MLTGY3pp,0.0,0.0,0.0
G3PAT180,0.0,0.0,0.0
AGPAT140,0.0,0.0,0.0
PGSA160,0.0,0.0,0.0
MLDCP2Bpp,0.0,0.0,0.0
3OAS140,0.0682514312155645,0.03261937965000783,0.0370148524635742
3OAR140,0.0682514312155645,0.03261937965000783,0.0370148524635742
3OAR160,0.0,0.0,0.0
PGSA161,0.0,0.0,0.0
3HAD181,0.0,0.0,0.0
PGPP160,0.0,0.0,0.0
PGPP180,0.0,0.0,0.0
PGPP161,0.0,0.0,0.0
PGPP181,0.0,0.0,0.0
CDAPPA180,0.0,0.0,0.0
NTP12,0.0,0.0,0.0
PE141abcpp,0.0,0.0,0.0
PE160abcpp,0.055964700241442636,0.02674718715287828,0.030351379974179218
PE161abcpp,0.0659624684859101,0.0315254165937974,0.0357734775030231
PSD141,0.0,0.0,0.0
PG140abcpp,0.0,0.0,0.0
PG141abcpp,0.0,0.0,0.0
PG180abcpp,0.0,0.0,0.0
PG181abcpp,0.0,0.0,0.0
PGP141abcpp,0.0,0.0,0.0
PGP160abcpp,0.0,0.0,0.0
PGP180abcpp,0.0,0.0,0.0
PAPA181pp,0.0,0.0,0.0
PA140abcpp,0.0,0.0,0.0
12DGR120tipp,0.0,0.0,0.0
MDDCP4pp,0.0,0.0,0.0
CLPNS140pp,0.0,0.0,0.0
CLPNS141pp,0.0,0.0,0.0
PG120abcpp,0.0,0.0,0.0
PE140abcpp,0.0,0.0,0.0
CFAS160E,0.0,0.0,0.0
CFAS180E,0.0,0.0,0.0
CFAS180G,0.0,0.0,0.0
PAPA160,0.0,0.0,0.0
PAPA180,0.0,0.0,0.0
PAPA181,0.0,0.0,0.0
PETNT161pp,0.0,0.0,0.0
PSSA160,0.055964700241442636,0.02674718715287828,0.03035137997417921
PSSA181,0.0,0.0,0.0
DAGK140,0.0,0.0,0.0
DAGK160,0.0,0.0,0.0
DAGK141,0.0,0.0,0.0
DAGK161,0.0,0.0,0.0
AGPAT181,0.0,0.0,0.0
MDDEP3pp,0.0,0.0,0.0
MDDEP4pp,0.0,0.0,0.0
MLTGY1pp,0.0,0.0,0.0
CGLYtex,0.0,0.0,0.0
3HAD40,0.0,0.0,0.0
PLIPA1E141pp,0.0,0.0,0.0
3OAS60,0.0,0.0,0.0
3OAS160,0.0,0.0,0.0
3OAR60,0.0,0.0,0.0
3OAR80,0.0,0.0,0.0
MLDCP3App,0.0,0.0,0.0
MLDCP1Bpp,0.0,0.0,0.0
2AGPE181tipp,0.0,0.0,0.0
2AGPA140tipp,0.0,0.0,0.0
2AGPA160tipp,0.0,0.0,0.0
2AGPA180tipp,0.0,0.0,0.0
2AGPA141tipp,0.0,0.0,0.0
EX_urate_e,0.0,0.0,0.0
PLIPA1G160pp,0.0,0.0,0.0
PLIPA1G141pp,0.0,0.0,0.0
LPLIPAL2E160,0.0,0.0,0.0
LPLIPAL2G140,0.0,0.0,0.0
LPLIPAL2G160,0.0,0.0,0.0
2AGPE140tipp,0.0,0.0,0.0
2AGPE160tipp,0.0,0.0,0.0
2AGPE180tipp,0.0,0.0,0.0
2AGPE141tipp,0.0,0.0,0.0
2AGPE161tipp,0.0,0.0,0.0
2AGPA161tipp,0.0,0.0,0.0
2AGPA181tipp,0.0,0.0,0.0
2AGPG120tipp,0.0,0.0,0.0
LPLIPAL2G120,0.0,0.0,0.0
PA141abcpp,0.0,0.0,0.0
PA161abcpp,0.0,0.0,0.0
PA180abcpp,0.0,0.0,0.0
PGPP161pp,0.0,0.0,0.0
PE120abcpp,0.0,0.0,0.0
PE180abcpp,0.0,0.0,0.0
PAPA140,0.0,0.0,0.0
PAPA141,0.0,0.0,0.0
PAPA161,0.0,0.0,0.0
GTHOXtex,0.0,0.0,0.0
DSBAO1,0.0,0.0,0.0
DSBAO2,0.0,0.0,0.0
DSBDR,0.0,0.0,0.0
TDSR1,0.0,0.0,0.0
CGLYabcpp,0.0,0.0,0.0
PLIPA2A120pp,0.0,0.0,0.0
PLIPA2A160pp,0.0,0.0,0.0
CLPNH180pp,0.0,0.0,0.0
LPLIPAL2E120,0.0,0.0,0.0
EAR100x,0.0,0.0,0.0
EAR120x,0.0,0.0,0.0
EAR160x,0.0,0.0,0.0
EAR140y,0.0,0.0,0.0
3OAS121,0.0,0.0,0.0
3OAS80,0.0,0.0,0.0
3OAS100,0.0,0.0,0.0
3OAS120,0.0,0.0,0.0
3OAR40,0.0,0.0,0.0
3OAR100,0.0,0.0,0.0
3HAD60,0.0,0.0,0.0
3HAD100,0.0,0.0,0.0
3HAD140,0.0,0.0,0.0
3HAD160,0.0,0.0,0.0
AGPAT180,0.0,0.0,0.0
AGPAT141,0.0,0.0,0.0
AGPAT161,0.0659624684859101,0.0315254165937974,0.0357734775030231
DASYN120,0.0,0.0,0.0
EAR40x,0.0,0.0,0.0
EAR60y,0.0,0.0,0.0
MLDEP1pp,0.0,0.0,0.0
MLDEP2pp,0.0,0.0,0.0
MLTGY2pp,0.0,0.0,0.0
MLTGY4pp,0.0,0.0,0.0
EAR60x,0.0,0.0,0.0
EAR80x,0.0,0.0,0.0
PE181abcpp,0.0,0.0,0.0
12DGR161tipp,0.0,0.0,0.0
12DGR181tipp,0.0,0.0,0.0
NTP11,0.0,0.0,0.0
3OAS180,0.0,0.0,0.0
3HAD180,0.0,0.0,0.0
CDAPPA120,0.0,0.0,0.0
PSSA120,0.0,0.0,0.0
PSD120,0.0,0.0,0.0
PAPA120,0.0,0.0,0.0
EX_cpgn_un_e,-0.0,-0.0,-0.0
MDDEP1pp,0.0,0.0,0.0
MDDEP2pp,0.0,0.0,0.0
PSD181,0.0,0.0,0.0
DAGK180,0.0,0.0,0.0
DAGK181,0.0,0.0,0.0
PLIPA2E120pp,0.0,0.0,0.0
PLIPA2G141pp,0.0,0.0,0.0
PLIPA2G161pp,0.0,0.0,0.0
LPLIPAL1A120pp,0.0,0.0,0.0
LPLIPAL1A140pp,0.0,0.0,0.0
LPLIPAL1A181pp,0.0,0.0,0.0
LPLIPAL1E120pp,0.0,0.0,0.0
3OAR180,0.0,0.0,0.0
G3PAT120,0.0,0.0,0.0
PGSA120,0.0,0.0,0.0
TDSR2,0.0,0.0,0.0
GTHRDtex,0.0,0.0,0.0
GTHRDabc2pp,0.0,0.0,0.0
OMMBLHX3,0.0,0.0,0.0
NADHPO,0.0,0.0,0.0
ACOAD7f,0.0,0.0,0.0
ACOAD8f,0.0,0.0,0.0
ACOAD5f,0.0,0.0,0.0
ACOAD3f,0.0,0.0,0.0
ACOAD2f,0.0,0.0,0.0
ACOAD4f,0.0,0.0,0.0
ACOAD6f,0.0,0.0,0.0
NADH16pp,37.99704395949229,17.522566882055052,20.327878901891587
NADH18pp,0.0,0.0,0.0
EX_tartr__D_e,0.0,0.0,0.0
GLYBt2pp,0.0,0.0,0.0
DSERt2pp,0.0,0.0,0.0
ALAt4pp,0.0,0.0,0.0
LYSt3pp,0.0,0.0,0.0
EX_tungs_e,0.0,0.0,0.0
CTBTCAL2,0.0,0.0,0.0
BGLA1,0.0,0.0,0.0
EX_crn__D_e,-0.0,-0.0,-0.0
GDPMNP,0.0,0.0,0.0
OPHHX3,0.0001955703788171434,9.346887415130536e-05,0.0001060638376256251
AMMQLT8,0.0,0.0,0.0
FA120ACPHi,0.0,0.0,0.0
FA80ACPHi,0.0,0.0,0.0
FA140ACPHi,0.0,0.0,0.0
FA100ACPHi,0.0,0.0,0.0
CRNDCAL2,0.0,0.0,0.0
CRNCAL2,0.0,0.0,0.0
CHLt2pp,0.0,0.0,0.0
GLYt4pp,0.0,0.0,0.0
FRULYSE,0.0,0.0,0.0
FRULYSt2pp,0.0,0.0,0.0
EX_psclys_e,0.0,0.0,0.0
TUNGStex,0.0,0.0,0.0
COBALT2tpp,2.1924930360674245e-05,1.0478573335348937e-05,1.1890564756236573e-05
OXCDC,0.0,0.0,0.0
LPLIPAL2A140,0.0,0.0,0.0
LPLIPAL2A160,0.0,0.0,0.0
LPLIPAL2A161,0.0,0.0,0.0
LPLIPAL2A180,0.0,0.0,0.0
LPLIPAL2A181,0.0,0.0,0.0
DM_aacald_c,-0.0,-0.0,0.0
UM3PL,0.0,0.0,0.0
UM4PL,0.0,0.0,0.0
2MAHMP,0.0,0.0,0.0
ZN2tpp,0.0002990560501195967,0.0001429277402941595,0.00016218730327506684
NI2tpp,0.00028327010025991123,0.00013538316749270825,0.00015362609665057648
COBALT2t3pp,0.0,0.0,0.0
23DAPPAt2pp,0.0,0.0,0.0
PLIPA1A120pp,0.0,0.0,0.0
PLIPA1A140pp,0.0,0.0,0.0
PLIPA1A141pp,0.0,0.0,0.0
PLIPA1A160pp,0.0,0.0,0.0
PLIPA1A161pp,0.0,0.0,0.0
PLIPA1A180pp,0.0,0.0,0.0
LPLIPAL2A120,0.0,0.0,0.0
CAt6pp,0.0,0.0,0.0
5DGLCNt2rpp,0.0,0.0,0.0
GALCTNt2pp,0.0,0.0,0.0
GALCTNLtex,0.0,0.0,0.0
EX_galctn__L_e,0.0,0.0,0.0
KDUI,0.0,0.0,0.0
CA2t3pp,0.0,0.0,0.0
NADH17pp,0.0,0.0,0.0
FA161ACPHi,0.0,0.0,0.0
FA141ACPHi,0.0,0.0,0.0
ARGt3pp,0.0,0.0,0.0
FA160ACPHi,0.0,0.0,0.0
MALDtex,0.0,0.0,0.0
OROTtex,0.0,0.0,0.0
PPAt4pp,0.0,0.0,0.0
OROTt2_2pp,0.0,0.0,0.0
MALDt2_2pp,0.0,0.0,0.0
5DGLCNtex,0.0,0.0,0.0
EX_5dglcn_e,0.0,0.0,-0.0
DTARTD,0.0,0.0,0.0
PLIPA2E161pp,0.0,0.0,0.0
PLIPA2E180pp,0.0,0.0,0.0
PLIPA2G120pp,0.0,0.0,0.0
PLIPA2G180pp,0.0,0.0,0.0
LPLIPAL1A161pp,0.0,0.0,0.0
LPLIPAL1A160pp,0.0,0.0,0.0
PSCLYSt2pp,0.0,0.0,0.0
LYSt2pp,0.0,0.0,0.0
GLYt2pp,0.0,0.0,0.0
ALAt2pp,0.0,0.0,0.0
BALAt2pp,0.0,0.0,0.0
DALAt2pp,0.012184999297248318,0.005823571916853525,0.006608300268926037
FE2tpp,0.01408545226091156,0.006731854653561571,0.007638974421996623
MN2tpp,0.0006060050751690361,0.00028962776698904463,0.00032865520986237885
MG2tpp,0.0,0.0,0.0
NI2t3pp,0.0,0.0,0.0
PPAtex,0.0,0.0,0.0
GALCTNLt2pp,0.0,0.0,0.0
GALCTLO,0.0,0.0,0.0
THYMt3pp,0.0,0.0,0.0
PSCLYStex,0.0,0.0,0.0
THYMtex,0.0,0.0,0.0
CU2tpp,0.0006217910250287215,0.0002971723397904958,0.0003372164164868692
FE2t3pp,0.0,0.0,0.0
MN2t3pp,0.0,0.0,0.0
MG2t3_2pp,0.007607950835153962,0.0036360649473660815,0.0041260259704140895
CD2tpp,0.0,0.0,0.0
ETHAt2pp,0.0,0.0,0.0
FE3abcpp,0.0,0.0,0.0
THRA,0.0,0.0,0.0
XYLK2,0.0,0.0,0.0
GLDBRAN2,0.0,0.0,0.0
CLt3_2pp,0.002282385250546189,0.0010908194842098244,0.0012378077911242274
EX_ppal_e,0.0,-0.0,-0.0
POR5,0.09537783205500454,0.0,0.0
HACD8,0.0,0.0,0.0
CTECOAI8,0.0,0.0,0.0
CTECOAI6,0.0,0.0,0.0
MTHTHFSs,0.0,0.00018777603416943146,0.000213078920431744
SELGTHR,0.0,0.0,0.0
SELGTHR3,0.0,0.0,0.0
EX_slnt_e,0.0,-0.0,0.0
MALCOAMT,1.7539944288539394e-06,8.382858668279151e-07,9.512451804989256e-07
OGMEACPS,1.7539944288539394e-06,8.382858668279151e-07,9.512451804989256e-07
OGMEACPR,1.7539944288539394e-06,8.382858668279151e-07,9.512451804989256e-07
OPMEACPS,1.7539944288539394e-06,8.382858668279151e-07,9.512451804989256e-07
LIPAabctex,0.0,0.0,0.0
DGUNC,0.0,0.0,0.0
CDGUNPD,0.0,0.0,0.0
LDGUNPD,0.0,0.0,0.0
MPTAT,0.0,0.0,0.0
MOADSUx,0.0,0.0,0.0
CMtpp,0.0,0.0,0.0
FUSAtpp,0.0,0.0,0.0
RFAMPtex,0.0,0.0,0.0
MINCYCtex,0.0,0.0,0.0
MINCYCtpp,0.0,0.0,0.0
DOXRBCNtex,0.0,0.0,0.0
DOXRBCNtpp,0.0,0.0,0.0
ETOHtrpp,0.0,0.0,0.0
REPHACCOAI,0.0,0.0,0.0
ACPPAT141,0.0,0.0,0.0
ACPPAT161,0.0,0.0315254165937974,0.0357734775030231
ACPPAT180,0.0,0.0,0.0
APG3PAT160,0.0,0.02674718715287828,0.03035137997417921
APG3PAT161,0.0,0.0315254165937974,0.0357734775030231
APG3PAT180,0.0,0.0,0.0
ICYSDS,0.0011550053314003175,9.346887415131253e-05,0.0001060638376256302
I4FE4SR,0.00022801927575101172,0.0,0.0
S2FE2ST,0.0,1.1736002135590808e-05,1.331743252698496e-05
BMOCOS,0.0,0.0,0.0
BWCOS,0.0,0.0,0.0
BWCOGDS1,0.0,0.0,0.0
BWCOGDS2,0.0,0.0,0.0
DHNPTE,0.0,0.0,0.0
DHMPTR,0.0,0.0,0.0
NOVBCNtpp,0.0,0.0,0.0
CMtex,0.0,0.0,0.0
LALALGLUtex,0.0,0.0,0.0
LALADGLUtpp,0.0,0.0,0.0
I2FE2SS,0.000250821203326113,0.0,0.0
I2FE2ST,2.4555922003955156e-05,0.0,0.0
I2FE2SS2,0.00022801927575101172,0.0,0.0
I4FE4ST,0.00022801927575101172,0.0,0.0
S4FE4ST,0.0,0.00010897716268762913,0.0001236618734648605
S2FE2SS2,0.0,0.00010897716268762913,0.0001236618734648605
BTS5,1.7539944288539394e-06,8.382858668279151e-07,9.512451804989256e-07
5MTRtex,0.0,0.0,0.0
LALADGLUtex,0.0,0.0,0.0
LALALGLUtpp,0.0,0.0,0.0
3AMACHYD,0.0,0.0,0.0
3HPPtex,0.0,0.0,0.0
EX_LalaDglu_e,0.0,0.0,0.0
CCGS,0.0,0.0,0.0
CDGR,0.0,0.0,0.0
CBMD,0.0,0.0,0.0
MSAR,0.0,0.0,0.0
EX_LalaLglu_e,0.0,0.0,0.0
ACPPAT120,0.0,0.0,0.0
CPH4S,0.0,0.0,0.0
SHCHCS3,0.0,0.0,0.0
EX_ttrcyc_e,0.0,0.0,0.0
EX_mincyc_e,-0.0,-0.0,-0.0
DM_4crsol_c,0.00019557037881721422,9.346887415131253e-05,0.0001060638376256302
URACPAH,0.0,0.0,0.0
POAACR,0.0,0.0,0.0
ACPPAT160,0.0,0.02674718715287828,0.03035137997417921
ACPPAT181,0.0,0.0,0.0
APH141,0.0,0.0,0.0
APH161,0.0,0.0,0.0
APH180,0.0,0.0,0.0
APH181,0.0,0.0,0.0
GTHPi,0.0,0.0,0.0
SEPHCHCS,0.0,0.0,0.0
DHNCOAS,0.0,0.0,0.0
DHNCOAT,0.0,0.0,0.0
FESD1s,0.00342379712512289,0.00163633401204809,0.0018568305923339031
EX_doxrbcn_e,0.0,0.0,0.0
EX_fusa_e,-0.0,0.0,0.0
EX_cm_e,-0.0,-0.0,-0.0
EX_novbcn_e,0.0,0.0,0.0
I2FE2SR,1.7539944288539394e-06,0.0,0.0
TYRL,0.00019557037881721422,9.346887415131253e-05,0.0001060638376256302
THZPSN3,0.00019557037881721422,9.346887415131253e-05,0.0001060638376256302
APG3PAT120,0.0,0.0,0.0
APH120,0.0,0.0,0.0
MOCDS,0.0,0.0,0.0
FUSAtex,0.0,0.0,0.0
NOVBCNtex,0.0,0.0,0.0
EX_rfamp_e,0.0,0.0,0.0
QUIN2tex,0.0,0.0,0.0
EX_quin_e,0.0,0.0,0.0
FORCT,0.0,0.0,0.0
DHPTDCs2,0.0,0.00018777603416943146,0.000213078920431744
EX_3hpp_e,-0.0,-0.0,-0.0
PACCOAE,0.0,0.0,0.0
OXDHCOAT,0.0,0.0,0.0
HADPCOADH3,0.0,0.0,0.0
O16A4COLIPAabctex,0.0,0.0,0.0
COLIPAabctex,0.0,0.0,0.0
ENLIPAabctex,0.0,0.0,0.0
DM_mththf_c,-0.0,0.00018777603416943146,0.000213078920431744
PYROX,0.0,0.0,0.0
BMOGDS1,0.0,0.0,0.0
MPTS,0.0,0.0,0.0
MOCOS,0.0,0.0,0.0
BMOGDS2,0.0,0.0,0.0
FESD2s,0.0,0.0,0.0
S2FE2SR,0.0,8.382858668279151e-07,9.512451804989256e-07
ACACT8r,0.0,0.0,0.0
CTECOAI7,0.0,0.0,0.0
CLIPAabctex,0.0,0.0,0.0
K2L4Aabctex,0.017062857803891125,0.008154844912501956,0.00925371311589355
FDH4pp,0.0,0.0,0.0
FDH5pp,0.0,0.0,0.0
ACPPAT140,0.0,0.0,0.0
APG3PAT140,0.0,0.0,0.0
APG3PAT141,0.0,0.0,0.0
APG3PAT181,0.0,0.0,0.0
APH140,0.0,0.0,0.0
APH160,0.0,0.0,0.0
OPMEACPD,1.7539944288539394e-06,8.382858668279151e-07,9.512451804989256e-07
EPMEACPR,1.7539944288539394e-06,8.382858668279151e-07,9.512451804989256e-07
AOXSr2,1.7539944288539394e-06,8.382858668279151e-07,9.512451804989256e-07
MEOHtrpp,0.0,0.0,0.0
SCYSDS,0.0,0.0004585423691548701,0.000520331113732913
S2FE2SS,0.0,0.00011987487895639199,0.00013602806081134655
S4FE4SR,0.0,0.00010897716268762913,0.0001236618734648605
SELtex,0.0,0.0,0.0
SELR,0.0,0.0,0.0
OGMEACPD,1.7539944288539394e-06,8.382858668279151e-07,9.512451804989256e-07
EGMEACPR,1.7539944288539394e-06,8.382858668279151e-07,9.512451804989256e-07
OPMEACPR,1.7539944288539394e-06,8.382858668279151e-07,9.512451804989256e-07
PMEACPE,1.7539944288539394e-06,8.382858668279151e-07,9.512451804989256e-07
MEOHtex,0.0,0.0,0.0
EX_5mtr_e,-0.0,-0.0,-0.0
MECDPDH5,0.002095146345265468,0.001001332467925886,0.0011362623681059267
RNTR1c2,0.02294750911269609,0.01096729399570961,0.012445140696467443
RNTR2c2,0.02369383374217344,0.011323984632044887,0.012849895520769738
RNTR3c2,0.02369383374217344,0.011323984632044887,0.012849895520769738
RNTR4c2,0.02294750911269609,0.0,0.0
FLDR2,0.0,0.03461659572772528,0.03928119410611285
CDGS,0.0,0.0,0.0
5MTRtpp,0.0,0.0,0.0
TTRCYCtex,0.0,0.0,0.0
TTRCYCtpp,0.0,0.0,0.0
FESR,0.00684759425024578,0.00327266802409618,0.0037136611846678063
OXCOAHDH,0.0,0.0,0.0
DHACOAH,0.0,0.0,0.0
THFAT,0.0,0.0,0.0
FOMETRi,0.0,0.0,0.0
SLNTtex,0.0,0.0,0.0
SELGTHR2,0.0,0.0,0.0
GDPTPDP,0.0,0.0,0.0
COLIPAKpp,0.0,0.0,0.0
3HPPtpp,0.0,0.0,0.0
MPTSS,0.0,0.0,0.0
CPMPS,0.0,0.0,0.0
LIPOCT,0.0,0.0,0.0
LIPOS,0.0,0.0,0.0
OCTNLL,0.0,0.0,0.0
LIPATPT,0.0,0.0,0.0
LIPAMPL,0.0,0.0,0.0
ALDD19xr,0.0,0.0,0.0
MMM,0.0,0.0,0.0
MOGDS,0.0,0.0,0.0
WCOS,0.0,0.0,0.0
RFAMPtpp,0.0,0.0,0.0
VPAMTr,0.0,0.17736536198931707,0.2012654065351432
ACOLIPAabctex,0.0,0.0,0.0
ECA4COLIPAabctex,0.0,0.0,0.0
COLIPAPabctex,0.0,0.0,0.0
CH4tex,0.0,0.0,0.0
TARTRDtex,0.0,0.0,0.0
3OXCOAT,0.0,0.0,0.0
BTNt2ipp,0.0,0.0,0.0
BTNtex,0.0,0.0,0.0
2DGULRGx,0.0,0.0,0.0
2DGULRGy,0.0,0.0,0.0
AP4AS,0.0,0.0,0.0
ARBTptspp,0.0,0.0,0.0
ARBTtex,0.0,0.0,0.0
EX_arbt_e,0.0,0.0,-0.0
DMSOtpp,0.0,0.0,0.0
PYDXtex,0.0,0.0,0.0
PYDXtpp,0.0,0.0,0.0
SUCASPtpp,0.0,0.0,0.0
SUCMALtpp,0.0,0.0,0.0
PYDXNtex,0.0,0.0,0.0
PYDXNtpp,0.0,0.0,0.0
PYDAMtex,0.0,0.0,0.0
PYDAMtpp,0.0,0.0,0.0
13PPDH2,0.0,0.0,0.0
TARTt2_3pp,0.0,0.0,0.0
SUCTARTtpp,0.0,0.0,0.0
APCS,0.0,0.0,0.0
CHTBSptspp,0.0,0.0,0.0
CHTBStex,0.0,0.0,0.0
TRPtipp,0.0,0.0,0.0
TYRtipp,0.0,0.0,0.0
ThDPAT,0.0,0.0,0.0
GHBDHx,0.0,0.0,0.0
APPLDHr,0.0,0.0,0.0
SPMDt3pp,0.0,0.0,0.0
PHEtipp,0.0,0.0,0.0
G2PP,0.0,0.0,0.0
MALt3pp,0.0,0.0,0.0
CITt3pp,0.0,0.0,0.0
DHNPA2r,0.0005867111364516587,0.00028040662245390485,0.0003181915128769308
QUIN2tpp,0.0,0.0,0.0
GLYC2Pabcpp,0.0,0.0,0.0
CRNDtex,0.0,0.0,0.0
SHGO,0.0,0.0,0.0
NADHXD,0.0,0.0,0.0
NADPHHR,0.0,0.0,0.0
NADPHHS,0.0,0.0,0.0
NADHHS,0.0,0.0,0.0
NADHXE,0.0,0.0,0.0
SELabcpp,0.0,0.0,0.0
PYK2,0.0,0.0,0.0
PYK3,0.6928400773582989,0.0,0.0
PYK4,0.15873912680292462,0.0,0.0
NADPHXD,0.0,0.0,0.0
NADHHR,0.0,0.0,0.0
NADPHXE,0.0,0.0,0.0
ALAtpp,0.0,0.0,0.0
DHBSZ3FEabcpp,0.0,0.0,0.0
FE3DHBZS3R,0.0,0.0,0.0
DXYLONtpp,0.0,0.0,0.0
DXYLTD,0.0,0.0,0.0
2DDARAA,0.0,0.0,0.0
2DGLCptspp,0.0,0.0,0.0
GNP,0.0,0.0,0.0
ALLTAMH2,0.0,0.0,0.0
UGCIAMH,0.0,0.0,0.0
METGLCUR,0.0,0.0,0.0
ACOAD1fr,0.31210576867027,0.1491645871433592,0.16926456741797882
23DOGULNt4pp,0.0,0.0,0.0
FE3DCITexs,0.0,0.0,0.0
FEENTERES,0.0,0.0,0.0
FEENTERR4,0.0,0.0,0.0
DXYLONtex,0.0,0.0,0.0
PSURItex,0.0,0.0,0.0
ALR2x,0.0,0.0,0.0
OMPHHXy,0.0,0.0,0.0
CHLt3pp,0.0,0.0,0.0
GLYBt3pp,0.0,0.0,0.0
AI2tpp,0.0,0.0,0.0
Ftpp,0.0,0.0,0.0
SQVOSI,0.0,0.0,0.0
6D6SPA,0.0,0.0,0.0
DHPStr,0.0,0.0,0.0
SQtr,0.0,0.0,0.0
DHPStex,0.0,0.0,0.0
FMNtex,0.0,0.0,0.0
EX_dxylnt_e,0.0,0.00018693774830259228,0.00021212767525130065
AI2K,0.0003928947520630699,0.0,0.0
CLBtex,0.0,0.0,0.0
ACOXT,0.0,0.0,0.0
EX_mththf_e,-0.0,0.0,0.0
2HESR,0.0,0.0,0.0
CHOLID,0.0,0.0,0.0
CHOLATEtpp,0.0,0.0,0.0
4ABZGLUH,0.0,0.0,0.0
4ABZGLUtr,0.0,0.0,0.0
PHDA,0.0,0.0,0.0
TEO2M,0.0,0.0,0.0
PACOAT,0.0,0.0,0.0
CYSItpp,0.0,0.0,0.0
DHPTDNR,0.0,0.0,0.0
DHPTDNRN,0.0,0.0,0.0
PCNO,0.0,0.0,0.0
HPACOAT,0.0,0.0,0.0
PUACGAMtr,0.0,0.0,0.0
DC6PDA,0.0,0.0,0.0
5DGLCNR,0.0,0.0,0.0
PIt2rpp,0.8459567750194799,0.4043077884287745,0.4587884042901305
LEUt2rpp,0.0,0.0,0.0
LCTStpp,0.0,0.0,0.0
ILEt3pp,0.0,0.0,0.0
METt3pp,0.0,0.0,0.0
GSNt3pp,0.0,0.0,0.0
CLtipp,0.0,0.0,0.0
5DKGR,0.0,0.0,0.0
PItpp,0.0,0.0,0.0
LEUt3pp,0.0,0.0,0.0
INSt3pp,0.0,0.0,0.0
INDOLEt2rpp,0.0,0.0,0.0
ILEt2rpp,0.0,0.0,0.0
GLYtpp,0.0,0.0,0.0
PYK6,0.0,0.0,0.0
FADt,0.0,0.0,0.0
FADtex,0.0,0.0,0.0
AI2abcpp,0.0,0.0,0.0
PAI2I,0.0003928947520630699,0.0,0.0
4HBZt3pp,0.0,0.0,0.0
CURR,0.0,0.0,0.0
LKDRA,0.0,0.0,0.0
METNA,0.0,0.0,0.0
XYHDL,0.0,0.0,0.0
2DGLCtex,0.0,0.0,0.0
E4PP,0.0,0.0,0.0
PUACGAMS,0.0,0.0,0.0
RU5PP,0.0,0.0,0.0
6D6SFK,0.0,0.0,0.0
3SLAR,0.0,0.0,0.0
SQtex,0.0,0.0,0.0
EX_dhps_e,-0.0,-0.0,-0.0
MOX,0.0,0.0006815264097309473,0.0007733623317456534
URATEtex,0.0,0.0,0.0
EX_cs1_e,0.0,-0.0,-0.0
CBL1tonex,0.0,0.0,0.0
CBItonex,0.0,0.0,0.0
ARHGDx,0.0,0.0,0.0
CPL,0.0,0.0,0.0
EX_mepn_e,0.0,-0.0,-0.0
CH4t2pp,0.0,0.0,0.0
INOSTO,0.0,0.0,0.0
HPYRP,0.0,0.0,0.0
PSURIK,0.0,0.0,0.0
Ftex,0.0,0.0,0.0
CYSItex,0.0,0.0,0.0
SERtpp,0.0,0.0,0.0
QUINDHyi,0.0,0.0,0.0
DHGLYH,0.0,0.0,0.0
PNSPA,0.0,0.0,0.0
4HTHRK,0.0005867111356643112,9.346887415131253e-05,0.0001060638376256302
EX_sq_e,0.0,-0.0,-0.0
URATEtpp,0.0,0.0,0.0
CS1tex,0.0,0.0,0.0
ADOCBLtonex,0.0,0.0,0.0
PETNT181pp,0.0,0.0,0.0
ARMEPNS,0.0,0.0,0.0
RPNTPH,0.0,0.0,0.0
PRCPD,0.0,0.0,0.0
MEPNtex,0.0,0.0,0.0
UDPGPT,0.0,0.0,0.0
MEPNabcpp,0.0,0.0,0.0
OMMBLHXy,0.0,0.0,0.0
OPHHXy,0.0,0.0,0.0
PROD3,0.0,0.0,0.0
F1PP,0.0,0.0,0.0
ACP1p,0.0,0.0,0.0
EX_4abzglu_e,0.0,0.0,0.0
3HPADHi,0.0,0.0,0.0
4ABZGLUtex,0.0,0.0,0.0
2HPTCOAT,0.0,0.0,0.0
EX_metglcur_e,0.0,-0.0,-0.0
MC6PH,0.0,0.0,0.0
SLNTabcpp,0.0,0.0,0.0
VALt2rpp,0.0,0.0,0.0
VALt3pp,0.0,0.0,0.0
MN2tipp,0.0,0.0,0.0
PSURItpp,0.0,0.0,0.0
CYSTA,0.0,0.0,0.0
FE3DCITR5,0.0,0.0,0.0
4HTHRA,0.0,0.0,0.0
GAPP,0.0,0.0,0.0
METGLCURt2pp,0.0,0.0,0.0
METGLCURtex,0.0,0.0,0.0
FMNt,0.0,0.0,0.0
AI2tex,0.0,0.0,0.0
PAI2T,0.0003928947520630699,0.0,0.0
CUt2pp,0.0,0.0,0.0
DHCURR,0.0,0.0,0.0
RHMND,0.0,0.0,0.0
3HBZCT,0.0,0.0,0.0
CXSAMS,0.0,0.0,0.0
EX_2dglc_e,-0.0,0.0,0.0
THRt2rpp,0.0,0.0,0.0
SERt2rpp,0.0,0.0,0.0
ACOAD1f,0.0,0.0,0.0
AMPNTAT,0.0,0.0,0.0
SQGH,0.0,0.0,0.0
URAtpp,0.0,0.0,0.0
ASPtpp,0.0,0.0,0.0
FUMt1pp,0.0,0.0,0.0
SUCCt1pp,0.0,0.0,0.0
QUINDH,0.0,0.0,0.0
LCARSyi,0.0,0.0,0.0
BIOMASS_Ec_iML1515_core_75p37M,0.8769972144269698,0.4191429334139575,0.4756225902494629
BIOMASS_Ec_iML1515_WT_75p37M,0.0,0.0,0.0
GTHOr_reverse,0.0,0.0,0.0
SHK3Dr_reverse,0.0,0.0,0.0
MAN6PI_reverse,0.0,0.0,0.0
EX_pi_e_reverse,0.8459567750194799,0.4043077884287745,0.4587884042878333
EX_h_e_reverse,0.0,0.0,0.0
TMDPP_reverse,0.0,0.0,0.0
HCO3E_reverse,0.0,0.0,0.0
IMPC_reverse,0.4757990527374832,0.2273984539509953,0.2580404751332122
ECOAH4_reverse,0.0,0.0,0.0
NDPK5_reverse,0.0,0.0,0.0
DHORTS_reverse,0.2901062935463694,0.13865038665867008,0.15733357474157106
ICDHyr_reverse,0.0,0.0,0.0
ACALD_reverse,0.0,0.0,0.0
ALAR_reverse,0.0,0.0,0.0
ALATA_L_reverse,0.5102755672310457,0.4212411629386277,0.4780035569362517
PPM_reverse,0.0005902191253091381,0.0,0.0
ASPTA_reverse,2.567692615335195,1.227176320736962,1.3925387590519345
A5PISO_reverse,0.0,0.0,0.0
IPPMIb_reverse,0.3951144320129971,0.18883688493392367,0.21428272120768074
PSCVT_reverse,0.0,0.0,0.0
EX_fe3_e_reverse,0.0,0.0,0.0
EX_mn2_e_reverse,0.0006060050751690361,0.00028962776698904463,0.00032865520986237885
ECOAH6_reverse,0.0,0.0,0.0
ENO_reverse,0.0,0.0,0.0
FBA_reverse,0.0,0.0,0.0
PGI_reverse,0.0,0.0,0.0
PGK_reverse,17.105433603548846,17.92131222461426,12.635806889371779
RPE_reverse,0.0,0.0,0.0
TALA_reverse,0.0,0.0,0.0
TKT1_reverse,0.0,0.0,0.0
ALCD2x_reverse,0.0,0.0,0.0
RMI_reverse,0.0,0.0,0.0
NDPK6_reverse,0.0,0.0,0.0
NDPK8_reverse,0.0,0.0,0.0
PYNP2r_reverse,0.0,0.0,0.0
DURIPP_reverse,0.0,0.0,0.0
TRPAS2_reverse,0.049851152659672236,0.023825341764049584,0.027035814897550216
EX_co2_e_reverse,0.0,0.0,0.0
ILETA_reverse,0.2547931237102531,0.12177317730182365,0.1381821555225862
VALTA_reverse,0.37111189525134536,0.0,0.0
ORPT_reverse,0.2901062935463694,0.13865038665867008,0.15733357474157106
PTAr_reverse,0.5105755002783802,0.0,0.0
ACKr_reverse,0.0,-8.377654125979461e-11,6.345421320975118
AIRC3_reverse,0.3927140906371009,0.18768969072522376,0.2129809421781586
ADSL2r_reverse,0.0,0.0,0.0
EX_fe2_e_reverse,0.01408545226091156,0.006731854653561571,0.007638974421996623
PUNP5_reverse,0.0,0.0,0.0
PUNP6_reverse,0.0,0.0,0.0
PUNP7_reverse,0.0,0.0,0.0
EX_glc__D_e_reverse,10.0,10.0,10.0
PUNP1_reverse,0.0005902191253091381,0.0,0.0
PUNP2_reverse,0.0,0.0,0.0
PUNP3_reverse,0.0,0.0,0.0
LYSAM_reverse,0.0,0.0,0.0
IPPMIa_reverse,0.3951144320129971,0.18883688493392367,0.21428272120768074
MDH_reverse,0.0,0.0,0.0
FUM_reverse,0.0,0.0,0.0
OHPBAT_reverse,0.000391140756847097,0.0,0.0
AGPR_reverse,0.25940876004978225,0.1239791265603813,0.1406853572150691
G1SAT_reverse,0.0,0.0,0.0
GUI1_reverse,0.0,0.0,0.0
PGAMT_reverse,0.08286571279677551,0.03960397749241802,0.04494062730749125
GLUR_reverse,0.02436999859449664,0.01164714383370705,0.013216600537852074
UAG2E_reverse,0.0,0.0,0.0
EX_zn2_e_reverse,0.0002990560501195967,0.0001429277402941595,0.00016218730327506684
HACD5_reverse,0.0,0.0,0.0
GHMT2r_reverse,0.0,0.0,0.0
ADK4_reverse,0.0,0.0,0.0
KARA1_reverse,0.7668174233868666,0.3664847492603624,0.4158686973686525
KARA2_reverse,0.0,0.0,0.0
ICHORS_copy2_reverse,0.0,0.0,0.0
DHBD_reverse,0.0,0.0,0.0
RBP4E_reverse,0.0,0.0,0.0
HACD6_reverse,0.0,0.0,0.0
ECOAH1_reverse,0.0,0.0,0.0
ECOAH2_reverse,0.0,0.0,0.0
ECOAH3_reverse,0.0,0.0,0.0
UGLT_reverse,0.0,0.0,0.0
XYLI2_reverse,0.0,0.0,0.0
PMANM_reverse,0.0,0.0,0.0
UDPG4E_reverse,0.0,0.0,0.0
XYLI1_reverse,0.0,0.0,0.0
LCARS_reverse,0.0,0.0,0.0
ALCD19_reverse,0.0,0.0,0.0
RMPA_reverse,0.0,0.0,0.0
SBTPD_reverse,0.0,0.0,0.0
GLTPD_reverse,0.0,0.0,0.0
TGBPA_reverse,0.0,0.0,0.0
MANAO_reverse,0.0,0.0,0.0
TAGURr_reverse,0.0,0.0,0.0
HACD4_reverse,0.0,0.0,0.0
HACD7_reverse,0.0,0.0,0.0
ADK1_reverse,0.0,0.0,0.0
SERASr_reverse,0.0,0.0,0.0
MLTP2_reverse,0.0,0.0,0.0
CYTK1_reverse,0.0,0.0,0.0
CYTK2_reverse,0.0,0.0,0.0
GK1_reverse,0.0,0.0,0.0
HACD1_reverse,0.0,0.0,0.0
HACD2_reverse,0.0,0.0,0.0
NDPK7_reverse,0.0,0.0,0.0
GLYAT_reverse,0.0,0.0,0.0
CRNBTCT_reverse,0.0,0.0,0.0
CRNCBCT_reverse,0.0,0.0,0.0
CRNCDH_reverse,0.0,0.0,0.0
NDPK2_reverse,0.0,0.0,0.0
NDPK3_reverse,0.0,0.0,0.0
NDPK4_reverse,0.0,0.0,0.0
DGK1_reverse,0.0,0.0,0.0
DTMPK_reverse,0.0,0.0,0.0
NDPK1_reverse,0.0,0.0,0.0
PGMT_reverse,0.0,0.0,0.0
UMPK_reverse,0.0,0.0,0.0
DDPGALA_reverse,0.0,0.0,0.0
F6PA_reverse,0.0,0.0,0.0
IDOND_reverse,0.0,0.0,0.0
MCOATA_reverse,0.0,0.0,0.0
DAPE_reverse,0.0,0.0,0.0
SDPTA_reverse,0.32532123969447,0.1554806520069741,0.17643172423044798
ARAI_reverse,0.0,0.0,0.0
M1PD_reverse,0.0,0.0,0.0
G3PD2_reverse,0.12192716872735275,0.058272603746675686,0.06612485747720231
FCI_reverse,0.0,0.0,0.0
FCLPA_reverse,0.0,0.0,0.0
UAGAAT_reverse,0.0,0.0,0.0
PRPPS_reverse,0.0,0.0,0.0
PRMICI_reverse,0.0,0.0,0.0
SERAT_reverse,0.0,0.0,0.0
ASPK_reverse,0.0,0.0,0.0
ASAD_reverse,0.9375766740107271,0.44809565068246,0.5084766962935348
CBMKr_reverse,0.0,0.0,0.0
AMANAPEr_reverse,0.0,0.0,0.0
NNATr_reverse,0.0,0.0,0.0
GAPD_reverse,0.0,0.0,0.0
ARGSL_reverse,0.0,0.0,0.0
EX_mg2_e_reverse,0.007607950835153962,0.0036360649473660815,0.0041260259704140895
ACOATA_reverse,0.0,0.0,0.0
MLTP3_reverse,0.0,0.0,0.0
OCBT_reverse,0.0,0.0,0.0
GARFT_reverse,0.0,0.0,0.0
PHETA1_reverse,0.16247688893081255,0.07765251555893682,0.08811621918256674
MCITL2_reverse,0.0,0.0,0.0
ACOTA_reverse,0.25940876004978225,0.1239791265603813,0.1406853572150691
PRAGSr_reverse,0.0,0.0,0.0
PPAKr_reverse,0.0,0.0,0.0
PPM2_reverse,0.0,0.0,0.0
G6PDH2r_reverse,0.0,0.0,0.0
FBA3_reverse,0.0,0.0,0.0
ADK3_reverse,0.0,0.0,0.0
HSDy_reverse,0.6122554343162571,0.2926149986754859,0.33204497206308675
GLUtex_reverse,0.0,0.0,0.0
GLYtex_reverse,0.0,0.0,0.0
GLYALDtex_reverse,0.0,0.0,0.0
GLYBtex_reverse,0.0,0.0,0.0
GLYCtex_reverse,0.0,0.0,0.0
GLYC3Ptex_reverse,0.0,0.0,0.0
GLYCLTtex_reverse,0.0,0.0,0.0
GTPtex_reverse,0.0,0.0,0.0
GUAtex_reverse,0.0,0.0,0.0
Htex_reverse,8.058200328043815,18.495241709253786,10.992744394602864
H2tex_reverse,0.0,0.0,0.0
H2Otex_reverse,47.16236480869433,26.596916100205345,24.067065763937602
O2tpp_reverse,0.0,0.0,0.0
PYRt2rpp_reverse,0.0,12.377902989111144,0.0
XANtpp_reverse,0.0,0.0,0.0
DAPtex_reverse,0.0,0.0,0.0
12PPDStex_reverse,0.0,0.0,0.0
DDGLCNtex_reverse,0.0,0.0,0.0
26DAHtex_reverse,0.0,0.0,0.0
HCINNMtex_reverse,0.0,0.0,0.0
HPPPNtex_reverse,0.0,0.0,0.0
ACtex_reverse,0.0,0.2440191477487623,6.622322134302093
ACALDtex_reverse,0.0,0.0,0.0
ACMANAtex_reverse,0.0,0.0,0.0
ACACT7r_reverse,0.0,0.0,0.0
ACACT2r_reverse,0.0,0.0,0.0
ACACT3r_reverse,0.0,0.0,0.0
ACACT4r_reverse,0.0,0.0,0.0
SUCFUMtpp_reverse,0.0,0.0,0.0
TARTRt7pp_reverse,0.0,0.0,0.0
AHGDx_reverse,0.0,0.0,0.0
EX_ca2_e_reverse,0.004564770501092378,0.002181638968419649,0.0024756155822484548
AKGt2rpp_reverse,0.0,0.0,0.0
THMDt2pp_copy2_reverse,0.0,0.0,0.0
TRPt2rpp_reverse,0.0,0.0,0.0
TYRt2rpp_reverse,0.0,0.0,0.0
URIt2pp_copy2_reverse,0.0,0.0,0.0
XTSNt2rpp_reverse,0.0,0.0,0.0
GALtex_reverse,0.0,0.0,0.0
GALCTtex_reverse,0.0,0.0,0.0
GALCTNtex_reverse,0.0,0.0,0.0
GALTtex_reverse,0.0,0.0,0.0
GALURtex_reverse,0.0,0.0,0.0
ACACt2pp_reverse,0.0,0.0,0.0
TKT2_reverse,0.0,0.0,0.0
GAMtex_reverse,0.0,0.0,0.0
GBBTNtex_reverse,0.0,0.0,0.0
ARBt2rpp_reverse,0.0,0.0,0.0
CO2tpp_reverse,24.00329327297611,3.150607169841781,11.507188251913734
DHAtpp_reverse,0.0,0.0,5.241306375647642
ARGAGMt7pp_reverse,0.0,0.0,0.0
ASNt2rpp_reverse,0.0,0.0,0.0
HIStex_reverse,0.0,0.0,0.0
HXAtex_reverse,0.0,0.0,0.0
HYXNtex_reverse,0.0,0.0,0.0
IDONtex_reverse,0.0,0.0,0.0
ILEtex_reverse,0.0,0.0,0.0
INSTtex_reverse,0.0,0.0,3.828700458887932e-13
INStex_reverse,0.0,0.0,0.0
Ktex_reverse,0.0,0.0,0.0
D_LACtex_reverse,0.0,0.0,0.0
FRULYStex_reverse,0.0,0.0,0.0
GALCTt2rpp_reverse,0.0,0.0,0.0
ASPtex_reverse,0.0,0.0,0.0
ACALDtpp_reverse,0.0,0.0,0.0
ACt2rpp_reverse,0.0,0.2462007867171819,6.622322134302093
ATPS4rpp_reverse,0.0,0.0,0.0
INDOLEtex_reverse,0.0,0.0,0.0
L_LACtex_reverse,0.0,0.0,0.0
ADEt2rpp_reverse,0.0,0.0,0.0
ADNt2pp_copy2_reverse,0.0,0.0,0.0
ALLTNt2rpp_reverse,0.0,0.0,0.0
ECOAH8_reverse,0.0,0.0,0.0
GUAtpp_reverse,0.0,0.0,0.0
HYXNtpp_reverse,0.0,0.0,0.0
GLCRtex_reverse,0.0,0.0,0.0
GLCNtex_reverse,0.0,0.0,0.0
GLCURtex_reverse,0.0,0.0,0.0
GLNtex_reverse,0.0,0.0,0.0
O2tex_reverse,0.0,0.0,0.0
OCTAtex_reverse,0.0,0.0,0.0
ORNtex_reverse,0.0,0.0,0.0
ECOAH5_reverse,0.0,0.0,0.0
EX_ni2_e_reverse,0.00028327010025991123,0.00013538316749270825,0.00015362609665057648
FUCtpp_reverse,0.0,0.0,0.0
CYTDt2pp_copy2_reverse,0.0,0.0,0.0
DDGLCNt2rpp_reverse,0.0,0.0,0.0
RMNtex_reverse,0.0,0.0,0.0
PHEtex_reverse,0.0,0.0,0.0
PItex_reverse,0.0,0.0,0.0
EX_cu2_e_reverse,0.0006217910250287215,0.0002971723397904958,0.0003372164164868692
TRSARr_reverse,0.0,0.0,0.0
PNTOtex_reverse,0.0,0.0,0.0
PPPNtex_reverse,0.0,0.0,0.0
PPTtex_reverse,0.0,0.0,0.0
PTRCtex_reverse,0.0,0.0,0.0
PYRtex_reverse,0.0,12.377902989111144,0.0
DSERtex_reverse,0.0,0.0,0.0
SERtex_reverse,0.0,0.0,0.0
SO4tex_reverse,0.0,0.0,0.0
SPMDtex_reverse,0.0,0.0,0.0
SUCCtex_reverse,0.0,0.0,0.0
SUCRtex_reverse,0.0,0.0,0.0
TARTRtex_reverse,0.0,0.0,0.0
TAURtex_reverse,0.0,0.0,0.0
THRtex_reverse,0.0,0.0,0.0
THMDtex_reverse,0.0,0.0,0.0
METDtex_reverse,0.0,0.0,0.0
METtex_reverse,0.0,0.0,0.0
MNLtex_reverse,0.0,0.0,0.0
NAtex_reverse,0.0,0.0,0.0
NACtex_reverse,0.0,0.0,0.0
NH4tex_reverse,0.0,0.0,0.0
BUTtex_reverse,0.0,0.0,0.0
CHLtex_reverse,0.0,0.0,0.0
CO2tex_reverse,24.00329327297611,3.150607169841781,11.507188251913734
CRNtex_reverse,0.0,0.0,0.0
DINStex_reverse,0.0,0.0,0.0
DMStex_reverse,0.0,0.0,0.0
CSNtex_reverse,0.0,0.0,0.0
CYNTtex_reverse,0.0,0.0,0.0
CYStex_reverse,0.0,0.0,0.0
CYTDtex_reverse,0.0,0.0,0.0
DCAtex_reverse,0.0,0.0,0.0
DCYTtex_reverse,0.0,0.0,0.0
DGSNtex_reverse,0.0,0.0,0.0
LCTStex_reverse,0.0,0.0,0.0
LEUtex_reverse,0.0,0.0,0.0
LYStex_reverse,0.0,0.0,0.0
LYXtex_reverse,0.0,0.0,0.0
MANtex_reverse,0.0,0.0,0.0
MAN6Ptex_reverse,0.0,0.0,0.0
MELIBtex_reverse,0.0,0.0,0.0
DMSOtex_reverse,0.0,0.0,0.0
DURItex_reverse,0.0,0.0,0.0
FRUtex_reverse,0.0,0.0,0.0
FUCtex_reverse,0.0,0.0,0.0
FUMtex_reverse,0.0,0.0,0.0
ACACT5r_reverse,0.0,0.0,0.0
FE2tex_reverse,0.0,0.0,0.0
NMNtex_reverse,0.0,0.0,0.0
NO2tex_reverse,0.0,0.0,0.0
MTHFC_reverse,0.0,0.0,0.0
MTHFD_reverse,0.0,0.0,0.0
BUTt2rpp_reverse,0.0,0.0,0.0
GDPtex_reverse,0.0,0.0,0.0
EX_cobalt2_e_reverse,2.1924930360674245e-05,1.0478573335348937e-05,1.1890564756236573e-05
TMAtex_reverse,0.0,0.0,0.0
TMAOtex_reverse,0.0,0.0,0.0
TREtex_reverse,0.0,0.0,0.0
ACACT6r_reverse,0.0,0.0,0.0
TRPtex_reverse,0.0,0.0,0.0
TSULtex_reverse,0.0,0.0,0.0
TYRtex_reverse,0.0,0.0,0.0
URAtex_reverse,0.0,0.0,0.0
UREAtex_reverse,0.0,0.0,0.0
URItex_reverse,0.0,0.0,0.0
VALtex_reverse,0.0,0.0,0.0
XANtex_reverse,0.0,0.0,0.0
XYLtex_reverse,0.0,0.0,0.0
ABUTtex_reverse,0.0,0.0,0.0
GGGABADr_reverse,0.0,0.0,0.0
EX_sel_e_reverse,0.0,0.0,0.0
MALTATr_reverse,0.0,0.0,0.0
23CAMPtex_reverse,0.0,0.0,0.0
23CCMPtex_reverse,0.0,0.0,0.0
23CUMPtex_reverse,0.0,0.0,0.0
23CGMPtex_reverse,0.0,0.0,0.0
3AMPtex_reverse,0.0,0.0,0.0
3CMPtex_reverse,0.0,0.0,0.0
ALAGLUE_reverse,0.0,0.0,0.0
ETHSO3tex_reverse,0.0,0.0,0.0
BUTSO3tex_reverse,0.0,0.0,0.0
LIPOtex_reverse,0.0,0.0,0.0
GALBDtex_reverse,0.0,0.0,0.0
SULFACtex_reverse,0.0,0.0,0.0
NOtex_reverse,0.0,0.0,0.0
NOtpp_reverse,0.0,0.0,0.0
N2Otpp_reverse,0.0,0.0,0.0
N2Otex_reverse,0.0,0.0,0.0
CRNt2rpp_reverse,0.0,0.0,0.0
CRNDt2rpp_reverse,0.0,0.0,0.0
CTBTt2rpp_reverse,0.0,0.0,0.0
PACALDt2rpp_reverse,0.0,0.0,0.0
PEAMNtex_reverse,0.0,0.0,0.0
PACALDtex_reverse,0.0,0.0,0.0
CYANtex_reverse,0.0,0.0,0.0
SO3tex_reverse,0.0,0.0,0.0
TCYNTtex_reverse,0.0,0.0,0.0
METSOX1tex_reverse,0.0,0.0,0.0
METSOX2tex_reverse,0.0,0.0,0.0
3UMPtex_reverse,0.0,0.0,0.0
3GMPtex_reverse,0.0,0.0,0.0
FALDtpp_reverse,0.0,0.0,0.0
DOPAtex_reverse,0.0,0.0,0.0
4HOXPACDtex_reverse,0.0,0.0,0.0
ETHAtex_reverse,0.0,0.0,0.0
G3PStex_reverse,0.0,0.0,0.0
ACGAL1Ptex_reverse,0.0,0.0,0.0
ACGALtex_reverse,0.0,0.0,0.0
GLCUR1Ptex_reverse,0.0,0.0,0.0
UDPGLCURtex_reverse,0.0,0.0,0.0
ISETACtex_reverse,0.0,0.0,0.0
UDPGtex_reverse,0.0,0.0,0.0
UDPGALtex_reverse,0.0,0.0,0.0
ACGAM1Ptex_reverse,0.0,0.0,0.0
UACGAMtex_reverse,0.0,0.0,0.0
UDPACGALtex_reverse,0.0,0.0,0.0
CBLAT_reverse,0.0,0.0,0.0
MSO3tex_reverse,0.0,0.0,0.0
ARABDI_reverse,0.0,0.0,0.0
GLYC2Ptex_reverse,0.0,0.0,0.0
PSERtex_reverse,0.0,0.0,0.0
R5Ptex_reverse,0.0,0.0,0.0
THRPtex_reverse,0.0,0.0,0.0
TYRPtex_reverse,0.0,0.0,0.0
CITtex_reverse,0.0,0.0,0.0
ACGAtex_reverse,0.0,0.0,0.0
IDONt2rpp_reverse,0.0,0.0,0.0
G6Ptex_reverse,0.0,0.0,0.0
MOBDtex_reverse,0.0,0.0,0.0
NI2tex_reverse,0.0,0.0,0.0
L_LACt2rpp_reverse,0.0,0.0,0.0
NH4tpp_reverse,0.0,0.0,0.0
NO2t2rpp_reverse,0.0,0.0,0.0
FRULYSDG_reverse,0.0,0.0,0.0
PROt2rpp_reverse,0.004564770501092378,0.0,0.0
H2O2tex_reverse,0.0,0.0,0.0
ALLPI_reverse,0.0,0.0,0.0
ALLULPE_reverse,0.0,0.0,0.0
ADEtex_reverse,0.0,0.0,0.0
ADNtex_reverse,0.0,0.0,0.0
AGMtex_reverse,0.0,0.0,0.0
ALAtex_reverse,0.0,0.0,0.0
BALAtex_reverse,0.0,0.0,0.0
DALAtex_reverse,0.0,0.0,0.0
AMPtex_reverse,0.0,0.0,0.0
ARBtex_reverse,0.0,0.0,0.0
ARGtex_reverse,0.0,0.0,0.0
ASCBtex_reverse,0.0,0.0,0.0
MMETtex_reverse,0.0,0.0,0.0
FE3tex_reverse,0.0,0.0,0.0
MG2tex_reverse,0.0,0.0,0.0
Zn2tex_reverse,0.0,0.0,0.0
CD2tex_reverse,0.0,0.0,0.0
GLUABUTt7pp_reverse,0.0,0.0,0.0
GLUt2rpp_reverse,0.0,0.0,0.0024756155822484548
GLYALDtpp_reverse,0.0,0.0,0.0
DHPTPE_reverse,0.0,0.0,0.0
ASO3tex_reverse,0.0,0.0,0.0
MANGLYCtex_reverse,0.0,0.0,0.0
FRUURt2rpp_reverse,0.0,0.0,0.0
FRUURtex_reverse,0.0,0.0,0.0
GLYCAt2rpp_reverse,0.0,0.0,0.0
GLYCAtex_reverse,0.0,0.0,0.0
FALDH2_reverse,0.0,0.0,0.0
GLYCtpp_reverse,0.0,0.0,0.0
H2Otpp_reverse,47.16236480869433,26.596916100205345,24.067065763939894
HCINNMt2rpp_reverse,0.0,0.0,0.0
HISt2rpp_reverse,0.0,0.0,0.0
CBIAT_reverse,0.0,0.0,0.0
COBALT2tex_reverse,0.0,0.0,0.0
FALGTHLs_reverse,0.0,0.0,0.0
DIMPtex_reverse,0.0,0.0,0.0
GALURt2rpp_reverse,0.0,0.0,0.0
GLCNt2rpp_reverse,0.0,0.0,0.0
GLCRt2rpp_reverse,0.0,0.0,0.0
GLCURt2rpp_reverse,0.0,0.0,0.0
EX_h2o_e_reverse,0.0,0.0,0.0
XTSNtex_reverse,0.0,0.0,0.0
GLUDy_reverse,7.499494782139175,3.561509478942304,4.041424126550848
UREAtpp_reverse,0.0,0.0,0.0
PPPNt2rpp_reverse,0.0,0.0,0.0
PTRCORNt7pp_reverse,0.0,0.0,0.0
HG2tex_reverse,0.0,0.0,0.0
DADNtex_reverse,0.0,0.0,0.0
DHAtex_reverse,0.0,0.0,5.241306375647642
ETOHtex_reverse,0.0,0.0,0.0
HACD3_reverse,0.0,0.0,0.0
ACACtex_reverse,0.0,0.0,0.0
ACNAMtex_reverse,0.0,0.0,0.0
H2Stex_reverse,0.0,0.0,0.0
E4PD_reverse,0.000391140756847097,0.0,0.0
EX_nh4_e_reverse,9.471495371048,4.5267080537216735,5.13668354677398
DADK_reverse,0.0,0.0,0.0
4PEPTtex_reverse,0.0,0.0,0.0
CRNCAR_reverse,0.0,0.0,0.0
GLYCLTt2rpp_reverse,0.0,0.0,0.0
HPPPNt2rpp_reverse,0.0,0.0,0.0
DHFR_reverse,0.0,0.0,0.0
TYRTA_reverse,0.12112997825943865,0.057891602820202386,0.06569251654266554
EX_mobd_e_reverse,6.138980500988788e-06,2.9340005338977024e-06,3.32935813174624e-06
EX_so4_e_reverse,0.22084543853699987,0.10554857349230333,0.1197712806766202
PUNP4_reverse,0.0,0.0,0.0
AMAOTr_reverse,0.0,0.0,0.0
EX_k_e_reverse,0.17118371727564352,0.0818137666018706,0.0928382002585634
EX_na1_e_reverse,0.0,0.0,0.0
ARGORNt7pp_reverse,0.0,0.0,0.0
CU2tex_reverse,0.0,0.0,0.0
GLCATr_reverse,0.0,0.0,0.0
ALAALAr_reverse,0.0,0.0,0.0
CLtex_reverse,0.0,0.0,0.0
ACACT1r_reverse,0.0,0.0,0.0
SUCOAS_reverse,5.509676018214811,0.0,0.0
GALKr_reverse,0.0,0.0,0.0
YUMPS_reverse,0.0,0.0,0.0
ADSL1r_reverse,0.0,0.0,0.0
AICART_reverse,0.0,0.0,0.0
PROtex_reverse,0.0,0.0,0.0
SBTtex_reverse,0.0,0.0,0.0
PGM_reverse,15.598897532202706,17.22420208061878,11.844760909720687
TPI_reverse,0.0,0.0,0.0
RPI_reverse,1.430462519828067,1.3785744722723456,1.3284329194703508
PERD_reverse,0.000391140756847097,0.0,0.0
AKGtex_reverse,0.0,0.0,0.0
ALLTNtex_reverse,0.0,0.0,0.0
ASNtex_reverse,0.0,0.0,0.0
EX_o2_e_reverse,22.131763238946036,9.456132583139864,10.492305957895882
ATHRDHr_reverse,0.0,0.0,0.0
LSERDHr_reverse,0.0,0.0,0.0
DSERDHr_reverse,0.0,0.0,0.0
TYMtex_reverse,0.0,0.0,0.0
CMPtex_reverse,0.0,0.0,0.0
DUMPtex_reverse,0.0,0.0,0.0
XMPtex_reverse,0.0,0.0,0.0
3PEPTtex_reverse,0.0,0.0,0.0
ANHGMtex_reverse,0.0,0.0,0.0
UDPKAAT_reverse,0.0,0.0,0.0
FALDtex_reverse,0.0,0.0,0.0
MLTP1_reverse,0.0,0.0,0.0
CYSDtex_reverse,0.0,0.0,0.0
G3PItex_reverse,0.0,0.0,0.0
G3PGtex_reverse,0.0,0.0,0.0
G3PEtex_reverse,0.0,0.0,0.0
G3PCtex_reverse,0.0,0.0,0.0
DAMPtex_reverse,0.0,0.0,0.0
DCMPtex_reverse,0.0,0.0,0.0
DGMPtex_reverse,0.0,0.0,0.0
DTMPtex_reverse,0.0,0.0,0.0
GMPtex_reverse,0.0,0.0,0.0
IMPtex_reverse,0.0,0.0,0.0
UMPtex_reverse,0.0,0.0,0.0
G1Ptex_reverse,0.0,0.0,0.0
SKMtex_reverse,0.0,0.0,0.0
MNtex_reverse,0.0,0.0,0.0
GAL1Ptex_reverse,0.0,0.0,0.0
O2Stex_reverse,0.0,0.0,0.0
HOMtex_reverse,0.0,0.0,0.0
SO2tex_reverse,0.0,0.0,0.0
SO2tpp_reverse,0.0,0.0,0.0
ACSERtex_reverse,0.0,0.0,0.0
IPDDI_reverse,0.0,0.0,0.0
DURADx_reverse,0.0,0.0,0.0
ECOAH7_reverse,0.0,0.0,0.0
LDH_D_reverse,0.0,0.0,0.0
ALAALAtex_reverse,0.0,0.0,0.0
T2DECAI_reverse,0.0,0.0,0.0
MALtex_reverse,0.0,0.0,0.0
NO3tex_reverse,0.0,0.0,0.0
HEXt2rpp_reverse,0.0,0.0,0.0
CLPNS180pp_reverse,0.0,0.0,0.0
CLPNS181pp_reverse,0.0,0.0,0.0
CLPNS120pp_reverse,0.0,0.0,0.0
CLPNS160pp_reverse,0.0,0.0,0.0
CLPNS161pp_reverse,0.0,0.0,0.0
HPYRI_reverse,0.0,0.0,0.0
GSNtex_reverse,0.0,0.0,0.0
FORtex_reverse,0.0,2.021880124407488,0.0
D_LACt2pp_reverse,0.0,0.0,0.0
RIBtex_reverse,0.0,0.0,0.0
THMtex_reverse,0.0,0.0,0.0
XYLUtex_reverse,0.0,0.0,0.0
ALLtex_reverse,0.0,0.0,0.0
34dhpactex_reverse,0.0,0.0,0.0
12PPDStpp_reverse,0.0,0.0,0.0
EX_cl_e_reverse,0.004564770501092378,0.002181638968419649,0.0024756155822484548
H2tpp_reverse,0.0,0.0,0.0
23DAPPAtex_reverse,0.0,0.0,0.0
PHEt2rpp_reverse,0.0,0.0,0.0
GUI2_reverse,0.0,0.0,0.0
GLCtex_copy2_reverse,0.0,0.0,0.0
12PPDRtpp_reverse,0.0,0.0,0.0
3OAR120_reverse,0.0,0.0,0.0
PPALtex_reverse,0.0,0.0,0.0
CA2tex_reverse,0.0,0.0,0.0
CUtex_reverse,0.0,0.0,0.0
12PPDRtex_reverse,0.0,0.0,0.0
F6Ptex_reverse,0.0,0.0,0.0
GAMAN6Ptex_reverse,0.0,0.0,0.0
ACONIs_reverse,0.0,0.0,0.0
ACONTb_reverse,0.0,0.0,0.0
PPALtpp_reverse,0.0,0.0,0.0
PROGLYtex_reverse,0.0,0.0,0.0
MICITDr_reverse,0.0,0.0,0.0
ACONTa_reverse,0.0,0.0,0.0
3OAR140_reverse,0.0,0.0,0.0
3OAR160_reverse,0.0,0.0,0.0
CLPNS140pp_reverse,0.0,0.0,0.0
CLPNS141pp_reverse,0.0,0.0,0.0
CGLYtex_reverse,0.0,0.0,0.0
3OAR60_reverse,0.0,0.0,0.0
3OAR80_reverse,0.0,0.0,0.0
GTHOXtex_reverse,0.0,0.0,0.0
3OAR40_reverse,0.0,0.0,0.0
3OAR100_reverse,0.0,0.0,0.0
3OAR180_reverse,0.0,0.0,0.0
GTHRDtex_reverse,0.0,0.0,0.0
ACOAD7f_reverse,0.11192940048288527,0.05349437430575656,0.06070275994835842
ACOAD8f_reverse,0.0,0.0,0.0
ACOAD5f_reverse,0.31210576867027,0.1491645871433592,0.16926456741797882
ACOAD3f_reverse,0.31210576867027,0.1491645871433592,0.16926456741797882
ACOAD2f_reverse,0.31210576867027,0.1491645871433592,0.16926456741797882
ACOAD4f_reverse,0.31210576867027,0.1491645871433592,0.16926456741797882
ACOAD6f_reverse,0.2438543374547055,0.11654520749335134,0.13224971495440466
EX_tungs_e_reverse,0.0,0.0,0.0
FRULYSE_reverse,0.0,0.0,0.0
TUNGStex_reverse,0.0,0.0,0.0
CAt6pp_reverse,0.004564770501092378,0.002181638968419649,0.0024756155822484548
5DGLCNt2rpp_reverse,0.0,0.0,0.0
GALCTNLtex_reverse,0.0,0.0,0.0
MALDtex_reverse,0.0,0.0,0.0
OROTtex_reverse,0.0,0.0,0.0
5DGLCNtex_reverse,0.0,0.0,0.0
PPAtex_reverse,0.0,0.0,0.0
PSCLYStex_reverse,0.0,0.0,0.0
THYMtex_reverse,0.0,0.0,0.0
MG2t3_2pp_reverse,0.0,0.0,0.0
POR5_reverse,0.0,0.0,0.0
HACD8_reverse,0.0,0.0,0.0
CTECOAI8_reverse,0.0,0.0,0.0
CTECOAI6_reverse,0.0,0.0,0.0
EX_slnt_e_reverse,0.0,0.0,0.0
RFAMPtex_reverse,0.0,0.0,0.0
MINCYCtex_reverse,0.0,0.0,0.0
DOXRBCNtex_reverse,0.0,0.0,0.0
ETOHtrpp_reverse,0.0,0.0,0.0
REPHACCOAI_reverse,0.0,0.0,0.0
DHNPTE_reverse,0.0,0.0,0.0
CMtex_reverse,0.0,0.0,0.0
LALALGLUtex_reverse,0.0,0.0,0.0
5MTRtex_reverse,0.0,0.0,0.0
LALADGLUtex_reverse,0.0,0.0,0.0
3HPPtex_reverse,0.0,0.0,0.0
FUSAtex_reverse,0.0,0.0,0.0
NOVBCNtex_reverse,0.0,0.0,0.0
QUIN2tex_reverse,0.0,0.0,0.0
FORCT_reverse,0.0,0.0,0.0
HADPCOADH3_reverse,0.0,0.0,0.0
ACACT8r_reverse,0.0,0.0,0.0
CTECOAI7_reverse,0.1319249369718202,0.0630508331875948,0.0715469550060462
MEOHtrpp_reverse,1.7539944288539394e-06,8.382858668279151e-07,9.512451804989256e-07
SELtex_reverse,0.0,0.0,0.0
MEOHtex_reverse,1.7539944288539394e-06,8.382858668279151e-07,9.512451804989256e-07
TTRCYCtex_reverse,0.0,0.0,0.0
DHACOAH_reverse,0.0,0.0,0.0
SLNTtex_reverse,0.0,0.0,0.0
ALDD19xr_reverse,0.0,0.0,0.0
VPAMTr_reverse,0.0,0.0,0.0
CH4tex_reverse,0.0,0.0,0.0
TARTRDtex_reverse,0.0,0.0,0.0
BTNtex_reverse,0.0,0.0,0.0
DMSOtpp_reverse,0.0,0.0,0.0
PYDXtex_reverse,0.0,0.0,0.0
SUCASPtpp_reverse,0.0,0.0,0.0
SUCMALtpp_reverse,0.0,0.0,0.0
PYDXNtex_reverse,0.0,0.0,0.0
PYDAMtex_reverse,0.0,0.0,0.0
13PPDH2_reverse,0.0,0.0,0.0
SUCTARTtpp_reverse,0.0,0.0,0.0
CHTBStex_reverse,0.0,0.0,0.0
GHBDHx_reverse,0.0,0.0,0.0
APPLDHr_reverse,0.0,0.0,0.0
DHNPA2r_reverse,0.0,0.0,0.0
QUIN2tpp_reverse,0.0,0.0,0.0
CRNDtex_reverse,0.0,0.0,0.0
NADHXE_reverse,0.0,0.0,0.0
NADPHXE_reverse,0.0,0.0,0.0
DXYLONtpp_reverse,0.0,0.00018693774830259228,0.00021212767525130065
DXYLTD_reverse,0.0,0.00018693774830259228,0.00021212767525130065
2DDARAA_reverse,0.0,0.00018693774830259228,0.00021212767525130065
DXYLONtex_reverse,0.0,0.00018693774830259228,0.00021212767525130065
PSURItex_reverse,0.0,0.0,0.0
DHPStex_reverse,0.0,0.0,0.0
FMNtex_reverse,0.0,0.0,0.0
CLBtex_reverse,0.0,0.0,0.0
ACOXT_reverse,0.0,0.0,0.0
4ABZGLUH_reverse,0.0,0.0,0.0
4ABZGLUtr_reverse,0.0,0.0,0.0
PCNO_reverse,0.0,0.0,0.0
5DKGR_reverse,0.0,0.0,0.0
GLYtpp_reverse,0.0,0.0,0.0
FADtex_reverse,0.0,0.0,0.0
LKDRA_reverse,0.0,0.0,0.0
METNA_reverse,0.0,0.0,0.0
2DGLCtex_reverse,0.0,0.0,0.0
PUACGAMS_reverse,0.0,0.0,0.0
SQtex_reverse,0.0,0.0,0.0
URATEtex_reverse,0.0,0.0,0.0
ARHGDx_reverse,0.0,0.0,0.0
INOSTO_reverse,0.0,0.0,0.0
Ftex_reverse,0.0,0.0,0.0
CYSItex_reverse,0.0,0.0,0.0
CS1tex_reverse,0.0,0.0,0.0
MEPNtex_reverse,0.0,0.0,0.0
UDPGPT_reverse,0.0,0.0,0.0
4ABZGLUtex_reverse,0.0,0.0,0.0
4HTHRA_reverse,0.0005867111356643112,9.346887415131253e-05,0.0001060638376256302
METGLCURtex_reverse,0.0,0.0,0.0
AI2tex_reverse,0.0,0.0,0.0
RHMND_reverse,0.0,0.0,0.0
ASPtpp_reverse,0.0,0.0,0.0
FUMt1pp_reverse,0.0,0.0,0.0
SUCCt1pp_reverse,0.0,0.0,0.0
