,fluxes,reduced_costs
ALATA_D2,0.0,-0.007523352615827428
SHCHD2,0.00019557037881721425,-1.1102230246251565e-16
CPPPGO,0.00019557037881721425,0.0
GTHOr,0.21704102462081537,0.0
DHORD5,0.0,-6.938893903907228e-17
GLYCTO2,0.0,0.0
GLYCTO3,0.0,0.0
GLYCTO4,0.0,0.0
PFK_3,8.451763770252551,0.0
TRPS2,0.0,-0.009404190769784215
G3PD5,0.0,-0.007523352615827095
EX_acgam_e,0.0,-0.23886644555251182
EX_cellb_e,0.0,-0.36112092555970304
EX_chol_e,0.0,-0.026331734155394915
LEUTAi,0.3951144320129971,0.0
SHK3Dr,0.33424030136519217,0.0
G5SD,0.1938646192351538,7.589415207398531e-19
ALATA_L2,0.0,-0.007523352615827428
MAN6PI,0.0,0.0
APRAUR,0.00039114075763442937,0.0
DB4PS,0.0007822815152688587,1.3877787807814457e-17
RBFK,0.00019557037881721512,0.0
ACP1_FMN,0.0,-0.00752335261582715
RBFSb,0.00039114075763442937,0.0
EX_pi_e,0.0,0.0
EX_h_e,8.058200328043556,0.0
DMATT,0.00024380522561069716,7.589415207398531e-19
GRTT,0.00024380522561069716,0.0
UPP3S,0.0003911407576344285,0.0
UPPDC1,0.00019557037881721425,0.0
TMDPP,0.0,0.0
EX_ade_e,0.0,-0.16081166216330536
EX_4abut_e,0.0,-0.12789699446906178
EX_ac_e,0.0,-0.048901792002876365
EX_akg_e,0.0,-0.12037364185323464
EX_ala__L_e,0.0,-0.08463771692805566
EX_arg__L_e,0.0,-0.20689219693524763
EX_asp__L_e,0.0,-0.09592274585179646
EX_cytd_e,0.0,-0.27648320863164794
EX_dcyt_e,0.0,-0.2896490757093457
EX_fum_e,0.0,-0.09404190769783939
EX_glu__L_e,0.0,-0.13542034708488923
EX_gua_e,0.0,-0.1551691477014346
HCO3E,0.4609707838359681,0.0
IMPC,0.0,0.0
IMPD,0.213310278470643,-2.7755575615628914e-17
ECOAH4,0.31210576867026996,0.0
GLUTRS,0.003129126061075428,0.0
TMPPP,0.00019557037881721425,0.0
URIK1,0.0,-0.007523352615827178
URIK2,0.0,-0.007523352615827206
CYTDK1,0.0,5.551115123125783e-17
CYTDK2,0.0,0.0
XPPT,0.0,-0.015046705231654356
HXPRT,0.0,-0.0150467052316543
NDPK5,0.0,0.0
DHORTS,0.0,0.0
OMPDC,0.2901062935463695,0.0
CS,6.913003110880913,1.1102230246251565e-16
ICDHyr,6.913003110880913,0.0
ACALD,0.0,0.0
ACS,0.0,-0.00752335261582715
PPA,3.047913488027849,0.0
PPCK,0.0,-0.00752335261582715
ME1,0.0,-0.007523352615827157
ALAR,0.036554997891744954,0.0
ALATA_L,0.0,1.3877787807814457e-17
XYLK,0.0,0.0
RBK,0.0,0.0
GLYK,0.0,0.0
PPM,0.0,0.0
ASPTA,0.0,0.0
FBP,0.0,-0.00752335261582715
GLGC,0.0,1.3877787807814457e-17
PYK,1.4012871769142512,-2.7755575615628914e-17
A5PISO,0.03412571560778225,0.0
EX_met__L_e,0.0,-0.2830661421704967
EX_metsox_S__L_e,0.0,-0.2680194369388425
IPPMIb,0.0,0.0
ACHBS,0.2547931237102531,0.0
ACLS,0.7668174233868664,0.0
PSCVT,0.33424030136519217,0.0
ANS,0.04985115265967224,1.3877787807814457e-17
ANPRT,0.04985115265967224,2.7755575615628914e-17
CHORM,0.2836068671902512,0.0
CHORS,0.33424030136519217,0.0
IGPS,0.04985115265967224,0.0
EX_crn_e,0.0,1.5178830414797062e-18
EX_fe3_e,0.0,0.0
EX_glcn_e,0.0,-0.16551375754819717
EX_gln__L_e,0.0,-0.13730118523884602
EX_glyc_e,0.0,-0.10532693662157998
EX_man_e,0.0,-0.18056046277985152
EX_mn2_e,0.0,0.0
EX_rib__D_e,0.0,-0.14294369970071583
EX_sbt__D_e,0.0,-0.19372632985754903
ECOAH6,0.24385433745470547,0.0
ENO,15.598897532203502,0.0
FBA,0.0,0.0
MGSA,0.0,-0.015046705231654287
PPS,0.0,-0.007523352615827095
PGI,7.644633780205907,0.0
PGK,0.0,0.0
EDA,0.0,0.0
PGL,2.355366219794093,0.0
RPE,0.88999570284342,0.0
TALA,0.0,1.3877787807814457e-17
TKT1,0.611922431725489,-6.938893903907228e-18
G6PDA,0.0,-0.00752335261582715
ALCD2x,0.0,0.0
ALDD2y,0.0,-0.005642514461870474
RMI,0.0,0.0
EX_ura_e,0.0,-0.11096945108345077
EX_val__L_e,0.0,-0.1730371101640245
EX_xan_e,0.0,-0.14576495693165067
FMNAT,0.00019557037881721512,0.0
NADDP,0.0,-0.0150467052316543
NMNAT,0.0,0.0
HMPK1,0.0,0.0
NDPK6,0.0,0.0
NDPK8,0.0,0.0
PYNP2r,0.02294750911269609,0.0
DURIPP,0.0,0.0
PTRCTA,0.0,0.0
CYSDS,0.0,-0.016927543385611366
TRPAS2,0.0,0.0
NDP3,0.0,-0.00752335261582715
CDPPH,0.0,-0.00752335261582715
NDP7,0.0,-0.00752335261582715
EX_co2_e,24.003293272975913,0.0
PMDPHT,0.00039114075763442937,0.0
ILETA,0.0,-1.3877787807814457e-17
VALTA,0.0,0.0
ORPT,0.0,0.0
RBFSa,0.0007822815152688587,0.0
DHAD2,0.2547931237102531,0.0
G1PP,0.0,-0.007523352615827178
PFL,0.0,-0.0028212572309349315
FRD2,0.0,0.0
FRD3,0.0,6.938893903907228e-18
POX,0.0,-0.01316586707769754
PTAr,0.0,0.0
ACKr,0.51057550027838,0.0
EX_hxan_e,0.0,-0.1589308240093482
EX_ile__L_e,0.0,-0.23698560739855543
EX_lac__L_e,0.0,-0.08463771692805533
EX_leu__L_e,0.0,-0.21629638770503057
EX_no3_e,0.0,-0.01034460984676233
EX_orn_e,0.0,-0.17867962462589554
EX_pro__L_e,0.0,-0.17115627201006797
EX_pyr_e,0.0,-0.06959101169640108
EX_succ_e,0.0,-0.10156526031366654
EX_thymd_e,0.0,-0.335729610481287
EX_tyr__L_e,0.0,-0.3065766190949564
MOAT,0.017062857803891125,0.0
UDCPDPS,4.8234846793482894e-05,0.0
USHD,0.017062857803891125,0.0
LPADSS,0.017062857803891125,0.0
TDSK,0.017062857803891125,0.0
EX_btn_e,0.0,-1.330692993924427
EX_ptrc_e,0.0,-0.17679878647193875
EX_spmd_e,-0.0,0.0
EX_thym_e,0.0,-0.16081166216330564
EX_xtsn_e,0.0,-0.301874523710064
NTPP1,0.0,-0.0150467052316543
NTPP2,0.0,-0.015046705231654356
NTPTP1,0.0,-0.007523352615827149
NTPTP2,0.0,-0.015046705231654356
IPMD,0.3951144320129971,0.0
AIRC3,0.0,0.0
ADSL2r,0.39271409063711704,0.0
EX_fe2_e,0.0,0.0
PUNP5,0.0,0.0
PUNP6,0.0,0.0
PUNP7,0.0,0.0
RNDR1,0.0,-0.0018808381539565655
RNDR3,0.0,-0.00188083815395651
RNDR4,0.0,-0.0018808381539565655
TMDS,0.02294750911269609,5.551115123125783e-17
TMDK1,0.0,0.0
PPCDC,0.0005910961225238332,0.0
FTHFD,0.0,-0.0075233526158271224
EX_glc__D_e,0.0,-0.18056046277985152
EDD,0.0,-0.005642514461870279
DHQTi,0.33424030136519217,0.0
PUNP1,0.0,0.0
PUNP2,0.0,0.0
PUNP3,0.0,0.0
LYSAM,0.0,0.0
DHAD1,0.7668174233868664,0.0
IPPMIa,0.0,0.0
EX_alltn_e,0.0,-0.03949760123309266
G3PD7,0.0,-0.007523352615827095
NADH9,0.0,-0.005642514461870363
NADH10,0.0,-0.005642514461870474
MDH,6.884588401133495,-6.938893903907228e-18
FUM,6.884588401133495,0.0
PYDXNK,0.0,0.0
PYAM5PO,0.0,-1.734723475976807e-18
OHPBAT,0.0,0.0
EX_dgsn_e,0.0,-0.3319679341733728
EX_arab__L_e,0.0,-0.1485862141625862
EX_fru_e,0.0,-0.18056046277985152
EX_gal_e,0.0,-0.17867962462589482
EX_xyl__D_e,0.0,-0.1485862141625862
EX_duri_e,0.0,-0.28776823755538894
EX_for_e,0.0,-0.011285028923740725
EX_gly_e,0.0,-0.04796137292589823
EX_h2_e,0.0,-0.011285028923740725
EX_lys__L_e,0.0,-0.22193890216690143
EX_ser__L_e,0.0,-0.0789952024661853
EX_thm_e,0.0,-1.0288184702143606
EX_trp__L_e,0.0,-0.3893334978690549
GLUTRR,0.003129126061075428,0.0
GLCS1,0.0,0.0
GLCP,0.0,-0.007523352615827178
EX_din_e,0.0,-0.33572961048128636
EX_fmn_e,0.0,-0.64324664865322
EX_gthox_e,0.0,-0.690267602502142
HEMEOS,0.0,0.0
ADMDC,0.0,0.0
AGMT,0.0,-0.02821257230935209
ARGDC,0.0,0.0
ARGSS,0.25940876004978225,0.0
AGPR,0.0,0.0
SPMS,0.0,-8.673617379884035e-19
G1SAT,0.003129126061075428,0.0
KDOCT2,0.03412571560778225,-1.3877787807814457e-17
OAADC,0.0,-0.007523352615827206
MNNH,0.0,0.0
ALTRH,0.0,0.0
GUI1,0.0,0.0
PGAMT,0.0,0.0
UAGDP,0.08286571279677551,2.7755575615628914e-17
UAGCVT,0.024369998594496636,0.0
GLUR,0.0,0.0
UAG2E,0.0,0.0
EX_acald_e,0.0,-0.06959101169640103
EX_melib_e,0.0,-0.36300176371365994
MACPD,0.0,-0.00752335261582715
DMQMT,0.0,-1.1102230246251565e-16
ICHORS_copy1,0.0,0.0
EX_sucr_e,0.0,0.0
EX_tre_e,0.0,-0.36112092555970304
EX_zn2_e,0.0,0.0
HACD5,0.31210576867026996,1.1102230246251565e-16
DNMPPA,0.0005867111364515845,0.0
HPPK2,0.0005867111364515845,0.0
PTPATi,0.0005910961225238332,0.0
HEX7,0.0,0.0
DXPRIi,0.002095146345266026,0.0
OPHBDC,0.00019557037881721425,0.0
OHPHM,0.0,0.0
GHMT2r,0.9783188951027636,1.734723475976807e-17
DHORD2,0.2901062935463695,0.0
ADK4,0.0,0.0
INSK,0.0,-0.007523352615827178
ABTA,0.0,0.0
SSALx,0.0,-0.0018808381539567112
ASPT,0.0,-0.001880838153957065
SERD_L,0.0,-0.009404190769784215
THRD,0.0,-0.021629638770503085
HEX4,0.0,0.0
KARA1,0.0,0.0
KARA2,0.2547931237102531,0.0
ACCOAC,0.06825669319885107,0.0
NADK,0.00039201775484731176,0.0
ICHORS_copy2,0.0,0.0
SUCBZS,0.0,0.0
DHBD,0.0,0.0
ICHORT,0.0,-0.3269523657628218
RBK_L1,0.0,0.0
RBP4E,0.0,0.0
NTD2,0.02294750911269609,0.0
NTD4,0.0,-0.007523352615827206
NTD5,0.0,-0.00752335261582715
NTD6,0.0,5.551115123125783e-17
LGTHL,0.0,0.0
PYDXPP,0.0,0.0
PDXPP,0.0,-0.00752335261582715
HACD6,0.24385433745470547,0.0
ECOAH1,0.31210576867026996,0.0
ECOAH2,0.31210576867026996,0.0
ECOAH3,0.31210576867026996,0.0
UGLT,0.0,0.0
DXPS,0.0024862871029004544,0.0
CDPMEK,0.002095146345266026,0.0
MECDPS,0.002095146345266026,0.0
DDGLK,0.0,0.0
XYLI2,0.0,2.7755575615628914e-17
PMANM,0.0,0.0
ICL,0.0,-0.0018808381539567598
GLYCL,0.04754070349826778,-1.734723475976807e-17
CMPN,0.0,-0.015046705231654245
HCYSMT,0.0,-0.03385508677122229
UDPG4E,0.0,0.0
LACZ,0.0,5.551115123125783e-17
TRE6PH,0.0,0.0
XYLI1,0.0,0.0
PPC,2.5961073250826434,0.0
ALDD4,0.0,0.0
G3PT,0.0,-0.00752335261582715
CINNDO,0.0,0.0
DHPPD,0.0,0.0
DHCIND,0.0,0.0
CITL,0.0,-0.007523352615827372
GOFUCR,0.0,0.0
PYDXK,0.0,-0.007523352615827095
GTPCII2,0.00039114075763442937,0.0
URIC,0.0,0.0
SADT2,0.21704102462081537,5.551115123125783e-17
LCARS,0.0,0.0
ALCD19,0.0,0.0
RMPA,0.0,-6.938893903907228e-18
SBTPD,0.0,0.0
PFK_2,0.0,0.0
GLTPD,0.0,0.0
TGBPA,0.0,0.0
MANAO,0.0,0.0
TAGURr,0.0,0.0
PGLYCP,0.0,0.0
GLXCL,0.0,-0.011285028923740975
TARTD,0.0,0.0
GLCRAL,0.0,0.0
KAS14,0.0,0.0
EDTXS1,0.0,2.220446049250313e-16
EDTXS2,0.0,0.0
EDTXS3,0.0,-2.220446049250313e-16
EDTXS4,0.0,0.0
EX_tmao_e,-0.0,0.0
NNDPR,0.001997799654463117,-1.3877787807814457e-17
HACD4,0.31210576867026996,0.0
HACD7,0.24385433745470547,0.0
AACPS1,0.0,-0.008463771692805544
SDPDS,0.32532123969446997,0.0
DMSOR1,0.0,0.0
DKGLCNR2y,0.0,-0.0018808381539566765
2DGULRy,0.0,-0.0018808381539566765
RZ5PP,0.0,0.0
NTD9,0.0,-0.00752335261582715
NTD10,0.0,5.551115123125783e-17
ADPT,0.0,-0.00752335261582715
ADK1,2.300799561057522,0.0
OCTDPS,0.00019557037881721425,0.0
EX_26dap__M_e,0.0,-0.21817722585898786
EX_acnam_e,0.0,-0.30845745724891294
EX_amp_e,0.0,-0.3188020670956755
EX_dha_e,0.0,-0.09028023138992573
EX_fuc__L_e,0.0,-0.18620297724172186
EX_glyald_e,0.0,-0.09216106954388247
AACPS2,0.0,0.0
AACPS3,0.11192940048288529,0.0
AACPS4,0.1319249369718202,0.0
EX_rmn_e,0.0,-0.18620297724172186
EX_ttdca_e,0.0,-0.5595493508021436
AMANK,0.0,0.0
EX_glyclt_e,0.0,-0.04137843938704945
EX_g6p_e,0.0,-0.18620297724172194
EX_2ddglcn_e,0.0,-0.1598712430863269
EX_galct__D_e,0.0,-0.1278969944690615
EX_idon__L_e,0.0,-0.16551375754819717
EX_indole_e,0.0,-0.31786164801869704
EX_3hcinnm_e,0.0,-0.2162963877050304
EX_acmana_e,0.0,-0.23886644555251182
EX_galur_e,0.0,-0.14670537600862937
EX_but_e,0.0,-0.13165867077697446
EX_cbl1_e,-0.0,0.0
ACNML,0.0,0.0
CAT,0.0,-0.015046705231654293
SERASr,0.0,0.0
DMSOR2,0.0,0.0
ACMAMUT,0.0,0.0
DDGALK,0.0,0.0
AB6PGH,0.0,0.0
AMALT1,0.0,-0.00752335261582715
MLTP2,0.0,0.0
PACCOAL,0.0,0.0
GP4GH,0.0,0.0
ACGAMT,0.0,0.0
AADDGT,0.0,0.0
EX_gbbtn_e,-0.0,0.0
EX_tma_e,0.0,-0.00752335261582715
GMHEPK,0.0,0.0
EX_malttr_e,0.0,-0.5416813883395546
TRE6PS,0.0,0.0
UDCPDP,0.024369998594496636,0.0
TREH,0.0,-0.00752335261582715
CYTK1,0.15873912680292485,0.0
CYTK2,0.0,0.0
GK1,0.23625778758333907,0.0
HACD1,0.31210576867026996,-2.220446049250313e-16
HACD2,0.31210576867026996,0.0
EX_hdcea_e,0.0,-0.6338424578834365
ACACCT,0.0,0.0
BUTCT,0.0,0.0
2DGULRx,0.0,0.0
G1PTT,0.0,0.0
TDPGDH,0.0,0.0
UDPGALM,0.0,0.0
TDPDRE,0.0,0.0
TDPDRR,0.0,0.0
G3PD6,0.0,-0.007523352615827095
ALLTN,0.0,0.0
UAPGR,0.024369998594496636,0.0
NDPK7,0.0,0.0
AOBUTDs,0.0,0.0
GLYAT,0.0,-1.3877787807814457e-17
ADNUC,0.0,-0.00752335261582715
GMHEPPA,0.0,-1.7618751407190194
S7PI,0.0,0.0
TRPS3,0.04985115265967224,-6.938893903907228e-18
CRNBTCT,0.0,7.589415207398531e-19
CRNCBCT,0.0,0.0
CRNCDH,0.0,0.0
FADRx,1.9170194410437686,0.0
GTPDPK,0.0,-0.0150467052316543
NADN,0.0,-0.015046705231654273
NDPK2,0.3500244972304489,0.0
NDPK3,0.0,2.7755575615628914e-17
NDPK4,0.02294750911269609,0.0
FCLT,0.00019557037881721425,0.0
HBZOPT,0.00019557037881721425,2.7755575615628914e-17
PNTK,0.0005910961225238332,0.0
DPCOAK,0.0005910961225238332,0.0
HETZK,0.0,0.0
KDOPS,0.03412571560778225,0.0
KDOPP,0.03412571560778225,0.0
AST,0.0,0.0
SGDS,0.0,0.0
CYNTAH,0.0,0.0
GSPMDA,0.0,0.0
GSPMDS,0.0,-0.00752335261582715
GUAD,0.0,-0.00752335261582715
TMAOR1,0.0,0.0
TMAOR2,0.0,0.0
DGK1,0.0,0.0
DTMPK,0.02294750911269609,0.0
NDPK1,0.0,5.551115123125783e-17
TRDR,0.0,0.0
PGMT,0.0,0.0
FRUK,0.0,0.0
RHCCE,0.00039289475206328244,-2.7755575615628914e-17
KG6PDC,0.0,0.0
X5PL3E,0.0,0.0
DOGULNR,0.0,0.0
BETALDHx,0.0,-0.0018808381539566765
BETALDHy,0.0,-1.0842021724855044e-19
MLTG3,0.0,-0.00752335261582715
DKGLCNR1,0.0,-0.0018808381539566765
NADTRHD,0.0,-0.0018808381539566765
FMNRx2,0.0,-0.0018808381539566765
ACPS1,0.0,0.0
EX_nmn_e,0.0,-0.37428679263740094
EX_urea_e,-0.0,0.0
GMPS2,0.0,-0.0075233526158271224
AMPN,0.0,-0.00752335261582715
GSNK,0.02294750911269609,0.0
EX_f6p_e,0.0,-0.18620297724172194
ADCS,0.0005867111364515845,0.0
ADCL,0.0005867111364515845,0.0
DHAPT,0.0,6.938893903907228e-18
EX_lac__D_e,0.0,-0.08275687877409865
UMPK,0.3085916408320612,0.0
DDPGALA,0.0,0.0
DURIK1,0.02294750911269609,0.0
UPPRT,0.0,-0.0150467052316543
CTPS2,0.14077997784588933,2.7755575615628914e-17
NTD1,0.0,-0.00752335261582715
NTD7,0.0,-0.00752335261582715
PAPPT3,0.024369998594496636,0.0
UAGPT3,0.024369998594496636,0.0
EX_ttdcea_e,0.0,-0.5247538449539428
F6PA,0.0,-5.551115123125783e-17
AGMHE,0.0,0.0
GMHEPAT,0.0,0.0
EX_h2s_e,-0.0,0.0
EX_gthrd_e,0.0,-0.3526571538668981
IDOND,0.0,0.0
IDOND2,0.0,-0.0018808381539566765
GLYCLTDx,0.0,-0.005642514461870363
HPYRRy,0.0,-0.0018808381539566765
ACODA,0.25940876004978225,0.0
ADA,0.0,-0.0018808381539571761
DADA,0.0,-0.0018808381539571761
ADD,0.0,-0.0018808381539571761
ADSS,0.26248877426685635,2.7755575615628914e-17
AGDC,0.0,0.0
ASNN,0.0,-0.015046705231654287
ASNS2,0.2114045635236932,-6.938893903907228e-18
ASPCT,0.2901062935463695,6.938893903907228e-18
DMPPS,0.00024380522561069716,0.0
MCOATA,0.06825493920442222,0.0
IPDPS,0.0018513411196553287,0.0
DAPE,0.32532123969446997,0.0
DHDPRy,0.32532123969446997,0.0
HSK,0.4772759160465878,0.0
SDPTA,0.0,0.0
THRS,0.4772759160465878,0.0
HSST,0.13497951826966934,0.0
PPNDH,0.16247688893081255,0.0
DDPA,0.33424030136519217,0.0
NMNDA,0.0,-0.0150467052316543
NNAM,0.0,0.0
P5CD,0.0,-0.009404190769783827
SPMDAT1,0.0,0.0
SPMDAT2,0.0,0.0
TDPADGAT,0.0,0.0
MALS,0.0,6.938893903907228e-18
TRE6PP,0.0,0.0
EX_met__D_e,0.0,0.0
EX_tartr__L_e,0.0,-0.08087604062014186
EX_taur_e,0.0,-0.016927543385610866
EX_maltpt_e,0.0,-0.910325666515085
EX_glcur_e,0.0,-0.14670537600862937
ADPRDP,0.0,0.0
ARAI,0.0,0.0
M1PD,0.0,0.0
G3PD2,0.0,0.0
GALS3,0.0,0.0
FCI,0.0,0.0
FCLK,0.0,0.0
FCLPA,0.0,0.0
ACCOAL,0.0,0.0
GALUi,0.0,-0.015046705231654314
U23GAAT,0.03412571560778225,0.0
UAAGDS,0.024369998594496636,0.0
UAMAS,0.024369998594496636,0.0
UAMAGS,0.024369998594496636,0.0
UGLYCH,0.0,0.0
OP4ENH,0.0,0.0
HOPNTAL,0.0,0.0
3HPPPNH,0.0,0.0
AKGDH,5.9700627219067535,0.0
HPYRRx,0.0,0.0
GLYCDx,0.0,-0.0018808381539567598
ASP1DC,0.0005910961225238332,0.0
UGMDDS,0.024369998594496636,0.0
UHGADA,0.03412571560778225,1.1102230246251565e-16
UAGAAT,0.03412571560778225,0.0
ATPPRT,0.08308496210038227,0.0
HISTD,0.08308496210038227,0.0
IGPDH,0.08308496210038227,0.0
PRPPS,0.8179498689768214,0.0
PRATPP,0.08308496210038227,0.0
PRMICI,0.08308496210038227,0.0
SERAT,0.21704102462081537,-5.551115123125783e-17
CYSS,0.21704102462081537,0.0
BPNT,0.21704102462081537,0.0
PAPSR,0.0,0.0
ASPK,0.9375766740107271,0.0
ASAD,0.0,-2.0816681711721685e-17
DAPDC,0.30095124109997334,0.0
EX_mmet_e,0.0,-0.3329083532503517
METAT,0.0007875434985554188,2.7755575615628914e-17
ASCBPL,0.0,0.0
ACBIPGT,0.0,-0.6865059261942271
ADOCBLS,0.0,2.7755575615628914e-17
ADOCBIK,0.0,0.0
TMPK,0.00019557037881721425,0.0
HPPPNDO,0.0,0.0
DHCINDO,0.0,0.0
HKNDDH,0.0,0.0
HKNTDH,0.0,0.0
GLYCK2,0.0,0.0
ENTCS,0.0,5.551115123125783e-17
SULR,0.21704102462081537,0.0
MANPGH,0.0,0.0
URDGLYCD,0.0,0.0
CBMKr,0.5495150535961517,0.0
AMANAPEr,0.0,0.0
ACM6PH,0.0,-1.3877787807814457e-17
NNATr,0.001997799654463117,0.0
CYTDH,0.0,-0.01504670523165419
PSERT,1.5065360713465563,0.0
AIRC2,0.39271409063711704,0.0
GAPD,17.105433603550058,6.938893903907228e-18
HEX1,0.0,1.3877787807814457e-17
GND,2.355366219794093,0.0
TAUDO,0.0,0.0
DM_amob_c,1.7539944288539394e-06,0.0
ME2,0.0,-0.005642514461870508
ARGSL,0.25940876004978225,0.0
CBPS,0.0,-0.0150467052316543
GLU5K,0.1938646192351538,0.0
IPPS,0.3951144320129971,2.7755575615628914e-17
EX_mg2_e,0.0,0.0
ACOATA,0.0,0.0
MLTG2,0.0,0.0
MLTG1,0.0,5.551115123125783e-17
AMALT3,0.0,0.0
MLTP3,0.0,0.0
SPODM,0.00342379712512289,0.0
AHCYSNS,0.00039289475206328244,0.0
TMK,0.0,0.0
NTPP4,0.0,-0.015046705231654356
NTPP3,0.0,-0.0150467052316543
NTPP6,0.0,-0.0150467052316543
NTPP7,0.0,-0.0150467052316543
NTPP8,0.0,-0.0150467052316543
P5CR,0.1938646192351538,0.0
CYANST,0.0,8.673617379884035e-19
DHPPDA2,0.00039114075763442937,0.0
G5SADs,0.1938646192351538,0.0
GMAND,0.0,0.0
PPCSCT,0.0,2.220446049250313e-16
CYTD,0.0,-0.007523352615827039
DCYTD,0.0,0.0
DBTS,1.7539944288539394e-06,0.0
DCTPD,0.0,-0.0150467052316543
DHDPS,0.32532123969446997,-6.938893903907228e-18
G1PACT,0.08286571279677551,0.0
GART,0.002151274166989301,0.0
CSND,0.0,0.0
GF6PTA,0.08286571279677551,0.0
H2SO,0.0,-0.09028023138992536
GLUCYS,0.0,-0.031974248617265444
GLUN,0.0,-0.00752335261582715
GLUPRT,0.3929096610159343,0.0
GMPR,0.0,-0.016927543385610977
NADS1,0.001997799654463117,0.0
NTRIR2x,0.0,-0.03761676307913575
OCBT,0.25940876004978225,0.0
GARFT,0.3907583868489449,2.7755575615628914e-17
GPDDA1,0.0,-0.00564251446187037
GPDDA2,0.0,-0.0376167630791362
PHETA1,0.0,2.7755575615628914e-17
PPND,0.12112997825943862,-5.551115123125783e-17
TRPS1,0.0,-0.009404190769784222
PRAMPC,0.08308496210038227,0.0
MCITL2,0.0,6.938893903907228e-18
DXYLK,0.0,0.0
MDH3,0.0,-0.00564251446187037
SOTA,0.0,0.0
SGSAD,0.0,-0.04890179200287684
PTA2,0.0,0.0
MDH2,0.0,-0.00564251446187037
ACOTA,0.0,0.0
GPDDA5,0.0,0.0
PDX5PS,0.00019557037881721425,0.0
PPBNGS,0.001564563030537714,0.0
PPNCL2,0.0005910961225238332,0.0
PRAGSr,0.3929096610159343,0.0
PRFGS,0.3929096610159343,-6.661338147750939e-16
EX_acac_e,0.0,-0.10532693662157988
ETHAAL,0.0,0.0
MAN1PT2,0.0,-0.00752335261582715
AP4AH,0.0,0.0
AP5AH,0.0,0.0
ADNCYC,0.0,0.0
MI1PP,0.0,0.0
MCITS,0.0,-0.01504670523165455
PPAKr,0.0,0.0
NTP3,0.0,-0.007523352615827206
PPM2,0.0,0.0
MOAT2,0.017062857803891125,0.0
EX_adn_e,0.0,-0.3188020670956755
EX_ins_e,0.0,-0.3188020670956751
G6PDH2r,2.355366219794093,-1.1102230246251565e-16
NADH5,0.0,-0.005642514461870474
MOHMT,0.0005910961225238332,0.0
EX_glyc3p_e,0.0,-0.11285028923740713
EX_lcts_e,0.0,-0.3592400874057463
EX_nac_e,0.0,-0.21629638770503082
EX_ocdca_e,0.0,-0.7128376603496211
GMPS,0.213310278470643,2.7755575615628914e-17
FTHFLi,0.0,-2.7755575615628914e-17
UDPGD,0.0,0.0
GLCRD,0.0,0.0
PPPNDO,0.0,0.0
CHRPL,0.00019557037881721425,0.0
TDPAGTA,0.0,-0.6112724000359566
UACMAMO,0.0,0.0
FBA3,8.451763770252551,1.3877787807814457e-17
PMPK,0.00019557037881721425,0.0
LCADi,0.0,0.0
ADK3,0.0,-8.326672684688674e-17
GLUDC,0.0,-0.005642514461870668
BSORy,0.0,-0.0018808381539565655
ADSK,0.21704102462081537,0.0
HSDy,0.0,6.938893903907228e-18
CYSTL,0.13497951826966934,0.0
SHSL1,0.13497951826966934,-2.7755575615628914e-17
SSALy,0.0,-1.3877787807814457e-17
EX_dad_2_e,0.0,-0.3394912867892003
EX_ser__D_e,0.0,-0.0789952024661853
EX_gam6p_e,0.0,-0.1937263298575491
EX_15dap_e,-0.0,0.0
EX_ocdcea_e,0.0,-0.6902676025021399
EX_cynt_e,0.0,-0.0018808381539567886
EX_galctn__D_e,0.0,-0.1598712430863269
EX_glyb_e,-0.0,0.0
3HCINNMH,0.0,0.0
BSORx,0.0,0.0
NMNt7pp,0.0,0.0
GLUtex,0.0,0.0
GLYtex,0.0,0.0
GLYALDtex,0.0,0.0
GLYBtex,0.0,0.0
GLYCtex,0.0,0.0
GLYC3Ptex,0.0,0.0
GLYCLTtex,0.0,0.0
GTPtex,0.0,0.0
GUAtex,0.0,0.0
Htex,0.0,0.0
H2tex,0.0,0.0
H2Otex,0.0,0.0
FACOAL160t2pp,0.0,-0.026331734155395192
FACOAL180t2pp,0.0,-0.009404190769783716
SPODMpp,0.0,0.0
NO3R1bpp,0.0,-0.01786796246258948
O2tpp,22.131763238945883,0.0
PHYTSpp,0.0,0.0
PPTHpp,0.0,0.0
PYRt2rpp,0.0,0.0
NO3R2pp,0.0,-0.014106286154675905
NTP3pp,0.0,0.0
NO3R2bpp,0.0,-0.01786796246258948
THD2pp,0.0,-0.0018808381539568986
TMAOR1pp,0.0,0.0
TMAOR2pp,0.0,0.0
XANtpp,0.0,0.0
DAPtex,0.0,0.0
12PPDStex,0.0,0.0
DDGLCNtex,0.0,0.0
26DAHtex,0.0,0.0
HCINNMtex,0.0,0.0
HPPPNtex,0.0,0.0
ACtex,0.0,0.0
ACALDtex,0.0,0.0
ACMANAtex,0.0,0.0
ACMUMtex,0.0,0.0
ACACT7r,0.24385433745470547,0.0
PSP_L,1.5065360713465563,0.0
ACACT2r,0.31210576867026996,0.0
ACACT3r,0.31210576867026996,0.0
ACACT4r,0.31210576867026996,0.0
SUCCt2_2pp,0.0,-0.003761676307913575
SUCFUMtpp,0.0,0.0
SUCptspp,0.0,0.0
SULabcpp,0.0,-0.00564251446187036
TSULabcpp,0.0,0.0
TARTRt7pp,0.0,0.0
AHGDx,0.0,0.0
TAURabcpp,0.0,0.0
THMDt2pp_copy1,0.0,0.0
EX_ca2_e,0.0,0.0
EX_so3_e,-0.0,0.0
Kt2pp,0.17118371727564352,0.0
AKGt2rpp,0.0,0.0
XYLt2pp,0.0,0.0
EX_ascb__L_e,0.0,-0.15046705231654292
EX_ala_B_e,0.0,-0.09216106954388288
EX_agm_e,0.0,-0.20501135878129084
EX_minohp_e,0.0,-0.14482453785467259
EX_ppt_e,0.0,-0.011285028923740725
EX_hxa_e,0.0,-0.22193890216690026
EX_lyx__L_e,0.0,-0.1485862141625862
EX_acmum_e,0.0,-0.3235041624805673
EX_dca_e,0.0,-0.37240595448344327
EX_all__D_e,0.0,-0.17303711016402443
EX_octa_e,0.0,-0.2896490757093446
EX_xylu__L_e,0.0,-0.1485862141625862
EX_gdp_e,-0.0,0.0
EX_gtp_e,0.0,0.0
THMabcpp,0.0,0.0
THMDt2pp_copy2,0.0,0.0
THRabcpp,0.0,-0.005642514461870363
TREptspp,0.0,0.0
TRPt2rpp,0.0,0.0
TYRt2rpp,0.0,0.0
URIt2pp_copy1,0.0,0.0
URIt2pp_copy2,0.0,0.0
VALabcpp,0.0,-0.009404190769783938
XTSNt2rpp,0.0,0.0
XYLabcpp,0.0,-0.005642514461870363
XYLUt2pp,0.0,0.0
THRt4pp,0.0,0.0
EX_fruur_e,0.0,-0.14670537600862937
GALtex,0.0,0.0
GALCTtex,0.0,0.0
GALCTNtex,0.0,0.0
GALTtex,0.0,0.0
GALURtex,0.0,0.0
GTPCI,0.0005867111364515845,0.0
FDMO,0.0,0.0
FEOXAMabcpp,0.0,1.0842021724855044e-19
CBL1abcpp,0.0,1.0842021724855044e-19
ACACt2pp,0.0,0.0
ACGAptspp,0.0,0.0
ACMANAptspp,0.0,0.0
ACNAMt2pp,0.0,0.0
CHOLD,0.0,0.0
DRPA,0.0,-0.011285028923740982
TKT2,0.278073271117931,1.3877787807814457e-17
EX_ch4_e,-0.0,0.0
FEENTERabcpp,0.0,1.0842021724855044e-19
FECRMabcpp,0.0,1.0842021724855044e-19
GAMtex,0.0,0.0
GBBTNtex,0.0,0.0
ARBt2rpp,0.0,0.0
DAPabcpp,0.0,0.0
CO2tpp,0.0,0.0
DHAtpp,0.0,0.0
DMSOR1pp,0.0,-0.00752335261582715
ARGabcpp,0.0,-0.005642514461870363
ARGAGMt7pp,0.0,0.0
ASCBptspp,0.0,0.0
ASNt2rpp,0.0,0.0
ASPabcpp,0.0,-0.007523352615827157
ASPt2pp,0.0,-0.0018808381539567876
ASPt2_2pp,0.0,-0.003761676307913575
ASPt2_3pp,0.0,-0.005642514461870363
HIStex,0.0,0.0
HXAtex,0.0,0.0
HYXNtex,0.0,0.0
IDONtex,0.0,0.0
ILEtex,0.0,0.0
INSTtex,0.0,0.0
INStex,0.0,0.0
Ktex,0.17118371727564352,0.0
D_LACtex,0.0,0.0
NTD8pp,0.0,0.0
FRULYStex,0.0,0.0
EX_fad_e,-0.0,0.0
GALCTt2rpp,0.0,0.0
GALt2pp,0.0,0.0
ASPtex,0.0,0.0
ABUTt2pp,0.0,0.0
CYSabcpp,0.0,0.0
SBTptspp,0.0,0.0
TREHpp,0.0,0.0
CYTBDpp,0.0,-0.003761676307913575
CYTBD2pp,0.0,-0.003761676307913575
ACALDtpp,0.0,0.0
ACt2rpp,0.0,0.0
EX_fe3dcit_e,0.0,-0.27084069416977763
EX_fe3hox_e,-0.0,0.0
EX_fecrm_e,0.0,0.0
EX_feenter_e,-0.0,0.0
EX_feoxam_e,-0.0,0.0
EX_cbi_e,-0.0,0.0
EX_arbtn_fe3_e,-0.0,0.0
EX_cpgn_e,0.0,0.0
EX_adocbl_e,0.0,-0.3338487723273298
ATPS4rpp,70.4324936623151,-7.589415207398531e-19
INDOLEtex,0.0,0.0
L_LACtex,0.0,0.0
ACt4pp,0.0,0.0
ADEt2rpp,0.0,0.0
ADNt2pp_copy1,0.0,0.0
ADNt2pp_copy2,0.0,0.0
ALAabcpp,0.0,-0.005642514461870363
ALLabcpp,0.0,0.0
ALLTNt2rpp,0.0,0.0
ARBabcpp,0.0,-0.005642514461870363
ECOAH8,0.0,0.0
GLCDpp,0.0,-0.007523352615827136
GUAtpp,0.0,0.0
HYD2pp,0.0,0.0
HYXNtpp,0.0,0.0
NACtpp,0.0,0.0
FE3DCITabcpp,0.0,0.0
CPGNtonex,0.0,-0.021629638770503057
GLCRtex,0.0,0.0
GLCNtex,0.0,0.0
GLCURtex,0.0,0.0
GLNtex,0.0,0.0
O2tex,22.131763238945883,0.0
EX_ppa_e,0.0,-0.09780358400575317
OCTAtex,0.0,0.0
ORNtex,0.0,0.0
ECOAH5,0.31210576867026996,0.0
DHFS,0.0005867111364515845,0.0
CITt7pp,0.0,0.0
CRNt7pp,0.0,0.0
EX_ni2_e,0.0,0.0
EX_no_e,0.0,-0.003761676307913575
CHLabcpp,0.0,-0.005642514461870363
DGSNt2pp,0.0,0.0
DINSt2pp,0.0,0.0
DURIt2pp,0.0,0.0
FE2abcpp,0.0,-0.007523352615827149
FRUptspp,0.0,0.0
FUCtpp,0.0,0.0
FUMt2_2pp,0.0,-0.003761676307913575
FUMt2_3pp,0.0,-0.005642514461870363
FEENTERtonex,0.0,0.0
CSNt2pp,0.0,0.0
CYNTt2pp,0.0,0.0
CYTDt2pp_copy1,0.0,0.0
CYTDt2pp_copy2,0.0,0.0
DADNt2pp,0.0,0.0
DCYTt2pp,0.0,0.0
DDGLCNt2rpp,0.0,0.0
RMNtex,0.0,0.0
EX_meoh_e,1.7539944288539394e-06,0.0
MALTTRtexi,0.0,0.0
MALTTTRtexi,0.0,0.0
MALTPTtexi,0.0,0.0
MALTtexi,0.0,0.0
GLCtex_copy1,10.0,0.0
FE3DCITtonex,0.0,0.0
PHEtex,0.0,0.0
PItex,0.8459567750196042,0.0
ACGAMK,0.0,-0.08463771692805534
METS,0.1353724130217326,0.0
EX_cu2_e,0.0,0.0
CYSabc2pp,0.0,-0.0150467052316543
PRASCSi,0.39271409063711704,0.0
TRSARr,0.0,0.0
LYXI,0.0,0.0
EX_pheme_e,-0.0,0.0
PNTOtex,0.0,0.0
PPPNtex,0.0,0.0
PPTtex,0.0,0.0
PTRCtex,0.0,0.0
PYRtex,0.0,0.0
DSERtex,0.0,0.0
SERtex,0.0,0.0
SO4tex,0.22084543853699956,0.0
SPMDtex,0.0,0.0
SUCCtex,0.0,0.0
SUCRtex,0.0,0.0
TARTRtex,0.0,0.0
TAURtex,0.0,0.0
THRtex,0.0,0.0
THMDtex,0.0,0.0
CBIuabcpp,0.0,1.0842021724855044e-19
METDtex,0.0,0.0
METtex,0.0,0.0
MNLtex,0.0,0.0
NAtex,0.0,0.0
NACtex,0.0,0.0
NH4tex,9.471495371048078,0.0
URIH,0.0,-0.00752335261582715
XTSNH,0.0,-0.00752335261582715
INSH,0.0,-0.00752335261582715
BUTtex,0.0,0.0
CHLtex,0.0,0.0
CO2tex,0.0,0.0
CRNtex,0.0,0.0
PPK2,0.0,0.0
DINStex,0.0,0.0
DMStex,0.0,0.0
CSNtex,0.0,0.0
CYNTtex,0.0,0.0
CYStex,0.0,0.0
CYTDtex,0.0,0.0
DCAtex,0.0,0.0
DCYTtex,0.0,0.0
DGSNtex,0.0,0.0
MTHFR2,0.1353724130217326,0.0
ASPO3,0.0,-7.632783294297951e-17
ASPO5,0.001997799654463117,0.0
ASPO4,0.0,0.0
ASPO6,0.0,0.0
LCTStex,0.0,0.0
LEUtex,0.0,0.0
LYStex,0.0,0.0
LYXtex,0.0,0.0
MANtex,0.0,0.0
MAN6Ptex,0.0,0.0
MELIBtex,0.0,0.0
DMSOtex,0.0,0.0
DURItex,0.0,0.0
EX_mal__D_e,0.0,-0.08275687877409865
FRUtex,0.0,0.0
FUCtex,0.0,0.0
FUMtex,0.0,0.0
ACACT5r,0.31210576867026996,0.0
MALDDH,0.0,0.0
FE2tex,0.014085452260911561,0.0
NMNtex,0.0,0.0
NO2tex,0.0,0.0
DHPS2,0.0005867111364515845,0.0
MTHFC,0.8667530099652615,0.0
MTHFD,0.8667530099652615,0.0
BUTt2rpp,0.0,0.0
CADVtpp,0.0,0.0
QULNS,0.001997799654463117,0.0
ALKP,0.0,-0.007523352615827206
GDPtex,0.0,0.0
EX_cobalt2_e,0.0,0.0
TMAtex,0.0,0.0
TMAOtex,0.0,0.0
TREtex,0.0,0.0
L_LACD3,0.0,-0.007523352615827067
L_LACD2,0.0,-0.007523352615827067
ACACT6r,0.24385433745470547,0.0
TRPtex,0.0,0.0
TSULtex,0.0,0.0
TYRtex,0.0,0.0
URAtex,0.0,0.0
UREAtex,0.0,0.0
URItex,0.0,0.0
VALtex,0.0,0.0
XANtex,0.0,0.0
XYLtex,0.0,0.0
ABUTtex,0.0,0.0
FORtppi,0.0,-0.0009404190769786713
DATPHs,0.0,0.0
GLCTR1,0.0,0.0
LIPAabcpp,0.0,-4.3560211645639155
LIPACabcpp,0.0,0.0
GGGABADr,0.0,0.0
EX_mso3_e,0.0,-0.04796137292589836
EX_23camp_e,0.0,-0.3188020670956755
EX_23cgmp_e,0.0,-0.31127871447984795
EX_23cump_e,0.0,-0.2670790178618641
EX_3amp_e,0.0,-0.3188020670956755
EX_3gmp_e,0.0,-0.31127871447984795
EX_3ump_e,0.0,-0.2670790178618641
EX_glyc__R_e,0.0,-0.06959101169640114
EX_eca4colipa_e,-0.0,0.0
GLYOX3,0.0,0.0
FDMO3,0.0,0.0
FDMO4,0.0,0.0
BUTSO3abcpp,0.0,0.0
ETHSO3abcpp,0.0,0.0
EX_sel_e,0.0,0.0
EX_hg2_e,-0.0,0.0
O16GLCT1,0.0,0.0
O16AP2pp,0.0,0.0
O16AP3pp,0.0,0.0
O16A4Lpp,0.0,0.0
MALTATr,0.0,0.0
DHBSH,0.0,-0.03009341046330864
ENTERES,0.0,0.0
FEOXAMUtex,0.0,0.0
ARBTNtpp,0.0,0.0
ARBTNtex,0.0,0.0
23CAMPtex,0.0,0.0
23CCMPtex,0.0,0.0
23CUMPtex,0.0,0.0
23CGMPtex,0.0,0.0
3AMPtex,0.0,0.0
3CMPtex,0.0,0.0
LADGMDH,0.0,-0.015046705231654287
ALAGLUE,0.0,0.0
FEENTERtpp,0.0,0.0
FEENTERtex,0.0,-0.021629638770503057
FE3HOXUtpp,0.0,0.0
FEOXAMUtpp,0.0,0.0
FECRMUtpp,0.0,-0.021629638770503057
FE3HOXR2,0.0,0.0
PTRCt2pp,0.0,0.0
GGGABAH,0.0,0.0
FRULYSK,0.0,0.0
FDMO6,0.0,0.0
SULFACabcpp,0.0,0.0
ETHSO3tex,0.0,0.0
BUTSO3tex,0.0,0.0
LIPOtex,0.0,0.0
CYANSTpp,0.0,0.0
MCPST,0.0,0.0
PHEMEabcpp,0.0,-1.3090633551539277
METSOX1abcpp,0.0,0.0
GALBDtex,0.0,0.0
LIPAHT2ex,0.0,0.0
LIPAHTex,0.0,-0.5548472554172513
ECAP1pp,0.0,0.0
UDCPDPpp,0.0,0.0
ECAP2pp,0.0,2.220446049250313e-16
ECA4OALpp,0.0,0.0
FE3Ri,0.0,-0.02068921969352466
FE3HOXR3,0.0,0.0
FEENTERR1,0.0,0.0
FEENTERR3,0.0,0.0
SULFACtex,0.0,0.0
EX_sulfac_e,0.0,-0.06018682092661731
EX_butso3_e,0.0,-0.1692754338561102
EX_ethso3_e,0.0,-0.09404190769783927
NODOy,0.0,-0.0018808381539566765
GALM2pp,0.0,0.0
CU1abcpp,0.0,-0.007523352615827149
HG2abcpp,0.0,-0.005642514461870361
GLCTR3,0.0,0.0
HEPT4,0.0,-5.551115123125783e-17
LA4NTpp,0.0,0.0
NODOx,0.0,0.0
NOtex,0.0,0.0
NOtpp,0.0,0.0
NHFRBO,0.0,-0.020689219693524663
N2Otpp,0.0,0.0
N2Otex,0.0,0.0
CRNt8pp,0.0,0.0
CRNt2rpp,0.0,0.0
CRNDt2rpp,0.0,0.0
CTBTt2rpp,0.0,0.0
42A12BOOXpp,0.0,0.0
TYROXDApp,0.0,0.0
PACALDt2rpp,0.0,0.0
PEAMNtex,0.0,0.0
PACALDtex,0.0,0.0
LIPOt2pp,0.0,0.0
NTRIR4pp,0.0,-0.02257005784748145
NTRIR3pp,0.0,-0.02257005784748145
INOSTt4pp,0.0,0.0
PHEMEtiex,0.0,0.0
AGM3PA,0.0,0.0
CYANtex,0.0,0.0
SO3tex,0.0,0.0
TCYNTtex,0.0,0.0
ACANTHAT,0.0,0.0
METSOX2abcpp,0.0,0.0
METSOX1tex,0.0,0.0
METSOX2tex,0.0,0.0
3UMPtex,0.0,0.0
3GMPtex,0.0,0.0
FALDtpp,0.0,0.0
EX_tym_e,-0.0,0.0
METSOXR1,0.0,0.0
METSOXR2,0.0,-0.02257005784748134
DAPAL,0.0,0.0
AMPTASECG,0.0,0.0
EX_imp_e,0.0,-0.3188020670956751
DOPAtex,0.0,0.0
4HOXPACDtex,0.0,0.0
LACZpp,0.0,0.0
GPDDA1pp,0.0,0.0
GPDDA5pp,0.0,0.0
ETHAtex,0.0,0.0
G3PStex,0.0,0.0
FEENTERR2,0.0,0.0
FLVR,0.0,-0.0018808381539566765
FE3HOXR1,0.0,0.0
FEENTERexs,0.0,0.0
FE3HOXexs,0.0,-0.021629638770503057
FECRMR3,0.0,0.0
FDMO2,0.0,0.0
LALGP,0.0,0.0
AGM4PApp,0.0,-0.00752335261582715
AGM4PA,0.0,0.0
RNDR3b,0.0,-0.00188083815395651
RNDR4b,0.0,-0.0018808381539565655
ACGAL1Ptex,0.0,0.0
ACGALtex,0.0,0.0
GLCUR1Ptex,0.0,0.0
UDPGLCURtex,0.0,0.0
UDPGALPpp,0.0,0.0
UACGAMPpp,0.0,0.0
UACGALPpp,0.0,0.0
UGLCURPpp,0.0,0.0
FEROpp,0.0,0.0
ISETACabcpp,0.0,0.0
ISETACtex,0.0,0.0
GUR1PPpp,0.0,0.0
UDPGtex,0.0,0.0
ACGAL1PPpp,0.0,0.0
UDPGALtex,0.0,0.0
ACGAM1Ptex,0.0,0.0
UACGAMtex,0.0,0.0
UDPACGALtex,0.0,0.0
AM4PCP,0.0,0.0
AM3PA,0.0,0.0
UM4PCP,0.0,0.0
CBLAT,0.0,0.0
MSO3abcpp,0.0,0.0
MSO3tex,0.0,0.0
FECRMR1,0.0,0.0
FECRMR2,0.0,0.0
TDP,0.0,-0.00752335261582715
3PEPTabcpp,0.0,-0.0018808381539567876
4PEPTabcpp,0.0,0.0
AGM3Pt2pp,0.0,-0.0018808381539567876
AGM4Pt2pp,0.0,0.0
AGMt2pp,0.0,0.0
FECRMexs,0.0,0.0
ARBTNR1,0.0,0.0
ARBTNR2,0.0,4.336808689942018e-19
ARBTNR3,0.0,3.903127820947816e-18
ARBTNexs,0.0,0.0
FEOXAMexs,0.0,-0.021629638770503057
FEOXAMR1,0.0,0.0
FEOXAMR2,0.0,0.0
FEOXAMR3,0.0,0.0
PTHRpp,0.0,0.0
ARABDI,0.0,0.0
AGt3,0.0,0.0
CD2t3pp,0.0,0.0
ZNabcpp,0.0,-0.007523352615827149
SKMt2pp,0.0,0.0
FE2t2pp,0.0,-0.001880838153956789
R5PPpp,0.0,0.0
PSP_Lpp,0.0,0.0
TYRPpp,0.0,0.0
GLYC2Ptex,0.0,0.0
PSERtex,0.0,0.0
R5Ptex,0.0,0.0
THRPtex,0.0,0.0
TYRPtex,0.0,0.0
PAPSR2,0.21704102462081537,0.0
GRXR,0.21704102462081537,0.0
RNDR1b,0.0,-0.0018808381539565655
RNDR2b,0.0,-0.00188083815395651
FACOAE181,0.0,-0.02257005784748145
FACOAE160,0.11192940048288529,0.0
FACOAE140,0.0,-0.0009404190769783938
CPGNR1,0.0,-3.0357660829594124e-18
CPGNR2,0.0,-3.0357660829594124e-18
CPGNR3,0.0,-3.0357660829594124e-18
CPGNUtpp,0.0,0.0
CPGNUtex,0.0,0.0
AAMYL,0.0,0.0
AAMYLpp,0.0,0.0
FACOAL80t2pp,0.0,0.0
PPGPPDP,0.0,0.0
CPGNabcpp,0.0,8.673617379884035e-19
CPGNexs,0.0,0.0
CITtex,0.0,0.0
ACGAtex,0.0,0.0
DDCAtexi,0.0,0.0
TTDCAtexi,0.0,0.0
HDCAtexi,0.0,0.0
GUACYC,0.0,-0.015046705231654356
23PDE2pp,0.0,0.0
23PDE4pp,0.0,0.0
23PDE9pp,0.0,0.0
ATPHs,0.0,0.0
SARCOX,0.0,0.0
GTPHs,0.0,0.0
MN6PP,0.0,-0.00752335261582715
3KGK,0.0,0.0
EX_cd2_e,0.0,0.0
F6PP,0.0,-0.00752335261582715
GDPMNH,0.0,0.0
FACOAL60t2pp,0.0,-0.0150467052316543
IDONt2rpp,0.0,0.0
ILEabcpp,0.0,-0.005642514461870363
INDOLEt2pp,0.0,0.0
INSt2pp,0.0,-0.003761676307913575
LYXt2pp,0.0,0.0
GDPDPK,0.0,-0.015046705231654273
OCDCAtexi,0.0,0.0
OCDCEAtexi,0.0,0.0
G6Ptex,0.0,0.0
TUNGSabcpp,0.0,0.0
MOBDabcpp,6.138980500988788e-06,0.0
MOBDtex,6.138980500988788e-06,0.0
NI2uabcpp,0.0,-0.007523352615827149
NI2tex,0.00028327010025991123,0.0
R1PK,0.0,0.0
R15BPK,0.0,0.0
Kabcpp,0.0,-0.00564251446187036
LEUabcpp,0.0,-0.009404190769783938
L_LACt2rpp,0.0,0.0
MALt2_2pp,0.0,-0.003761676307913575
MALt2_3pp,0.0,-0.005642514461870363
MALTabcpp,0.0,0.0
MALTHXabcpp,0.0,0.0
MALTPTabcpp,0.0,0.0
MALTTRabcpp,0.0,0.0
MALTTTRabcpp,0.0,0.0
MAN6Pt6_2pp,0.0,0.0
MANGLYCptspp,0.0,0.0
MELIBt2pp,0.0,-0.003761676307913575
METabcpp,0.0,0.0
EX_fe3hox_un_e,0.0,-0.021629638770503057
GGPTRCS,0.0,-0.03573592492517953
EX_23dappa_e,0.0,-0.06959101169640108
RMNtpp,0.0,0.0
SERt4pp,0.0,0.0
SUCCt2_3pp,0.0,-0.005642514461870363
MNLptspp,0.0,0.0
NAt3_1p5pp,0.0,-0.0018808381539567919
NAt3_2pp,0.0,-0.0018808381539567906
NH4tpp,9.471495371048078,0.0
NMNPtpp,0.0,0.0
NO2t2rpp,0.0,0.0
NO3t7pp,0.0,0.0
ORNabcpp,0.0,-0.005642514461870363
PIuabcpp,0.0,-0.005642514461870361
PNTOt4pp,0.0,0.0
FRULYSDG,0.0,0.0
METDabcpp,0.0,0.0
PROabcpp,0.0,-0.005642514461870363
PROt2rpp,0.0,0.0
PROt4pp,0.004564770501092378,0.0
PTRCabcpp,0.0,-0.005642514461870363
ASNNpp,0.0,-0.013165867077697499
GLUNpp,0.0,-0.0018808381539567876
NTD12,0.0,0.0
FECRMtonex,0.0,0.0
ARBTNtonex,0.0,0.0
ADOCBLabcpp,0.0,0.0
EX_enter_e,-0.0,0.0
EX_fecrm_un_e,-0.0,0.0
EX_cgly_e,0.0,-0.21723680678200888
EX_chtbs_e,0.0,0.0
EX_gmp_e,0.0,-0.31127871447984795
EX_h2o2_e,-0.0,0.0
EX_ump_e,0.0,-0.2670790178618641
EX_pydam_e,0.0,-0.267079017861864
CRNabcpp,0.0,-0.00564251446187036
CRNDabcpp,0.0,-0.00564251446187036
DNTPPA,0.0005867111364515845,0.0
CTBTabcpp,0.0,-0.005642514461870361
NTPP9,0.0,-0.024450896001438627
NTPP10,0.0,-0.01692754338561142
NTPP11,0.0,-0.030093410463308712
NTD10pp,0.0,0.0
NTD1pp,0.0,0.0
NTD2pp,0.0,0.0
NTD3pp,0.0,0.0
NTD4pp,0.0,0.0
NTD5pp,0.0,0.0
NTD6pp,0.0,0.0
NTD7pp,0.0,0.0
NTD9pp,0.0,0.0
PEAMNOpp,0.0,0.0
GAL1PPpp,0.0,0.0
H2O2tex,0.0,0.0
ARGDCpp,0.0,-0.0018808381539567876
ALLPI,0.0,0.0
ALLK,0.0,0.0
ALLULPE,0.0,0.0
ADEtex,0.0,0.0
ADNtex,0.0,0.0
AGMtex,0.0,0.0
ALAtex,0.0,0.0
BALAtex,0.0,0.0
DALAtex,0.0,0.0
AMPtex,0.0,0.0
ARBtex,0.0,0.0
ARGtex,0.0,0.0
ASCBtex,0.0,0.0
FACOAL100t2pp,0.0,0.0
RIBabcpp,0.0,0.0
GPDDA3pp,0.0,0.0
GPDDA4pp,0.0,-2.7755575615628914e-17
GPDDA2pp,0.0,-0.03197424861726584
FACOAL120t2pp,0.0,0.0
FACOAL140t2pp,0.0,-0.021629638770503057
FE3HOXtonex,0.0,0.0
CU2abcpp,0.0,-0.007523352615827149
COBALT2abcpp,0.0,-0.007523352615827149
NI2abcpp,0.0,-0.007523352615827149
MG2uabcpp,0.0,-0.011285028923740725
HCYSMT2,0.0,0.0
MMETtex,0.0,0.0
FE3tex,0.0,0.0
MG2tex,0.007607950835153963,0.0
Zn2tex,0.0002990560501195967,0.0
MMETt2pp,0.0,0.0
CD2tex,0.0,0.0
GLNabcpp,0.0,0.0
GLUabcpp,0.0,-0.005642514461870363
GLUABUTt7pp,0.0,0.0
GLUt2rpp,0.0,0.0
GLUt4pp,0.0,0.0
GLYALDtpp,0.0,0.0
EX_etha_e,0.0,-0.06771017354244424
ACGK,0.25940876004978225,0.0
LCTSt3ipp,0.0,-0.003761676307913575
ARBt3ipp,0.0,-0.003761676307913575
14GLUCANabcpp,0.0,0.0
14GLUCANtexi,0.0,0.0
DHPTPE,0.0,0.0
NADPHQR2,0.0,-0.007523352615827206
NADPHQR3,0.0,-0.007523352615827206
NADPHQR4,0.0,-0.007523352615827095
GLBRAN2,0.0,0.0
ASR,0.0,0.0
ASO3tex,0.0,0.0
MANGLYCtex,0.0,0.0
EX_frulys_e,0.0,-0.402499364946753
METOX1s,0.0,-0.02257005784748134
METOX2s,0.0,0.0
FRUURt2rpp,0.0,0.0
FRUURtex,0.0,0.0
ECAtpp,0.0,0.0
O16AT,0.0,0.0
O16GALFT,0.0,-0.3611209255597031
O16GLCT2,0.0,0.0
O16AUNDtpp,0.0,0.0
O16AP1pp,0.0,0.0
GLYCAt2rpp,0.0,0.0
GLYCAtex,0.0,0.0
EX_enlipa_e,-0.0,0.0
EX_hacolipa_e,-0.0,0.0
AGM4PCP,0.0,0.0
4PCP,0.0,0.0
4PCPpp,0.0,0.0
FALDH2,0.0,0.0
GLYBabcpp,0.0,-0.005642514461870361
GLYC3Pt6pp,0.0,0.0
GLYCLTt4pp,0.0,0.0
GLYCtpp,0.0,0.0
H2Otpp,0.0,0.0
HCINNMt2rpp,0.0,0.0
HISabcpp,0.0,-0.005642514461870363
HISt2rpp,0.0,0.0
CBIAT,0.0,0.0
LYSabcpp,0.0,-0.005642514461870363
COBALT2tex,2.1924930360674245e-05,0.0
PPDOy,0.0,-0.11096945108345035
FALGTHLs,0.0,0.0
NTD12pp,0.0,0.0
PPA2,0.0,-0.00752335261582715
DIMPtex,0.0,0.0
3NTD7pp,0.0,0.0
3NTD4pp,0.0,0.0
3NTD2pp,0.0,0.0
3NTD9pp,0.0,0.0
23PDE7pp,0.0,0.0
GALTptspp,0.0,0.0
GALURt2rpp,0.0,0.0
GLCNt2rpp,0.0,0.0
GLCptspp,10.0,0.0
GLCRt2rpp,0.0,0.0
GLCt2pp,0.0,-0.0018808381539567598
GLCURt2rpp,0.0,0.0
ACMUMptspp,0.0,0.0
EX_h2o_e,47.16236480869452,0.0
EX_ala__D_e,0.0,-0.08463771692805566
HSTPT,0.08308496210038227,0.0
THDPS,0.32532123969446997,0.0
ACONMT,0.0,0.0
XTSNtex,0.0,0.0
EX_hdca_e,0.0,-0.6470083249611341
EX_glcr_e,0.0,-0.1278969944690615
GNK,0.0,0.0
HMBS,0.0003911407576344285,0.0
RMK,0.0,0.0
FHL,0.0,0.000940419076978118
HYPOE,0.0,0.0
MEPCT,0.002095146345266026,0.0
GLUDy,0.0,-4.3021142204224816e-16
ZN2abcpp,0.0,-0.007523352615827149
GLYCLTDy,0.0,-0.007523352615827039
LYSDC,0.0,-0.22193890216690143
DAAD,0.0,-0.0018808381539570096
UREAtpp,0.0,0.0
XANt2pp,0.0,-0.0018808381539567876
GLYC3Pabcpp,0.0,-0.005642514461870356
PPPNt2rpp,0.0,0.0
PTRCORNt7pp,0.0,0.0
SPMDabcpp,0.0,0.0
HG2tex,0.0,0.0
NTPP5,0.0,-0.0150467052316543
ATPM,6.86,-0.007523352615827149
NADPPPS,0.0,-0.007523352615827149
EX_mnl_e,0.0,-0.19372632985754903
NTD3,0.0,-0.007523352615827095
GLYOX,0.0,0.0
DADNtex,0.0,0.0
DHAtex,0.0,0.0
ETOHtex,0.0,0.0
MTRPOX,0.0,0.0
AGM4PCPpp,0.0,0.0
GTPDPDP,0.0,-0.007523352615827206
RNDR2,0.0,-0.00188083815395651
EX_asn__L_e,0.0,-0.10908861292949396
EX_mal__L_e,0.0,-0.09404190769783939
NMNN,0.0,0.0
XAND,0.0,-0.08369729785107657
EX_no2_e,-0.0,0.0
HACD3,0.31210576867026996,0.0
ACACtex,0.0,0.0
ACNAMtex,0.0,0.0
ARBTNabcpp,0.0,-0.02162963877050306
NNDMBRT,0.0,0.0
THRA2,0.0,-0.0018808381539566488
ASO3t8pp,0.0,-0.02257005784748134
H2Stex,0.0,0.0
PPK,0.0,-0.007523352615827149
OMCDC,0.3951144320129971,0.0
ABUTD,0.0,-0.022570057847481673
E4PD,0.0,-1.3877787807814457e-17
IG3PS,0.08308496210038227,0.0
EX_nh4_e,0.0,0.0
DADK,0.0,0.0
DUTPDP,0.0,5.551115123125783e-17
EX_ddca_e,0.0,-0.4551628332575419
NTP5,0.0,-0.007523352615827206
FORt2pp,0.0,-0.000940419076978118
EX_r5p_e,0.0,-0.14294369970071583
EX_glyc2p_e,0.0,-0.10532693662157998
MTAN,0.0,-0.6385445532683303
DPR,0.0005910961225238332,0.0
THRD_L,0.2547931237102531,0.0
EX_malt_e,0.0,-0.36112092555970315
4PEPTtex,0.0,0.0
NAMNPP,0.0,-0.03761676307913575
EX_pnto__R_e,0.0,-0.3112787144798483
SELNPS,0.0,0.0
CRNCAR,0.0,0.0
GALabcpp,0.0,-0.005642514461870363
GLYCLTt2rpp,0.0,0.0
GUAt2pp,0.0,-0.0018808381539567876
HPPPNt2rpp,0.0,0.0
ANHMK,0.0,0.0
DHFR,0.023534220249147673,0.0
EX_cit_e,0.0,-0.1391820233928024
PRAIi,0.04985115265967224,0.0
TYRTA,0.0,1.3877787807814457e-17
SHKK,0.33424030136519217,1.3877787807814457e-17
EX_gam_e,0.0,-0.18808381539567867
EX_inost_e,0.0,-0.14482453785467259
EX_mobd_e,0.0,0.0
EX_so4_e,0.0,0.0
SADH,0.0,0.0
GLUSy,0.0,-0.00752335261582672
GUAPRT,0.0,-0.00752335261582715
EX_phe__L_e,0.0,-0.31974248617265405
EX_thr__L_e,0.0,-0.13730118523884555
EX_uri_e,0.0,-0.2670790178618641
PDH,9.689686793405718,-5.551115123125783e-17
DMSOR2pp,0.0,-0.00752335261582715
H2St1pp,0.0,-0.08839939323596857
HYD3pp,0.0,0.0
NO3R1pp,0.0,-0.014106286154675905
EX_halipa_e,-0.0,0.0
AACPS5,0.0,0.0
MANptspp,0.0,-1.3877787807814457e-17
EX_cmp_e,0.0,-0.27648320863164794
NTD8,0.02294750911269609,0.0
GALCTD,0.0,0.0
EX_malthx_e,0.0,-1.0984094819107637
MLTG4,0.0,-0.00752335261582715
UDPGDC,0.0,0.0
PUNP4,0.02294750911269609,0.0
AMAOTr,1.7539944288539394e-06,0.0
EX_csn_e,0.0,-0.11096945108345077
EX_etoh_e,0.0,-0.08275687877409854
EX_his__L_e,0.0,-0.21535596862805306
EX_k_e,0.0,0.0
EX_na1_e,-0.0,0.0
ARGORNt7pp,0.0,0.0
EX_dmso_e,-0.0,0.0
EX_12ppd__S_e,0.0,-0.11096945108345035
EX_pppn_e,0.0,-0.23698560739855506
EX_acgam1p_e,0.0,-0.23886644555251182
NTD11pp,0.0,0.0
EX_galt_e,0.0,-0.19372632985754903
DKGLCNR2x,0.0,0.0
ACGS,0.25940876004978225,0.0
PDE1,0.0,-0.0150467052316543
MCITD,0.0,0.0
CU2tex,0.0006217910250287215,0.0
GLCATr,0.0,0.0
FECRMUtex,0.0,0.0
ALAALAr,0.024369998594496636,0.0
CLtex,0.004564770501092378,0.0
CELBpts,0.0,0.0
ACACT1r,0.31210576867026996,0.0
MALTptspp,0.0,0.0
EX_glcur1p_e,0.0,-0.14670537600862937
EX_thrp_e,0.0,-0.13730118523884555
EX_pydxn_e,0.0,-0.2651981797079072
CD2abcpp,0.0,-0.005642514461870361
G2PPpp,0.0,0.0
Kt3pp,0.0,-0.003761676307913578
AGM3PApp,0.0,-0.00752335261582715
SUCOAS,0.0,2.220446049250313e-16
NTP1,0.0,-0.007523352615827149
GALKr,0.0,0.0
PANTS,0.0005910961225238332,-5.551115123125783e-17
YUMPS,0.0,0.0
DHQS,0.33424030136519217,0.0
PGCD,1.5065360713465563,-3.469446951953614e-17
EX_cys__L_e,0.0,-0.16927543385611066
EX_gsn_e,0.0,-0.31127871447984795
EX_orot_e,0.0,-0.09404190769783968
ADSL1r,0.26248877426685635,0.0
SERD_D,0.0,-0.009404190769784215
AICART,0.47579905273749934,0.0
FRUpts2pp,0.0,0.0
G6Pt6_2pp,0.0,0.0
PROtex,0.0,0.0
SBTtex,0.0,0.0
PFK,0.0,0.0
PGM,0.0,0.0
TPI,8.3282316966228,0.0
RPI,0.0,0.0
PERD,0.0,1.3877787807814457e-17
PYDAMK,0.0,-0.0075233526158271224
AKGtex,0.0,0.0
ALLTNtex,0.0,0.0
ASNtex,0.0,0.0
FE3HOXabcpp,0.0,1.0842021724855044e-19
FADRx2,0.0,-0.0018808381539566765
EX_o2_e,0.0,0.0
EX_gal_bD_e,0.0,-0.17867962462589482
PDE4,0.0,0.0
AGM4PH,0.0,0.0
AM4PA,0.0,0.0
EX_dump_e,0.0,-0.28776823755538894
EX_o2s_e,0.0,0.0
EX_gal1p_e,0.0,-0.17867962462589482
EX_dcmp_e,0.0,-0.2896490757093457
EX_23ccmp_e,0.0,-0.27648320863164794
EX_3cmp_e,0.0,-0.27648320863164794
ATHRDHr,0.0,0.0
LSERDHr,0.0,0.0
DSERDHr,0.0,0.0
EX_skm_e,0.0,-0.220058064012944
EX_ag_e,-0.0,0.0
EX_cys__D_e,0.0,-0.1523478904704993
EX_acser_e,0.0,-0.1373011852388456
EX_cu_e,-0.0,0.0
EX_arbtn_e,-0.0,0.0
EX_dopa_e,0.0,0.0
EX_hom__L_e,0.0,-0.13353950893093197
OBTFL,0.0,-0.021629638770502585
THRt2pp,0.0,-0.003761676307913575
EX_LalaDgluMdapDala_e,0.0,-0.543562226493513
EX_LalaDgluMdap_e,0.0,-0.4589245095654574
EX_anhgm_e,0.0,-0.6451274868071778
EX_fald_e,0.0,-0.023510476924460122
G6PP,0.0,-0.007523352615827178
MMCD,0.0,0.0
GLNS,1.3737784255196408,0.0
TYMtex,0.0,0.0
GTHS,0.0,0.0
EX_g3pe_e,0.0,-0.21253471139711722
EX_pacald_e,0.0,-0.22758141662877152
CMPtex,0.0,0.0
DUMPtex,0.0,0.0
XMPtex,0.0,0.0
3PEPTtex,0.0,0.0
ANHGMtex,0.0,0.0
UDPKAAT,0.0,0.0
ULA4NFT,0.0,0.0
UPLA4FNT,0.0,0.0
UPLA4FNF,0.0,0.0
ULA4Ntppi,0.0,0.0
HEPT1,0.0,0.0
FALDtex,0.0,0.0
ALR2,0.0,-0.0018808381539566765
AMALT2,0.0,0.0
MLTP1,0.0,0.0
HEPT2,0.0,1.1102230246251565e-16
CYSDtex,0.0,0.0
CYSDabcpp,0.0,0.0
HXAND,0.0,0.0
EX_acgal_e,-0.0,0.0
EX_so2_e,0.0,0.0
EX_dms_e,-0.0,0.0
G3PItex,0.0,0.0
G3PGtex,0.0,0.0
G3PEtex,0.0,0.0
G3PCtex,0.0,0.0
MOAT3C,0.0,0.0
RHAT1,0.0,0.0
GLCabcpp,0.0,-0.0075233526158271224
GALT1,0.0,0.0
GLCTR2,0.0,0.0
UDPGPpp,0.0,-1.3877787807814457e-17
EX_acgal1p_e,0.0,0.0
EX_cyan_e,-0.0,0.0
EX_tyrp_e,0.0,-0.3065766190949564
EX_uacgam_e,0.0,-0.505945463414376
EX_udpacgal_e,0.0,-0.2670790178618641
EX_udpg_e,0.0,-0.44763948064171566
EX_udpgal_e,0.0,-0.4457586424877589
EX_udpglcur_e,0.0,-0.4137843938704935
EX_14glucan_e,0.0,-1.0984094819107637
EX_pser__L_e,0.0,-0.0789952024661853
EX_aso3_e,0.0,0.0
EX_tcynt_e,-0.0,0.0
EX_fe3dhbzs_e,-0.0,0.0
PPPGO,0.0,-0.02257005784748145
EX_feoxam_un_e,0.0,-0.021629638770503057
EX_g3pc_e,0.0,-0.13918202339280206
EX_g3pg_e,0.0,-0.21817722585898713
EX_g3pi_e,0.0,-0.25767482709207973
EX_g3ps_e,0.0,-0.19184549170359244
EX_peamn_e,0.0,-0.22758141662877152
EX_34dhpac_e,-0.0,0.0
DAMPtex,0.0,0.0
DCMPtex,0.0,0.0
DGMPtex,0.0,0.0
DTMPtex,0.0,0.0
GMPtex,0.0,0.0
IMPtex,0.0,0.0
UMPtex,0.0,0.0
G1Ptex,0.0,0.0
ADNK1,0.0005902191253093507,0.0
CUt3,0.0,-0.001880838153956789
ZN2t3pp,0.0,-0.001880838153956789
SKMtex,0.0,0.0
MNt2pp,0.0,-0.001880838153956789
MNtex,0.0006060050751690361,0.0
GAL1Ptex,0.0,0.0
O2Stex,0.0,0.0
HEPK1,0.0,0.0
HEPT3,0.0,0.0
HEPK2,0.0,0.0
ALDD3y,0.0,0.0
R5PP,0.0,-0.007523352615827149
EX_xmp_e,0.0,-0.301874523710064
EX_damp_e,0.0,-0.3394912867892003
CYSSADS,0.0,0.0
EX_dimp_e,0.0,-0.33572961048128636
CPPPGO2,0.0,-0.3611209255597032
EX_isetac_e,0.0,-0.08745897415899062
AGM3PH,0.0,0.0
HOMt2pp,0.0,0.0
HOMtex,0.0,0.0
SO2tex,0.0,0.0
SO2tpp,0.0,0.0
LDH_D2,0.0,-0.00564251446187039
SHCHF,0.00019557037881721425,0.0
SUCBZL,0.0,0.0
CYSDDS,0.0,0.0
CYStpp,0.0,-0.00752335261582715
ACSERtpp,0.0,0.0
ACSERtex,0.0,0.0
LALDO3,0.0,0.0
NTP10,0.0,-0.00752335261582715
PRAIS,0.3929096610159343,0.0
GDMANE,0.0,0.0
GPDDA4,0.0,-0.007523352615826956
LPLIPAL2E140,0.0,0.0
LPLIPAL2E180,0.0,0.0
LPLIPAL2G161,0.0,-0.0018808381539567876
LPLIPAL2G181,0.0,0.0
2AGPE120tipp,0.0,-0.03761676307913575
AACPS6,0.0,0.0
AACPS7,0.0682514312155645,0.0
G3PGabcpp,0.0,-2.220446049250313e-16
G3PIabcpp,0.0,-0.005642514461870363
G3PSabcpp,0.0,0.0
QMO2,0.00342379712512289,0.0
QMO3,0.0,0.0
LPLIPAL2E141,0.0,0.0
LPLIPAL2E161,0.0,-0.0018808381539565655
LPLIPAL2E181,0.0,0.0
LPLIPAL2G180,0.0,0.0
LPLIPAL2G141,0.0,0.0
2AGPA120tipp,0.0,0.0
2AGPG180tipp,0.0,0.0
IPDDI,0.0,0.0
2AGPGAT180,0.0,0.0
2AGPGAT181,0.0,-0.007523352615826706
LPLIPAL2ATG120,0.0,-0.007523352615827594
PLIPA1E140pp,0.0,0.0
PLIPA1E160pp,0.0,0.0
PLIPA1E161pp,0.0,-0.011285028923740725
AACPS8,0.0,-0.009404190769783716
AACPS9,0.0,0.0
HXCT,0.0,-0.00752335261582715
2AGPEAT160,0.0,-0.011285028923740503
DURADx,0.0,0.0
ECOAH7,0.24385433745470547,0.0
G1PPpp,0.0,0.0
GALCTND,0.0,0.0
GCALDD,0.0,-0.008463771692805426
HISTP,0.08308496210038227,0.0
LDH_D,0.0,0.0
AMALT4,0.0,0.0
NTD11,0.0,0.0
ORNDC,0.0,0.0
UPP3MT,0.00019557037881721425,0.0
KAS15,0.0,0.0
ALAALAtex,0.0,0.0
FACOAL181t2pp,0.0,0.0
T2DECAI,0.0,0.0
3OAS161,0.0,0.0
EAR141y,0.0,-0.0018808381539566765
EAR161x,0.0,0.0
DASYN160,0.05596470024144264,0.0
DASYN161,0.0659624684859101,-1.1102230246251565e-16
DASYN181,0.0,-0.0018808381539567876
CDAPPA161,0.0,-0.015046705231654078
PGSA180,0.0,0.0
PSSA140,0.0,0.0
2AGPGAT141,0.0,0.0
FACOAE180,0.0,0.0
FACOAE100,0.0,0.0
FACOAE80,0.0,0.0
FACOAE60,0.0,0.0
PLIPA1E120pp,0.0,0.0
MALtex,0.0,0.0
NO3tex,0.0,0.0
3OAS141,0.0,0.0
3OAR121,0.0,-0.018808381539567653
CFAS160G,0.0,0.0
URAt2pp,0.0,-0.0018808381539567876
FACOAE141,0.0,-0.009404190769783938
FACOAE161,0.1319249369718202,0.0
TTDCEAtexi,0.0,0.0
HDCEAtexi,0.0,0.0
ALAALAD,0.0,-0.00752335261582715
2AGPEAT180,0.0,-0.028212572309352035
2AGPEAT181,0.0,0.0
2AGPGAT140,0.0,0.0
PLIPA1E181pp,0.0,0.0
PLIPA1G180pp,0.0,0.0
PLIPA1G181pp,0.0,0.0
ALAALAabcpp,0.0,0.0
HEXt2rpp,0.0,0.0
G3PEabcpp,0.0,0.0
G3PCabcpp,0.0,0.0
2AGPGAT161,0.0,-0.009404190769783494
AMPTASEPG,0.0,0.0
PROGLYabcpp,0.0,0.0
GTHRDabcpp,0.0,-0.0150467052316543
2AGPG140tipp,0.0,0.0
2AGPG160tipp,0.0,0.0
2AGPG141tipp,0.0,0.0
2AGPG161tipp,0.0,-0.0018808381539572316
2AGPG181tipp,0.0,-0.007523352615827594
2AGPEAT140,0.0,-0.0150467052316543
2AGPEAT120,0.0,0.0
2AGPEAT161,0.0,0.0
2AGPEAT141,0.0,-0.028212572309352035
2AGPGAT160,0.0,0.0
LPLIPAL2ATG140,0.0,-1.1102230246251565e-16
LPLIPAL2ATG141,0.0,0.0
LPLIPAL2ATG160,0.0,0.0
LPLIPAL2ATG180,0.0,0.0
LPLIPAL2ATG161,0.0,0.0
LPLIPAL2ATG181,0.0,0.0
CLPNS180pp,0.0,0.0
CLPNS181pp,0.0,0.0
PG161abcpp,0.0,0.0
PGP120abcpp,0.0,-0.02257005784748145
PGP161abcpp,0.0,-0.0018808381539567876
PGP181abcpp,0.0,0.0
PA120abcpp,0.0,0.0
PLIPA1G120pp,0.0,0.0
CLPNS120pp,0.0,0.0
ALPATE160pp,0.0,0.0
ALPATG160pp,0.0,0.0
2AGPGAT120,0.0,0.0
LPLIPAL2ATE120,0.0,0.0
LPLIPAL2ATE140,0.0,0.0
LPLIPAL2ATE160,0.0,-0.009404190769782939
LPLIPAL2ATE180,0.0,0.0
LPLIPAL2ATE141,0.0,0.0
LPLIPAL2ATE161,0.0,0.0
LPLIPAL2ATE181,0.0,-2.220446049250313e-16
FACOAL141t2pp,0.0,1.1102230246251565e-16
FACOAL161t2pp,0.0,-0.026331734155395026
PA160abcpp,0.0,-0.016927543385611088
PA181abcpp,0.0,-0.016927543385611088
12DGR141tipp,0.0,-0.0018808381539563435
PGPP140pp,0.0,0.0
PGPP141pp,0.0,-0.030093410463308823
PGPP160pp,0.0,0.0
PGPP180pp,0.0,0.0
CLPNH141pp,0.0,0.0
CLPNH160pp,0.0,0.0
CLPNH161pp,0.0,0.0
CLPNH181pp,0.0,0.0
PLIPA1E180pp,0.0,0.0
PLIPA1G140pp,0.0,0.0
PLIPA1G161pp,0.0,0.0
CLPNS160pp,0.0,0.0
CLPNS161pp,0.0,0.0
PG160abcpp,0.0,-0.011285028923740725
PGP140abcpp,0.0,-0.016927543385611088
PAPA120pp,0.0,0.0
PAPA140pp,0.0,0.0
PAPA141pp,0.0,0.0
PAPA160pp,0.0,0.0
PAPA161pp,0.0,0.0
PAPA180pp,0.0,0.0
HPYRI,0.0,0.0
FE3HOXUtex,0.0,0.0
TPRDCOAS,0.0,0.0
ACGAM1PPpp,0.0,0.0
EX_dgmp_e,0.0,-0.3319679341733728
GAMptspp,0.0,0.0
GSNt2pp,0.0,0.0
EX_4hoxpacd_e,-0.0,0.0
GSNtex,0.0,0.0
FORtex,0.0,0.0
D_LACt2pp,0.0,0.0
RIBtex,0.0,0.0
FLVRx,0.0,0.0
THMtex,0.0,0.0
XYLUtex,0.0,0.0
EX_manglyc_e,0.0,-0.2520323126302095
ALLtex,0.0,0.0
GGPTRCO,0.0,0.0
EX_metsox_R__L_e,0.0,-0.29058949478632384
34dhpactex,0.0,0.0
MALTHXtexi,0.0,0.0
12PPDStpp,0.0,0.0
HYD1pp,0.0,0.0
EX_cl_e,0.0,0.0
FE3DHBZStonex,0.0,0.0
AACTOOR,0.0,-0.01222544800071912
H2tpp,0.0,0.0
23DAPPAtex,0.0,0.0
ECAP3pp,0.0,2.220446049250313e-16
FEOXAMtonex,0.0,0.0
FMNRx,0.0,0.0
EX_3hpppn_e,0.0,-0.22381974032085755
EX_man6p_e,0.0,-0.18620297724172194
EX_tsul_e,-0.0,0.0
PHEt2rpp,0.0,0.0
DHBS,0.0,0.0
EX_n2o_e,-0.0,0.0
MDDCP1pp,0.0,0.0
GUI2,0.0,0.0
OMBZLM,0.0,0.0
EX_maltttr_e,0.0,-0.7222418511194062
GLYCK,0.0,0.0
MLTG5,0.0,-0.00752335261582715
GPDDA3,0.0,-0.00564251446187037
2DOXG6PP,0.0,0.0
OXAMTC,0.0,-0.016927543385611213
UDCPPtppi,0.0,0.0
AGMH,0.0,0.0
MPTG,0.012184999297248318,0.0
MPTG2,0.0,0.0
MCTP1App,0.012184999297248318,0.0
MCTP2App,0.0,0.0
MCTP1Bpp,0.0,0.0
MELIBt3ipp,0.0,0.0
EX_lipoate_e,0.0,-0.8576621982042936
EX_pydx_e,0.0,-0.25955566524603685
EX_g1p_e,0.0,-0.18056046277985152
GLCtex_copy2,0.0,0.0
NAt3pp,0.0,-1.5178830414797062e-18
SFGTHi,0.0,0.0
DHORDfum,0.0,-6.938893903907228e-18
K2L4Aabcpp,0.017062857803891125,-2.220446049250313e-16
DSBCGT,0.0,0.0
DSBGGT,0.0,0.0
DHNAOT4,0.0,-1.1102230246251565e-16
AMPMS2,0.00019557037881721425,0.0
DM_oxam_c,-0.0,0.0
THIORDXi,0.0,-0.022570057847481336
PPPGO3,0.00019557037881721425,0.0
PDX5POi,0.0,-0.005642514461870366
PDX5PO2,0.00019557037881721425,0.0
PLIPA1A181pp,0.0,0.0
LPLIPAL2A141,0.0,-0.007523352615826817
HG2t3pp,0.0,0.0
CYTBO3_4pp,44.256287742883885,0.0
EAR141x,0.0,0.0
EAR181x,0.0,0.0
EAR181y,0.0,-0.0018808381539566765
G3PAT141,0.0,0.0
G3PAT181,0.0,0.0
DASYN140,0.0,0.0
DASYN180,0.0,0.0
DASYN141,0.0,0.0
CDAPPA160,0.0,-0.0150467052316543
CDAPPA141,0.0,-0.0150467052316543
PGSA141,0.0,0.0
EX_alaala_e,0.0,-0.1730371101640249
EX_dtmp_e,0.0,-0.335729610481287
5DOAN,0.00019732437324606825,0.0
DM_5drib_c,0.00019732437324606825,0.0
MINOHPtexi,0.0,0.0
12PPDRtpp,0.0,0.0
FACOAE120,0.0682514312155645,0.0
3OAR120,0.0,0.0
3HAD80,0.0,-0.013165867077697402
3HAD120,0.0,0.0
EAR180x,0.0,0.0
SO4t2pp,0.22084543853699956,0.0
EAR180y,0.0,-0.0018808381539566765
AGPAT120,0.0,0.0
PGPP120,0.0,-0.020689219693524663
DAGK120,0.0,-0.00752335261582715
PSSA180,0.0,0.0
PSSA161,0.0659624684859101,0.0
PSSA141,0.0,0.0
PSD160,0.05596470024144264,0.0
PSD161,0.0659624684859101,0.0
PSD180,0.0,0.0
COLIPAabcpp,0.0,0.0
PLIPA2A140pp,0.0,-5.551115123125783e-17
PLIPA2A141pp,0.0,-0.013165867077697402
PLIPA2A180pp,0.0,0.0
GAM6Pt6_2pp,0.0,0.0
PPALtex,0.0,0.0
CA2tex,0.004564770501092378,0.0
CUtex,0.0,0.0
CU1Opp,0.0,0.0
SUCDi,5.972561286970654,0.0
LPLIPAL1E141pp,0.0,0.0
LALDO2x,0.0,0.0
12PPDRtex,0.0,0.0
LPLIPAL1E160pp,0.0,-0.009404190769783272
LPLIPAL1E180pp,0.0,0.0
LPLIPAL1E181pp,0.0,0.0
LPLIPAL1G160pp,0.0,0.0
LPLIPAL1G161pp,0.0,-2.220446049250313e-16
LPLIPAL1G120pp,0.0,0.0
PLIPA2E140pp,0.0,0.0
PLIPA2E160pp,0.0,0.0
PLIPA2A161pp,0.0,-5.551115123125783e-17
PLIPA2A181pp,0.0,0.0
F6Ptex,0.0,0.0
GAMAN6Ptex,0.0,0.0
ALR4x,0.0,-0.10908861292949368
LPLIPAL1G141pp,0.0,-0.013165867077697513
LPLIPAL1G180pp,0.0,0.0
LPLIPAL1G181pp,0.0,0.0
ACONIs,0.0,0.0
ACONTb,6.913003110880913,0.0
GLCP2,0.0,-0.007523352615827178
F6Pt6_2pp,0.0,0.0
PPALtpp,0.0,0.0
PLIPA2E141pp,0.0,-0.013165867077697735
PLIPA2E181pp,0.0,0.0
PLIPA2G140pp,0.0,0.0
3HAD161,0.0,0.0
PLIPA2G160pp,0.0,0.0
PLIPA2G181pp,0.0,-0.007523352615827372
ASNS1,0.0,-0.007523352615827178
EAR80y,0.0,-0.0018808381539566765
EAR120y,0.0,-0.0018808381539566765
3OAR181,0.0,0.0
3HAD121,0.0,0.0
EAR121y,0.0,-0.0018808381539566765
GTHRDHpp,0.0,0.0
PROGLYtex,0.0,0.0
EX_progly_e,0.0,-0.21347513047409583
MDDCP2pp,0.0,0.0
MDDCP3pp,0.0,-0.007523352615827039
EAR140x,0.0,0.0
EAR40y,0.0,-0.0018808381539566765
3OAS181,0.0,-0.03197424861726539
EAR161y,0.0,-0.0018808381539566765
G3PAT140,0.0,0.0
G3PAT160,0.0,0.0
G3PAT161,0.0659624684859101,0.0
AGPAT160,0.05596470024144264,5.551115123125783e-17
CDAPPA140,0.0,-0.0150467052316543
MLDCP1App,0.0,-0.003761676307914019
EAR160y,0.0,-0.0018808381539566765
EAR100y,0.0,-0.0018808381539566765
3OAR141,0.0,0.0
3OAR161,0.0,0.0
3HAD141,0.0,0.0
EAR121x,0.0,0.0
PSD140,0.0,0.0
MICITDr,0.0,0.0
CDAPPA181,0.0,-0.013165867077697513
PGSA140,0.0,-0.013165867077697624
LPLIPAL1A141pp,0.0,0.0
LPLIPAL1A180pp,0.0,-0.013165867077697409
LPLIPAL1E140pp,0.0,0.0
LPLIPAL1E161pp,0.0,-0.009404190769783716
LPLIPAL1G140pp,0.0,0.0
ACONTa,6.913003110880913,0.0
MLDCP2App,0.0,-0.003761676307914019
12DGR140tipp,0.0,-0.0018808381539567876
12DGR160tipp,0.0,0.0
12DGR180tipp,0.0,-0.0018808381539563435
PGPP120pp,0.0,0.0
PGPP181pp,0.0,-0.0018808381539567876
CLPNH120pp,0.0,0.0
CLPNH140pp,0.0,3.3306690738754696e-16
EX_12ppd__R_e,-0.0,0.0
PGSA181,0.0,-0.03573592492517885
PGPP140,0.0,0.0
PGPP141,0.0,0.0
MDDCP5pp,0.0,0.0
MLTGY3pp,0.0,0.0
G3PAT180,0.0,-0.030093410463308712
AGPAT140,0.0,5.551115123125783e-17
PGSA160,0.0,0.0
MLDCP2Bpp,0.0,0.0
3OAS140,0.0682514312155645,0.0
3OAR140,0.0682514312155645,0.0
3OAR160,0.0,0.0
PGSA161,0.0,-0.03761676307913531
3HAD181,0.0,0.0
PGPP160,0.0,-0.026331734155395026
PGPP180,0.0,0.0
PGPP161,0.0,0.0
PGPP181,0.0,0.0
CDAPPA180,0.0,-0.0150467052316543
NTP12,0.0,0.0
PE141abcpp,0.0,0.0
PE160abcpp,0.05596470024144264,0.0
PE161abcpp,0.0659624684859101,0.0
PSD141,0.0,0.0
PG140abcpp,0.0,-0.0150467052316543
PG141abcpp,0.0,-0.028212572309352035
PG180abcpp,0.0,-0.028212572309352035
PG181abcpp,0.0,0.0
PGP141abcpp,0.0,0.0
PGP160abcpp,0.0,-0.03949760123309254
PGP180abcpp,0.0,-0.030093410463308823
PAPA181pp,0.0,0.0
PA140abcpp,0.0,-0.00752335261582715
12DGR120tipp,0.0,-0.009404190769783938
MDDCP4pp,0.0,-2.220446049250313e-16
CLPNS140pp,0.0,0.0
CLPNS141pp,0.0,0.0
PG120abcpp,0.0,0.0
PE140abcpp,0.0,0.0
CFAS160E,0.0,0.0
CFAS180E,0.0,0.0
CFAS180G,0.0,0.0
PAPA160,0.0,-0.00752335261582715
PAPA180,0.0,0.0
PAPA181,0.0,-0.00752335261582715
PETNT161pp,0.0,-0.016927543385610866
PSSA160,0.05596470024144264,-2.220446049250313e-16
PSSA181,0.0,0.0
DAGK140,0.0,-0.00752335261582715
DAGK160,0.0,0.0
DAGK141,0.0,-0.00752335261582715
DAGK161,0.0,0.0
AGPAT181,0.0,5.551115123125783e-17
MDDEP3pp,0.0,-0.00752335261582715
MDDEP4pp,0.0,0.0
MLTGY1pp,0.0,0.0
CGLYtex,0.0,0.0
3HAD40,0.0,0.0
PLIPA1E141pp,0.0,0.0
3OAS60,0.0,0.0
3OAS160,0.0,0.0
3OAR60,0.0,0.0
3OAR80,0.0,0.0
MLDCP3App,0.0,0.0
MLDCP1Bpp,0.0,-2.220446049250313e-16
2AGPE181tipp,0.0,0.0
2AGPA140tipp,0.0,-0.007523352615827261
2AGPA160tipp,0.0,-0.011285028923740725
2AGPA180tipp,0.0,0.0
2AGPA141tipp,0.0,0.0
EX_urate_e,0.0,-0.047020953848919814
PLIPA1G160pp,0.0,0.0
PLIPA1G141pp,0.0,0.0
LPLIPAL2E160,0.0,-0.013165867077696958
LPLIPAL2G140,0.0,-2.220446049250313e-16
LPLIPAL2G160,0.0,-0.003761676307913908
2AGPE140tipp,0.0,0.0
2AGPE160tipp,0.0,0.0
2AGPE180tipp,0.0,0.0
2AGPE141tipp,0.0,0.0
2AGPE161tipp,0.0,0.0
2AGPA161tipp,0.0,-0.011285028923740836
2AGPA181tipp,0.0,0.0
2AGPG120tipp,0.0,-0.03761676307913575
LPLIPAL2G120,0.0,-0.007523352615827594
PA141abcpp,0.0,-0.007523352615827594
PA161abcpp,0.0,-0.016927543385611088
PA180abcpp,0.0,-0.007523352615827594
PGPP161pp,0.0,0.0
PE120abcpp,0.0,0.0
PE180abcpp,0.0,0.0
PAPA140,0.0,0.0
PAPA141,0.0,0.0
PAPA161,0.0,-0.00752335261582715
GTHOXtex,0.0,0.0
DSBAO1,0.0,0.0
DSBAO2,0.0,0.0
DSBDR,0.0,0.0
TDSR1,0.0,0.0
CGLYabcpp,0.0,0.0
PLIPA2A120pp,0.0,-0.06771017354244446
PLIPA2A160pp,0.0,0.0
CLPNH180pp,0.0,0.0
LPLIPAL2E120,0.0,0.0
EAR100x,0.0,0.0
EAR120x,0.0,0.0
EAR160x,0.0,0.0
EAR140y,0.0,-0.0018808381539566765
3OAS121,0.0,0.0
3OAS80,0.0,0.0
3OAS100,0.0,0.0
3OAS120,0.0,0.0
3OAR40,0.0,0.0
3OAR100,0.0,0.0
3HAD60,0.0,0.0
3HAD100,0.0,-0.01880838153956743
3HAD140,0.0,-0.018808381539567653
3HAD160,0.0,0.0
AGPAT180,0.0,0.0
AGPAT141,0.0,-0.030093410463308767
AGPAT161,0.0659624684859101,5.551115123125783e-17
DASYN120,0.0,0.0
EAR40x,0.0,0.0
EAR60y,0.0,-0.0018808381539566765
MLDEP1pp,0.0,0.0
MLDEP2pp,0.0,-0.003761676307914019
MLTGY2pp,0.0,0.0
MLTGY4pp,0.0,-0.003761676307913575
EAR60x,0.0,0.0
EAR80x,0.0,0.0
PE181abcpp,0.0,-0.0150467052316543
12DGR161tipp,0.0,0.0
12DGR181tipp,0.0,0.0
NTP11,0.0,0.0
3OAS180,0.0,-0.009404190769783938
3HAD180,0.0,0.0
CDAPPA120,0.0,-0.0150467052316543
PSSA120,0.0,0.0
PSD120,0.0,0.0
PAPA120,0.0,0.0
EX_cpgn_un_e,-0.0,0.0
MDDEP1pp,0.0,-0.007523352615827594
MDDEP2pp,0.0,0.0
PSD181,0.0,0.0
DAGK180,0.0,-0.00752335261582715
DAGK181,0.0,0.0
PLIPA2E120pp,0.0,0.0
PLIPA2G141pp,0.0,0.0
PLIPA2G161pp,0.0,0.0
LPLIPAL1A120pp,0.0,0.0
LPLIPAL1A140pp,0.0,0.0
LPLIPAL1A181pp,0.0,-0.007523352615827268
LPLIPAL1E120pp,0.0,-0.0601868209266172
3OAR180,0.0,0.0
G3PAT120,0.0,-0.0018808381539566765
PGSA120,0.0,1.1102230246251565e-16
TDSR2,0.0,0.0
GTHRDtex,0.0,0.0
GTHRDabc2pp,0.0,0.0
OMMBLHX3,0.0,4.440892098500626e-16
NADHPO,0.0,-0.020689219693524663
ACOAD7f,0.0,0.0
ACOAD8f,0.0,0.0
ACOAD5f,0.0,0.0
ACOAD3f,0.0,0.0
ACOAD2f,0.0,0.0
ACOAD4f,0.0,0.0
ACOAD6f,0.0,0.0
NADH16pp,37.99704395949198,0.0
NADH18pp,0.0,0.0
EX_tartr__D_e,0.0,-0.08087604062014186
GLYBt2pp,0.0,0.0
DSERt2pp,0.0,0.0
ALAt4pp,0.0,0.0
LYSt3pp,0.0,-0.003761676307913575
EX_tungs_e,0.0,0.0
CTBTCAL2,0.0,0.0
BGLA1,0.0,0.0
EX_crn__D_e,-0.0,0.0
GDPMNP,0.0,0.0
OPHHX3,0.00019557037881721425,0.0
AMMQLT8,0.0,-1.1102230246251565e-16
FA120ACPHi,0.0,-0.0150467052316543
FA80ACPHi,0.0,-0.0150467052316543
FA140ACPHi,0.0,-0.006582933538848756
FA100ACPHi,0.0,-0.005642514461870585
CRNDCAL2,0.0,0.0
CRNCAL2,0.0,0.0
CHLt2pp,0.0,0.0
GLYt4pp,0.0,-0.0018808381539567876
FRULYSE,0.0,0.0
FRULYSt2pp,0.0,0.0
EX_psclys_e,0.0,-0.402499364946753
TUNGStex,0.0,0.0
COBALT2tpp,2.1924930360674245e-05,0.0
OXCDC,0.0,0.0
LPLIPAL2A140,0.0,0.0
LPLIPAL2A160,0.0,0.0
LPLIPAL2A161,0.0,0.0
LPLIPAL2A180,0.0,-0.007523352615826817
LPLIPAL2A181,0.0,-0.015046705231654411
DM_aacald_c,-0.0,0.0
UM3PL,0.0,0.0
UM4PL,0.0,0.0
2MAHMP,0.0,-0.00752335261582715
ZN2tpp,0.0002990560501195967,0.0
NI2tpp,0.00028327010025991123,0.0
COBALT2t3pp,0.0,-0.001880838153956789
23DAPPAt2pp,0.0,0.0
PLIPA1A120pp,0.0,0.0
PLIPA1A140pp,0.0,0.0
PLIPA1A141pp,0.0,0.0
PLIPA1A160pp,0.0,0.0
PLIPA1A161pp,0.0,0.0
PLIPA1A180pp,0.0,0.0
LPLIPAL2A120,0.0,-0.05266346831079016
CAt6pp,0.0,0.0
5DGLCNt2rpp,0.0,0.0
GALCTNt2pp,0.0,0.0
GALCTNLtex,0.0,0.0
EX_galctn__L_e,0.0,-0.1598712430863269
KDUI,0.0,0.0
CA2t3pp,0.0,-1.5178830414797062e-18
NADH17pp,0.0,0.0
FA161ACPHi,0.0,-0.0150467052316543
FA141ACPHi,0.0,-0.0150467052316543
ARGt3pp,0.0,-0.003761676307913575
FA160ACPHi,0.0,-0.0150467052316543
MALDtex,0.0,0.0
OROTtex,0.0,0.0
PPAt4pp,0.0,0.0
OROTt2_2pp,0.0,0.0
MALDt2_2pp,0.0,0.0
5DGLCNtex,0.0,0.0
EX_5dglcn_e,0.0,-0.15234789047049965
DTARTD,0.0,0.0
PLIPA2E161pp,0.0,0.0
PLIPA2E180pp,0.0,-0.013165867077697735
PLIPA2G120pp,0.0,-0.06771017354244457
PLIPA2G180pp,0.0,-0.013165867077697513
LPLIPAL1A161pp,0.0,0.0
LPLIPAL1A160pp,0.0,5.551115123125783e-17
PSCLYSt2pp,0.0,0.0
LYSt2pp,0.0,0.0
GLYt2pp,0.0,-0.0018808381539567876
ALAt2pp,0.0,0.0
BALAt2pp,0.0,0.0
DALAt2pp,0.012184999297248318,0.0
FE2tpp,0.014085452260911561,0.0
MN2tpp,0.0006060050751690361,0.0
MG2tpp,0.0,-0.003761676307913578
NI2t3pp,0.0,-0.001880838153956789
PPAtex,0.0,0.0
GALCTNLt2pp,0.0,0.0
GALCTLO,0.0,0.0
THYMt3pp,0.0,0.0
PSCLYStex,0.0,0.0
THYMtex,0.0,0.0
CU2tpp,0.0006217910250287215,0.0
FE2t3pp,0.0,-0.001880838153956789
MN2t3pp,0.0,-0.001880838153956789
MG2t3_2pp,0.007607950835153963,0.0
CD2tpp,0.0,-0.001880838153956789
ETHAt2pp,0.0,0.0
FE3abcpp,0.0,-0.005642514461870365
THRA,0.0,-0.021629638770503085
XYLK2,0.0,0.0
GLDBRAN2,0.0,0.0
CLt3_2pp,0.002282385250546189,0.0
EX_ppal_e,0.0,-0.11285028923740736
POR5,0.09537783205500508,5.551115123125783e-17
HACD8,0.0,1.1102230246251565e-16
CTECOAI8,0.0,0.0
CTECOAI6,0.0,0.0
MTHTHFSs,0.0,0.0
SELGTHR,0.0,8.673617379884035e-19
SELGTHR3,0.0,0.0
EX_slnt_e,0.0,0.0
MALCOAMT,1.7539944288539394e-06,0.0
OGMEACPS,1.7539944288539394e-06,0.0
OGMEACPR,1.7539944288539394e-06,0.0
OPMEACPS,1.7539944288539394e-06,0.0
LIPAabctex,0.0,0.0
DGUNC,0.0,-0.030093410463308712
CDGUNPD,0.0,0.0
LDGUNPD,0.0,0.0
MPTAT,0.0,0.0
MOADSUx,0.0,0.0
CMtpp,0.0,-0.001880838153956789
FUSAtpp,0.0,-0.001880838153956789
RFAMPtex,0.0,0.0
MINCYCtex,0.0,0.0
MINCYCtpp,0.0,-0.001880838153956789
DOXRBCNtex,0.0,0.0
DOXRBCNtpp,0.0,-0.001880838153956789
ETOHtrpp,0.0,0.0
REPHACCOAI,0.0,0.0
ACPPAT141,0.0,0.0
ACPPAT161,0.0,0.0
ACPPAT180,0.0,0.0
APG3PAT160,0.05596470024144264,0.0
APG3PAT161,0.0,0.0
APG3PAT180,0.0,-0.030093410463308712
ICYSDS,0.0011550053314003193,0.0
I4FE4SR,0.00022801927575101213,0.0
S2FE2ST,0.0,0.0
BMOCOS,0.0,0.0
BWCOS,0.0,0.0
BWCOGDS1,0.0,0.0
BWCOGDS2,0.0,0.0
DHNPTE,0.0,0.0
DHMPTR,0.0,0.0
NOVBCNtpp,0.0,-0.001880838153956789
CMtex,0.0,0.0
LALALGLUtex,0.0,0.0
LALADGLUtpp,0.0,0.0
I2FE2SS,0.0002508212033261133,0.0
I2FE2ST,2.4555922003955153e-05,0.0
I2FE2SS2,0.00022801927575101213,0.0
I4FE4ST,0.00022801927575101213,0.0
S4FE4ST,0.0,0.0
S2FE2SS2,0.0,0.0
BTS5,1.7539944288539394e-06,0.0
5MTRtex,0.0,0.0
LALADGLUtex,0.0,0.0
LALALGLUtpp,0.0,0.0
3AMACHYD,0.0,0.0
3HPPtex,0.0,0.0
EX_LalaDglu_e,0.0,-0.22193890216690168
CCGS,0.0,0.0
CDGR,0.0,0.0
CBMD,0.0,0.0
MSAR,0.0,0.0
EX_LalaLglu_e,0.0,-0.22193890216690168
ACPPAT120,0.0,-0.0018808381539566765
CPH4S,0.0,0.0
SHCHCS3,0.0,0.0
EX_ttrcyc_e,0.0,0.0
EX_mincyc_e,-0.0,0.0
DM_4crsol_c,0.00019557037881721425,0.0
URACPAH,0.0,0.0
POAACR,0.0,0.0
ACPPAT160,0.05596470024144264,0.0
ACPPAT181,0.0,0.0
APH141,0.0,-0.0150467052316543
APH161,0.0,-0.0150467052316543
APH180,0.0,-0.0150467052316543
APH181,0.0,-0.0150467052316543
GTHPi,0.0,-0.02257005784748134
SEPHCHCS,0.0,0.0
DHNCOAS,0.0,0.0
DHNCOAT,0.0,0.0
FESD1s,0.00342379712512289,0.0
EX_doxrbcn_e,0.0,0.0
EX_fusa_e,-0.0,0.0
EX_cm_e,-0.0,0.0
EX_novbcn_e,0.0,0.0
I2FE2SR,1.7539944288539394e-06,0.0
TYRL,0.00019557037881721425,0.0
THZPSN3,0.00019557037881721425,0.0
APG3PAT120,0.0,0.0
APH120,0.0,-0.013165867077697624
MOCDS,0.0,0.0
FUSAtex,0.0,0.0
NOVBCNtex,0.0,0.0
EX_rfamp_e,0.0,0.0
QUIN2tex,0.0,0.0
EX_quin_e,0.0,-0.220058064012944
FORCT,0.0,-8.673617379884035e-19
DHPTDCs2,0.0,-0.14670537600862932
EX_3hpp_e,-0.0,0.0
PACCOAE,0.0,0.0
OXDHCOAT,0.0,0.0
HADPCOADH3,0.0,0.0
O16A4COLIPAabctex,0.0,0.0
COLIPAabctex,0.0,0.0
ENLIPAabctex,0.0,0.0
DM_mththf_c,-0.0,0.0
PYROX,0.0,0.0
BMOGDS1,0.0,0.0
MPTS,0.0,0.0
MOCOS,0.0,0.0
BMOGDS2,0.0,0.0
FESD2s,0.0,0.0
S2FE2SR,0.0,-0.003761676307913575
ACACT8r,0.0,5.551115123125783e-17
CTECOAI7,0.0,0.0
CLIPAabctex,0.0,0.0
K2L4Aabctex,0.017062857803891125,0.0
FDH4pp,0.0,0.0
FDH5pp,0.0,0.0
ACPPAT140,0.0,0.0
APG3PAT140,0.0,0.0
APG3PAT141,0.0,0.0
APG3PAT181,0.0,0.0
APH140,0.0,-0.006582933538848756
APH160,0.0,-0.0150467052316543
OPMEACPD,1.7539944288539394e-06,0.0
EPMEACPR,1.7539944288539394e-06,5.551115123125783e-17
AOXSr2,1.7539944288539394e-06,0.0
MEOHtrpp,0.0,0.0
SCYSDS,0.0,-0.003761676307913575
S2FE2SS,0.0,0.0
S4FE4SR,0.0,0.0
SELtex,0.0,0.0
SELR,0.0,-0.007523352615827149
OGMEACPD,1.7539944288539394e-06,0.0
EGMEACPR,1.7539944288539394e-06,0.0
OPMEACPR,1.7539944288539394e-06,0.0
PMEACPE,1.7539944288539394e-06,0.0
MEOHtex,0.0,0.0
EX_5mtr_e,-0.0,0.0
MECDPDH5,0.002095146345266026,0.0
RNTR1c2,0.02294750911269609,0.0
RNTR2c2,0.046641342854869525,0.0
RNTR3c2,0.02369383374217344,0.0
RNTR4c2,0.0,0.0
FLDR2,0.0,-0.0018808381539565655
CDGS,0.0,0.0
5MTRtpp,0.0,0.0
TTRCYCtex,0.0,0.0
TTRCYCtpp,0.0,-0.001880838153956789
FESR,0.00684759425024578,0.0
OXCOAHDH,0.0,0.0
DHACOAH,0.0,0.0
THFAT,0.0,0.0
FOMETRi,0.0,0.0
SLNTtex,0.0,0.0
SELGTHR2,0.0,0.0
GDPTPDP,0.0,0.0
COLIPAKpp,0.0,0.0
3HPPtpp,0.0,-0.1485862141625864
MPTSS,0.0,0.0
CPMPS,0.0,0.0
LIPOCT,0.0,0.0
LIPOS,0.0,-1.1102230246251565e-16
OCTNLL,0.0,0.0
LIPATPT,0.0,0.0
LIPAMPL,0.0,0.0
ALDD19xr,0.0,0.0
MMM,0.0,0.0
MOGDS,0.0,0.0
WCOS,0.0,0.0
RFAMPtpp,0.0,-0.001880838153956789
VPAMTr,0.0,0.0
ACOLIPAabctex,0.0,0.0
ECA4COLIPAabctex,0.0,0.0
COLIPAPabctex,0.0,0.0
CH4tex,0.0,0.0
TARTRDtex,0.0,0.0
3OXCOAT,0.0,0.0
BTNt2ipp,0.0,0.0
BTNtex,0.0,0.0
2DGULRGx,0.0,0.0
2DGULRGy,0.0,-0.0018808381539566765
AP4AS,0.0,-0.0150467052316543
ARBTptspp,0.0,0.0
ARBTtex,0.0,0.0
EX_arbt_e,0.0,-0.18056046277985152
DMSOtpp,0.0,0.0
PYDXtex,0.0,0.0
PYDXtpp,0.0,0.0
SUCASPtpp,0.0,0.0
SUCMALtpp,0.0,0.0
PYDXNtex,0.0,0.0
PYDXNtpp,0.0,0.0
PYDAMtex,0.0,0.0
PYDAMtpp,0.0,0.0
13PPDH2,0.0,0.0
TARTt2_3pp,0.0,-0.005642514461870363
SUCTARTtpp,0.0,0.0
APCS,0.0,0.0
CHTBSptspp,0.0,0.0
CHTBStex,0.0,0.0
TRPtipp,0.0,-0.0018808381539567876
TYRtipp,0.0,-0.0018808381539567876
ThDPAT,0.0,0.0
GHBDHx,0.0,0.0
APPLDHr,0.0,0.0
SPMDt3pp,0.0,-0.009404190769783938
PHEtipp,0.0,-0.0018808381539567876
G2PP,0.0,-0.005642514461870363
MALt3pp,0.0,-0.0018808381539567876
CITt3pp,0.0,-0.0018808381539567876
DHNPA2r,0.0005867111364515845,0.0
QUIN2tpp,0.0,0.0
GLYC2Pabcpp,0.0,0.0
CRNDtex,0.0,0.0
SHGO,0.0,-0.0056425144618703574
NADHXD,0.0,-0.00752335261582715
NADPHHR,0.0,-0.00752335261582715
NADPHHS,0.0,-0.00752335261582715
NADHHS,0.0,0.0
NADHXE,0.0,0.0
SELabcpp,0.0,0.0
PYK2,0.0,-5.551115123125783e-17
PYK3,0.7157875864710108,0.0
PYK4,0.15873912680292485,0.0
NADPHXD,0.0,0.0
NADHHR,0.0,0.0
NADPHXE,0.0,0.0
ALAtpp,0.0,-0.0018808381539567876
DHBSZ3FEabcpp,0.0,0.0
FE3DHBZS3R,0.0,0.0
DXYLONtpp,0.0,0.0
DXYLTD,0.0,0.0
2DDARAA,0.0,0.0
2DGLCptspp,0.0,0.0
GNP,0.0,-0.00752335261582715
ALLTAMH2,0.0,0.0
UGCIAMH,0.0,0.0
METGLCUR,0.0,0.0
ACOAD1fr,0.31210576867026996,0.0
23DOGULNt4pp,0.0,0.0
FE3DCITexs,0.0,-0.00752335261582715
FEENTERES,0.0,0.0
FEENTERR4,0.0,-0.0018808381539566765
DXYLONtex,0.0,0.0
PSURItex,0.0,0.0
ALR2x,0.0,0.0
OMPHHXy,0.0,0.0
CHLt3pp,0.0,-0.003761676307913575
GLYBt3pp,0.0,-0.003761676307913578
AI2tpp,0.0,0.0
Ftpp,0.0,0.0
SQVOSI,0.0,0.0
6D6SPA,0.0,0.0
DHPStr,0.0,0.0
SQtr,0.0,0.0
DHPStex,0.0,0.0
FMNtex,0.0,0.0
EX_dxylnt_e,0.0,-0.13447992800791025
AI2K,0.00039289475206328244,0.0
CLBtex,0.0,0.0
ACOXT,0.0,2.688821387764051e-17
EX_mththf_e,-0.0,0.0
2HESR,0.0,0.0
CHOLID,0.0,0.0
CHOLATEtpp,0.0,0.0
4ABZGLUH,0.0,0.0
4ABZGLUtr,0.0,0.0
PHDA,0.0,0.0
TEO2M,0.0,0.0
PACOAT,0.0,-0.0150467052316543
CYSItpp,0.0,0.0
DHPTDNR,0.0,-0.0018808381539566765
DHPTDNRN,0.0,0.0
PCNO,0.0,0.0
HPACOAT,0.0,0.0
PUACGAMtr,0.0,0.0
DC6PDA,0.0,0.0
5DGLCNR,0.0,-0.0018808381539566765
PIt2rpp,0.8459567750196042,0.0
LEUt2rpp,0.0,-0.003761676307913575
LCTStpp,0.0,0.0
ILEt3pp,0.0,-0.003761676307913575
METt3pp,0.0,-0.009404190769783938
GSNt3pp,0.0,-0.003761676307913575
CLtipp,0.0,-0.0009404190769783945
5DKGR,0.0,0.0
PItpp,0.0,-0.001880838153956789
LEUt3pp,0.0,0.0
INSt3pp,0.0,0.0
INDOLEt2rpp,0.0,0.0
ILEt2rpp,0.0,0.0
GLYtpp,0.0,0.0
PYK6,0.0,-5.551115123125783e-17
FADt,0.0,-0.984618773596377
FADtex,0.0,0.0
AI2abcpp,0.0,-0.007523352615827149
PAI2I,0.00039289475206328244,0.0
4HBZt3pp,0.0,0.0
CURR,0.0,0.0
LKDRA,0.0,0.0
METNA,0.0,0.0
XYHDL,0.0,0.0
2DGLCtex,0.0,0.0
E4PP,0.0,0.0
PUACGAMS,0.0,0.0
RU5PP,0.0,0.0
6D6SFK,0.0,0.0
3SLAR,0.0,0.0
SQtex,0.0,0.0
EX_dhps_e,-0.0,0.0
MOX,0.0,-0.005642514461870378
URATEtex,0.0,0.0
EX_cs1_e,0.0,0.0
CBL1tonex,0.0,0.0
CBItonex,0.0,0.0
ARHGDx,0.0,0.0
CPL,0.0,0.0
EX_mepn_e,0.0,0.0
CH4t2pp,0.0,0.0
INOSTO,0.0,0.0
HPYRP,0.0,-0.007523352615827081
PSURIK,0.0,0.0
Ftex,0.0,0.0
CYSItex,0.0,0.0
SERtpp,0.0,-0.0018808381539567876
QUINDHyi,0.0,0.0
DHGLYH,0.0,-0.46832870033524
PNSPA,0.0,0.0
4HTHRK,0.0005867111364515845,0.0
EX_sq_e,0.0,-0.07711436431222828
URATEtpp,0.0,0.0
CS1tex,0.0,0.0
ADOCBLtonex,0.0,0.0
PETNT181pp,0.0,8.673617379884035e-19
ARMEPNS,0.0,0.0
RPNTPH,0.0,0.0
PRCPD,0.0,0.0
MEPNtex,0.0,0.0
UDPGPT,0.0,0.0
MEPNabcpp,0.0,-0.02257005784748145
OMMBLHXy,0.0,-0.013165867077696625
OPHHXy,0.0,-0.013165867077697457
PROD3,0.0,-0.007523352615827025
F1PP,0.0,-0.007523352615827149
ACP1p,0.0,0.0
EX_4abzglu_e,0.0,-0.3818101452532283
3HPADHi,0.0,0.0
4ABZGLUtex,0.0,0.0
2HPTCOAT,0.0,0.0
EX_metglcur_e,0.0,-0.14670537600862937
MC6PH,0.0,0.0
SLNTabcpp,0.0,0.0
VALt2rpp,0.0,-0.003761676307913575
VALt3pp,0.0,0.0
MN2tipp,0.0,0.0
PSURItpp,0.0,0.0
CYSTA,0.0,-0.1297778326230179
FE3DCITR5,0.0,0.0
4HTHRA,0.0,-1.1796119636642288e-16
GAPP,0.0,-0.005642514461870473
METGLCURt2pp,0.0,0.0
METGLCURtex,0.0,0.0
FMNt,0.0,0.0
AI2tex,0.0,0.0
PAI2T,0.00039289475206328244,-5.551115123125783e-17
CUt2pp,0.0,0.0
DHCURR,0.0,0.0
RHMND,0.0,0.0
3HBZCT,0.0,0.0
CXSAMS,0.0,0.0
EX_2dglc_e,-0.0,0.0
THRt2rpp,0.0,0.0
SERt2rpp,0.0,0.0
ACOAD1f,0.0,0.0
AMPNTAT,0.0,0.0
SQGH,0.0,0.0
URAtpp,0.0,0.0
ASPtpp,0.0,0.0
FUMt1pp,0.0,0.0
SUCCt1pp,0.0,0.0
QUINDH,0.0,-0.0018808381539566765
LCARSyi,0.0,-0.0018808381539566765
BIOMASS_Ec_iML1515_core_75p37M,0.8769972144269698,-3.3931191190106347e-15
BIOMASS_Ec_iML1515_WT_75p37M,0.0,-1.9289411981953841
GTHOr_reverse,0.0,0.0
SHK3Dr_reverse,0.0,0.0
MAN6PI_reverse,0.0,0.0
EX_pi_e_reverse,0.8459567750196042,0.0
EX_h_e_reverse,0.0,0.0
TMDPP_reverse,0.0,0.0
HCO3E_reverse,0.0,0.0
IMPC_reverse,0.47579905273749934,0.0
ECOAH4_reverse,0.0,0.0
NDPK5_reverse,0.02294750911269609,0.0
DHORTS_reverse,0.2901062935463695,0.0
ICDHyr_reverse,0.0,0.0
ACALD_reverse,0.0,0.0
ALAR_reverse,0.0,0.0
ALATA_L_reverse,0.0,-1.3877787807814457e-17
PPM_reverse,0.0005902191253115419,0.0
ASPTA_reverse,2.5676926153352255,0.0
A5PISO_reverse,0.0,0.0
IPPMIb_reverse,0.3951144320129971,0.0
PSCVT_reverse,0.0,0.0
EX_fe3_e_reverse,0.0,0.0
EX_mn2_e_reverse,0.0006060050751690361,0.0
ECOAH6_reverse,0.0,0.0
ENO_reverse,0.0,0.0
FBA_reverse,0.0,0.0
PGI_reverse,0.0,0.0
PGK_reverse,17.105433603550058,0.0
RPE_reverse,0.0,0.0
TALA_reverse,7.839841338527062,-1.3877787807814457e-17
TKT1_reverse,0.0,6.938893903907228e-18
ALCD2x_reverse,0.0,0.0
RMI_reverse,0.0,0.0
NDPK6_reverse,0.0,-2.7755575615628914e-17
NDPK8_reverse,0.0,0.0
PYNP2r_reverse,0.0,0.0
DURIPP_reverse,0.02294750911269609,0.0
TRPAS2_reverse,0.04985115265967224,0.0
EX_co2_e_reverse,0.0,0.0
ILETA_reverse,0.2547931237102531,1.3877787807814457e-17
VALTA_reverse,0.8813874624823911,0.0
ORPT_reverse,0.2901062935463695,0.0
PTAr_reverse,0.51057550027838,0.0
ACKr_reverse,0.0,0.0
AIRC3_reverse,0.39271409063711704,0.0
ADSL2r_reverse,0.0,0.0
EX_fe2_e_reverse,0.014085452260911561,0.0
PUNP5_reverse,0.0,0.0
PUNP6_reverse,0.0,0.0
PUNP7_reverse,0.0,7.589415207398531e-19
EX_glc__D_e_reverse,10.0,0.18056046277985152
PUNP1_reverse,0.0005902191253093507,0.0
PUNP2_reverse,0.0,0.0
PUNP3_reverse,0.02294750911269609,0.0
LYSAM_reverse,0.0,0.0
IPPMIa_reverse,0.3951144320129971,0.0
MDH_reverse,0.0,6.938893903907228e-18
FUM_reverse,0.0,0.0
OHPBAT_reverse,0.0003911407576343702,0.0
AGPR_reverse,0.25940876004978225,0.0
G1SAT_reverse,0.0,0.0
GUI1_reverse,0.0,0.0
PGAMT_reverse,0.08286571279677551,0.0
GLUR_reverse,0.024369998594496636,0.0
UAG2E_reverse,0.0,0.0
EX_zn2_e_reverse,0.0002990560501195967,0.0
HACD5_reverse,0.0,-1.1102230246251565e-16
GHMT2r_reverse,0.0,-3.469446951953614e-17
ADK4_reverse,0.0,0.0
KARA1_reverse,0.7668174233868664,0.0
KARA2_reverse,0.0,0.0
ICHORS_copy2_reverse,0.0,0.0
DHBD_reverse,0.0,0.0
RBP4E_reverse,0.0,0.0
HACD6_reverse,0.0,0.0
ECOAH1_reverse,0.0,0.0
ECOAH2_reverse,0.0,0.0
ECOAH3_reverse,0.0,0.0
UGLT_reverse,0.0,1.3877787807814457e-17
XYLI2_reverse,0.0,-2.7755575615628914e-17
PMANM_reverse,0.0,0.0
UDPG4E_reverse,0.0,0.0
XYLI1_reverse,0.0,0.0
LCARS_reverse,0.0,0.0
ALCD19_reverse,0.0,0.0
RMPA_reverse,0.0,0.0
SBTPD_reverse,0.0,0.0
GLTPD_reverse,0.0,0.0
TGBPA_reverse,0.0,0.0
MANAO_reverse,0.0,0.0
TAGURr_reverse,0.0,0.0
HACD4_reverse,0.0,0.0
HACD7_reverse,0.0,0.0
ADK1_reverse,0.0,0.0
SERASr_reverse,0.0,0.0
MLTP2_reverse,0.0,0.0
CYTK1_reverse,0.0,0.0
CYTK2_reverse,0.0,0.0
GK1_reverse,0.0,0.0
HACD1_reverse,0.0,4.440892098500626e-16
HACD2_reverse,0.0,0.0
NDPK7_reverse,0.0,0.0
GLYAT_reverse,0.0,1.3877787807814457e-17
CRNBTCT_reverse,0.0,-7.589415207398531e-19
CRNCBCT_reverse,0.0,0.0
CRNCDH_reverse,0.0,0.0
NDPK2_reverse,0.0,0.0
NDPK3_reverse,0.0,-2.7755575615628914e-17
NDPK4_reverse,0.0,0.0
DGK1_reverse,0.02294750911269609,0.0
DTMPK_reverse,0.0,0.0
NDPK1_reverse,0.0,-5.551115123125783e-17
PGMT_reverse,0.0,0.0
UMPK_reverse,0.0,0.0
DDPGALA_reverse,0.0,0.0
F6PA_reverse,0.0,5.551115123125783e-17
IDOND_reverse,0.0,0.0
MCOATA_reverse,0.0,0.0
DAPE_reverse,0.0,0.0
SDPTA_reverse,0.32532123969446997,0.0
ARAI_reverse,0.0,0.0
M1PD_reverse,0.0,0.0
G3PD2_reverse,0.12192716872735274,0.0
FCI_reverse,0.0,0.0
FCLPA_reverse,0.0,0.0
UAGAAT_reverse,0.0,0.0
PRPPS_reverse,0.0,0.0
PRMICI_reverse,0.0,0.0
SERAT_reverse,0.0,1.1102230246251565e-16
ASPK_reverse,0.0,-6.938893903907228e-18
ASAD_reverse,0.9375766740107271,0.0
CBMKr_reverse,0.0,0.0
AMANAPEr_reverse,0.0,0.0
NNATr_reverse,0.0,0.0
GAPD_reverse,0.0,-6.938893903907228e-18
ARGSL_reverse,0.0,-6.938893903907228e-18
EX_mg2_e_reverse,0.007607950835153963,0.0
ACOATA_reverse,0.0,0.0
MLTP3_reverse,0.0,0.0
OCBT_reverse,0.0,0.0
GARFT_reverse,0.0,-5.551115123125783e-17
PHETA1_reverse,0.16247688893081255,0.0
MCITL2_reverse,0.0,0.0
ACOTA_reverse,0.25940876004978225,0.0
PRAGSr_reverse,0.0,0.0
PPAKr_reverse,0.0,0.0
PPM2_reverse,0.0,0.0
G6PDH2r_reverse,0.0,2.220446049250313e-16
FBA3_reverse,0.0,-2.7755575615628914e-17
ADK3_reverse,0.0,8.326672684688674e-17
HSDy_reverse,0.6122554343162572,-6.938893903907228e-18
GLUtex_reverse,0.0,0.0
GLYtex_reverse,0.0,0.0
GLYALDtex_reverse,0.0,0.0
GLYBtex_reverse,0.0,0.0
GLYCtex_reverse,0.0,0.0
GLYC3Ptex_reverse,0.0,0.0
GLYCLTtex_reverse,0.0,0.0
GTPtex_reverse,0.0,0.0
GUAtex_reverse,0.0,0.0
Htex_reverse,8.058200328043556,0.0
H2tex_reverse,0.0,0.0
H2Otex_reverse,47.16236480869452,0.0
O2tpp_reverse,0.0,0.0
PYRt2rpp_reverse,0.0,0.0
XANtpp_reverse,0.0,0.0
DAPtex_reverse,0.0,0.0
12PPDStex_reverse,0.0,0.0
DDGLCNtex_reverse,0.0,0.0
26DAHtex_reverse,0.0,0.0
HCINNMtex_reverse,0.0,0.0
HPPPNtex_reverse,0.0,0.0
ACtex_reverse,0.0,0.0
ACALDtex_reverse,0.0,0.0
ACMANAtex_reverse,0.0,0.0
ACACT7r_reverse,0.0,5.551115123125783e-17
ACACT2r_reverse,0.0,-1.1102230246251565e-16
ACACT3r_reverse,0.0,-5.551115123125783e-17
ACACT4r_reverse,0.0,-1.1102230246251565e-16
SUCFUMtpp_reverse,0.0,0.0
TARTRt7pp_reverse,0.0,6.938893903907228e-18
AHGDx_reverse,0.0,0.0
EX_ca2_e_reverse,0.004564770501092378,0.0
AKGt2rpp_reverse,0.0,0.0
THMDt2pp_copy2_reverse,0.0,0.0
TRPt2rpp_reverse,0.0,0.0
TYRt2rpp_reverse,0.0,0.0
URIt2pp_copy2_reverse,0.0,0.0
XTSNt2rpp_reverse,0.0,0.0
GALtex_reverse,0.0,0.0
GALCTtex_reverse,0.0,0.0
GALCTNtex_reverse,0.0,0.0
GALTtex_reverse,0.0,0.0
GALURtex_reverse,0.0,0.0
ACACt2pp_reverse,0.0,0.0
TKT2_reverse,0.0,-2.7755575615628914e-17
GAMtex_reverse,0.0,0.0
GBBTNtex_reverse,0.0,0.0
ARBt2rpp_reverse,0.0,0.0
CO2tpp_reverse,24.003293272975913,0.0
DHAtpp_reverse,0.0,0.0
ARGAGMt7pp_reverse,0.0,0.0
ASNt2rpp_reverse,0.0,0.0
HIStex_reverse,0.0,0.0
HXAtex_reverse,0.0,0.0
HYXNtex_reverse,0.0,0.0
IDONtex_reverse,0.0,0.0
ILEtex_reverse,0.0,0.0
INSTtex_reverse,0.0,0.0
INStex_reverse,0.0,0.0
Ktex_reverse,0.0,0.0
D_LACtex_reverse,0.0,0.0
FRULYStex_reverse,0.0,0.0
GALCTt2rpp_reverse,0.0,0.0
ASPtex_reverse,0.0,0.0
ACALDtpp_reverse,0.0,0.0
ACt2rpp_reverse,0.0,0.0
ATPS4rpp_reverse,0.0,7.589415207398531e-19
INDOLEtex_reverse,0.0,0.0
L_LACtex_reverse,0.0,0.0
ADEt2rpp_reverse,0.0,0.0
ADNt2pp_copy2_reverse,0.0,0.0
ALLTNt2rpp_reverse,0.0,0.0
ECOAH8_reverse,0.0,0.0
GUAtpp_reverse,0.0,0.0
HYXNtpp_reverse,0.0,0.0
GLCRtex_reverse,0.0,0.0
GLCNtex_reverse,0.0,0.0
GLCURtex_reverse,0.0,0.0
GLNtex_reverse,0.0,0.0
O2tex_reverse,0.0,0.0
OCTAtex_reverse,0.0,0.0
ORNtex_reverse,0.0,0.0
ECOAH5_reverse,0.0,0.0
EX_ni2_e_reverse,0.00028327010025991123,0.0
FUCtpp_reverse,0.0,0.0
CYTDt2pp_copy2_reverse,0.0,0.0
DDGLCNt2rpp_reverse,0.0,0.0
RMNtex_reverse,0.0,0.0
PHEtex_reverse,0.0,0.0
PItex_reverse,0.0,0.0
EX_cu2_e_reverse,0.0006217910250287215,0.0
TRSARr_reverse,0.0,0.0
PNTOtex_reverse,0.0,0.0
PPPNtex_reverse,0.0,0.0
PPTtex_reverse,0.0,0.0
PTRCtex_reverse,0.0,0.0
PYRtex_reverse,0.0,0.0
DSERtex_reverse,0.0,0.0
SERtex_reverse,0.0,0.0
SO4tex_reverse,0.0,0.0
SPMDtex_reverse,0.0,0.0
SUCCtex_reverse,0.0,0.0
SUCRtex_reverse,0.0,0.0
TARTRtex_reverse,0.0,0.0
TAURtex_reverse,0.0,0.0
THRtex_reverse,0.0,0.0
THMDtex_reverse,0.0,0.0
METDtex_reverse,0.0,0.0
METtex_reverse,0.0,0.0
MNLtex_reverse,0.0,0.0
NAtex_reverse,0.0,0.0
NACtex_reverse,0.0,0.0
NH4tex_reverse,0.0,0.0
BUTtex_reverse,0.0,0.0
CHLtex_reverse,0.0,0.0
CO2tex_reverse,24.003293272975913,0.0
CRNtex_reverse,0.0,0.0
DINStex_reverse,0.0,0.0
DMStex_reverse,0.0,0.0
CSNtex_reverse,0.0,0.0
CYNTtex_reverse,0.0,0.0
CYStex_reverse,0.0,0.0
CYTDtex_reverse,0.0,0.0
DCAtex_reverse,0.0,0.0
DCYTtex_reverse,0.0,0.0
DGSNtex_reverse,0.0,0.0
LCTStex_reverse,0.0,0.0
LEUtex_reverse,0.0,0.0
LYStex_reverse,0.0,0.0
LYXtex_reverse,0.0,0.0
MANtex_reverse,0.0,0.0
MAN6Ptex_reverse,0.0,0.0
MELIBtex_reverse,0.0,0.0
DMSOtex_reverse,0.0,0.0
DURItex_reverse,0.0,0.0
FRUtex_reverse,0.0,0.0
FUCtex_reverse,0.0,0.0
FUMtex_reverse,0.0,0.0
ACACT5r_reverse,0.0,5.551115123125783e-17
FE2tex_reverse,0.0,0.0
NMNtex_reverse,0.0,0.0
NO2tex_reverse,0.0,0.0
MTHFC_reverse,0.0,0.0
MTHFD_reverse,0.0,-5.551115123125783e-17
BUTt2rpp_reverse,0.0,0.0
GDPtex_reverse,0.0,0.0
EX_cobalt2_e_reverse,2.1924930360674245e-05,0.0
TMAtex_reverse,0.0,0.0
TMAOtex_reverse,0.0,0.0
TREtex_reverse,0.0,0.0
ACACT6r_reverse,0.0,-1.1102230246251565e-16
TRPtex_reverse,0.0,0.0
TSULtex_reverse,0.0,0.0
TYRtex_reverse,0.0,0.0
URAtex_reverse,0.0,0.0
UREAtex_reverse,0.0,0.0
URItex_reverse,0.0,0.0
VALtex_reverse,0.0,0.0
XANtex_reverse,0.0,0.0
XYLtex_reverse,0.0,0.0
ABUTtex_reverse,0.0,0.0
GGGABADr_reverse,0.0,0.0
EX_sel_e_reverse,0.0,0.0
MALTATr_reverse,0.0,0.0
23CAMPtex_reverse,0.0,0.0
23CCMPtex_reverse,0.0,0.0
23CUMPtex_reverse,0.0,0.0
23CGMPtex_reverse,0.0,0.0
3AMPtex_reverse,0.0,0.0
3CMPtex_reverse,0.0,0.0
ALAGLUE_reverse,0.0,0.0
ETHSO3tex_reverse,0.0,0.0
BUTSO3tex_reverse,0.0,0.0
LIPOtex_reverse,0.0,0.0
GALBDtex_reverse,0.0,0.0
SULFACtex_reverse,0.0,0.0
NOtex_reverse,0.0,0.0
NOtpp_reverse,0.0,0.0
N2Otpp_reverse,0.0,0.0
N2Otex_reverse,0.0,0.0
CRNt2rpp_reverse,0.0,0.0
CRNDt2rpp_reverse,0.0,0.0
CTBTt2rpp_reverse,0.0,0.0
PACALDt2rpp_reverse,0.0,0.0
PEAMNtex_reverse,0.0,0.0
PACALDtex_reverse,0.0,0.0
CYANtex_reverse,0.0,0.0
SO3tex_reverse,0.0,0.0
TCYNTtex_reverse,0.0,0.0
METSOX1tex_reverse,0.0,0.0
METSOX2tex_reverse,0.0,0.0
3UMPtex_reverse,0.0,0.0
3GMPtex_reverse,0.0,0.0
FALDtpp_reverse,0.0,0.0
DOPAtex_reverse,0.0,0.0
4HOXPACDtex_reverse,0.0,0.0
ETHAtex_reverse,0.0,0.0
G3PStex_reverse,0.0,0.0
ACGAL1Ptex_reverse,0.0,0.0
ACGALtex_reverse,0.0,0.0
GLCUR1Ptex_reverse,0.0,0.0
UDPGLCURtex_reverse,0.0,0.0
ISETACtex_reverse,0.0,0.0
UDPGtex_reverse,0.0,0.0
UDPGALtex_reverse,0.0,0.0
ACGAM1Ptex_reverse,0.0,0.0
UACGAMtex_reverse,0.0,0.0
UDPACGALtex_reverse,0.0,0.0
CBLAT_reverse,0.0,0.0
MSO3tex_reverse,0.0,0.0
ARABDI_reverse,0.0,0.0
GLYC2Ptex_reverse,0.0,0.0
PSERtex_reverse,0.0,0.0
R5Ptex_reverse,0.0,0.0
THRPtex_reverse,0.0,0.0
TYRPtex_reverse,0.0,0.0
CITtex_reverse,0.0,0.0
ACGAtex_reverse,0.0,0.0
IDONt2rpp_reverse,0.0,0.0
G6Ptex_reverse,0.0,0.0
MOBDtex_reverse,0.0,0.0
NI2tex_reverse,0.0,0.0
L_LACt2rpp_reverse,0.0,0.0
NH4tpp_reverse,0.0,0.0
NO2t2rpp_reverse,0.0,0.0
FRULYSDG_reverse,0.0,-1.3877787807814457e-17
PROt2rpp_reverse,0.004564770501092378,0.0
H2O2tex_reverse,0.0,0.0
ALLPI_reverse,0.0,0.0
ALLULPE_reverse,0.0,0.0
ADEtex_reverse,0.0,0.0
ADNtex_reverse,0.0,0.0
AGMtex_reverse,0.0,0.0
ALAtex_reverse,0.0,0.0
BALAtex_reverse,0.0,0.0
DALAtex_reverse,0.0,0.0
AMPtex_reverse,0.0,0.0
ARBtex_reverse,0.0,0.0
ARGtex_reverse,0.0,0.0
ASCBtex_reverse,0.0,0.0
MMETtex_reverse,0.0,0.0
FE3tex_reverse,0.0,0.0
MG2tex_reverse,0.0,0.0
Zn2tex_reverse,0.0,0.0
CD2tex_reverse,0.0,0.0
GLUABUTt7pp_reverse,0.0,-1.3877787807814457e-17
GLUt2rpp_reverse,0.0,0.0
GLYALDtpp_reverse,0.0,0.0
DHPTPE_reverse,0.0,0.0
ASO3tex_reverse,0.0,0.0
MANGLYCtex_reverse,0.0,0.0
FRUURt2rpp_reverse,0.0,0.0
FRUURtex_reverse,0.0,0.0
GLYCAt2rpp_reverse,0.0,0.0
GLYCAtex_reverse,0.0,0.0
FALDH2_reverse,0.0,0.0
GLYCtpp_reverse,0.0,0.0
H2Otpp_reverse,47.16236480869452,0.0
HCINNMt2rpp_reverse,0.0,0.0
HISt2rpp_reverse,0.0,0.0
CBIAT_reverse,0.0,0.0
COBALT2tex_reverse,0.0,0.0
FALGTHLs_reverse,0.0,0.0
DIMPtex_reverse,0.0,0.0
GALURt2rpp_reverse,0.0,0.0
GLCNt2rpp_reverse,0.0,0.0
GLCRt2rpp_reverse,0.0,0.0
GLCURt2rpp_reverse,0.0,0.0
EX_h2o_e_reverse,0.0,0.0
XTSNtex_reverse,0.0,0.0
GLUDy_reverse,7.499494782138838,2.0816681711721685e-16
UREAtpp_reverse,0.0,0.0
PPPNt2rpp_reverse,0.0,0.0
PTRCORNt7pp_reverse,0.0,0.0
HG2tex_reverse,0.0,0.0
DADNtex_reverse,0.0,0.0
DHAtex_reverse,0.0,0.0
ETOHtex_reverse,0.0,0.0
HACD3_reverse,0.0,0.0
ACACtex_reverse,0.0,0.0
ACNAMtex_reverse,0.0,0.0
H2Stex_reverse,0.0,0.0
E4PD_reverse,0.0003911407576343702,0.0
EX_nh4_e_reverse,9.471495371048078,0.0
DADK_reverse,0.0,0.0
4PEPTtex_reverse,0.0,0.0
CRNCAR_reverse,0.0,0.0
GLYCLTt2rpp_reverse,0.0,0.0
HPPPNt2rpp_reverse,0.0,0.0
DHFR_reverse,0.0,0.0
TYRTA_reverse,0.12112997825943862,0.0
EX_mobd_e_reverse,6.138980500988788e-06,0.0
EX_so4_e_reverse,0.22084543853699956,0.0
PUNP4_reverse,0.0,0.0
AMAOTr_reverse,0.0,0.0
EX_k_e_reverse,0.17118371727564352,0.0
EX_na1_e_reverse,0.0,0.0
ARGORNt7pp_reverse,0.0,0.0
CU2tex_reverse,0.0,0.0
GLCATr_reverse,0.0,0.0
ALAALAr_reverse,0.0,0.0
CLtex_reverse,0.0,0.0
ACACT1r_reverse,0.0,0.0
SUCOAS_reverse,5.5096760182156,-1.1102230246251565e-16
GALKr_reverse,0.0,0.0
YUMPS_reverse,0.0,0.0
ADSL1r_reverse,0.0,0.0
AICART_reverse,0.0,-2.7755575615628914e-17
PROtex_reverse,0.0,0.0
SBTtex_reverse,0.0,0.0
PGM_reverse,15.598897532203502,0.0
TPI_reverse,0.0,0.0
RPI_reverse,1.430462519827622,0.0
PERD_reverse,0.0003911407576343702,0.0
AKGtex_reverse,0.0,0.0
ALLTNtex_reverse,0.0,0.0
ASNtex_reverse,0.0,0.0
EX_o2_e_reverse,22.131763238945883,0.0
ATHRDHr_reverse,0.0,0.0
LSERDHr_reverse,0.0,0.0
DSERDHr_reverse,0.0,0.0
TYMtex_reverse,0.0,0.0
CMPtex_reverse,0.0,0.0
DUMPtex_reverse,0.0,0.0
XMPtex_reverse,0.0,0.0
3PEPTtex_reverse,0.0,0.0
ANHGMtex_reverse,0.0,0.0
UDPKAAT_reverse,0.0,0.0
FALDtex_reverse,0.0,0.0
MLTP1_reverse,0.0,0.0
CYSDtex_reverse,0.0,0.0
G3PItex_reverse,0.0,0.0
G3PGtex_reverse,0.0,0.0
G3PEtex_reverse,0.0,0.0
G3PCtex_reverse,0.0,0.0
DAMPtex_reverse,0.0,0.0
DCMPtex_reverse,0.0,0.0
DGMPtex_reverse,0.0,0.0
DTMPtex_reverse,0.0,0.0
GMPtex_reverse,0.0,0.0
IMPtex_reverse,0.0,0.0
UMPtex_reverse,0.0,0.0
G1Ptex_reverse,0.0,0.0
SKMtex_reverse,0.0,0.0
MNtex_reverse,0.0,0.0
GAL1Ptex_reverse,0.0,0.0
O2Stex_reverse,0.0,0.0
HOMtex_reverse,0.0,0.0
SO2tex_reverse,0.0,0.0
SO2tpp_reverse,0.0,0.0
ACSERtex_reverse,0.0,0.0
IPDDI_reverse,0.0,0.0
DURADx_reverse,0.0,0.0
ECOAH7_reverse,0.0,0.0
LDH_D_reverse,0.0,0.0
ALAALAtex_reverse,0.0,0.0
T2DECAI_reverse,0.0,0.0
MALtex_reverse,0.0,0.0
NO3tex_reverse,0.0,0.0
HEXt2rpp_reverse,0.0,0.0
CLPNS180pp_reverse,0.0,0.0
CLPNS181pp_reverse,0.0,0.0
CLPNS120pp_reverse,0.0,0.0
CLPNS160pp_reverse,0.0,0.0
CLPNS161pp_reverse,0.0,0.0
HPYRI_reverse,0.0,0.0
GSNtex_reverse,0.0,0.0
FORtex_reverse,0.0,0.0
D_LACt2pp_reverse,0.0,0.0
RIBtex_reverse,0.0,0.0
THMtex_reverse,0.0,0.0
XYLUtex_reverse,0.0,0.0
ALLtex_reverse,0.0,0.0
34dhpactex_reverse,0.0,0.0
12PPDStpp_reverse,0.0,0.0
EX_cl_e_reverse,0.004564770501092378,0.0
H2tpp_reverse,0.0,0.0
23DAPPAtex_reverse,0.0,0.0
PHEt2rpp_reverse,0.0,0.0
GUI2_reverse,0.0,0.0
GLCtex_copy2_reverse,0.0,0.0
12PPDRtpp_reverse,0.0,0.0
3OAR120_reverse,0.0,0.0
PPALtex_reverse,0.0,0.0
CA2tex_reverse,0.0,0.0
CUtex_reverse,0.0,0.0
12PPDRtex_reverse,0.0,0.0
F6Ptex_reverse,0.0,0.0
GAMAN6Ptex_reverse,0.0,0.0
ACONIs_reverse,0.0,0.0
ACONTb_reverse,0.0,0.0
PPALtpp_reverse,0.0,0.0
PROGLYtex_reverse,0.0,0.0
MICITDr_reverse,0.0,0.0
ACONTa_reverse,0.0,0.0
3OAR140_reverse,0.0,0.0
3OAR160_reverse,0.0,0.0
CLPNS140pp_reverse,0.0,0.0
CLPNS141pp_reverse,0.0,6.245004513516506e-17
CGLYtex_reverse,0.0,0.0
3OAR60_reverse,0.0,0.0
3OAR80_reverse,0.0,0.0
GTHOXtex_reverse,0.0,0.0
3OAR40_reverse,0.0,0.0
3OAR100_reverse,0.0,0.0
3OAR180_reverse,0.0,0.0
GTHRDtex_reverse,0.0,0.0
ACOAD7f_reverse,0.11192940048288529,0.0
ACOAD8f_reverse,0.0,0.0
ACOAD5f_reverse,0.31210576867026996,0.0
ACOAD3f_reverse,0.31210576867026996,0.0
ACOAD2f_reverse,0.31210576867026996,0.0
ACOAD4f_reverse,0.31210576867026996,0.0
ACOAD6f_reverse,0.24385433745470547,0.0
EX_tungs_e_reverse,0.0,0.0
FRULYSE_reverse,0.0,0.0
TUNGStex_reverse,0.0,0.0
CAt6pp_reverse,0.004564770501092378,0.0
5DGLCNt2rpp_reverse,0.0,0.0
GALCTNLtex_reverse,0.0,0.0
MALDtex_reverse,0.0,0.0
OROTtex_reverse,0.0,0.0
5DGLCNtex_reverse,0.0,0.0
PPAtex_reverse,0.0,0.0
PSCLYStex_reverse,0.0,0.0
THYMtex_reverse,0.0,0.0
MG2t3_2pp_reverse,0.0,0.0
POR5_reverse,0.0,-5.551115123125783e-17
HACD8_reverse,0.0,0.0
CTECOAI8_reverse,0.0,0.0
CTECOAI6_reverse,0.0,0.0
EX_slnt_e_reverse,0.0,0.0
RFAMPtex_reverse,0.0,0.0
MINCYCtex_reverse,0.0,0.0
DOXRBCNtex_reverse,0.0,0.0
ETOHtrpp_reverse,0.0,0.0
REPHACCOAI_reverse,0.0,0.0
DHNPTE_reverse,0.0,0.0
CMtex_reverse,0.0,0.0
LALALGLUtex_reverse,0.0,0.0
5MTRtex_reverse,0.0,0.0
LALADGLUtex_reverse,0.0,0.0
3HPPtex_reverse,0.0,0.0
FUSAtex_reverse,0.0,0.0
NOVBCNtex_reverse,0.0,0.0
QUIN2tex_reverse,0.0,0.0
FORCT_reverse,0.0,-2.688821387764051e-17
HADPCOADH3_reverse,0.0,0.0
ACACT8r_reverse,0.0,0.0
CTECOAI7_reverse,0.1319249369718202,0.0
MEOHtrpp_reverse,1.7539944288539394e-06,0.0
SELtex_reverse,0.0,0.0
MEOHtex_reverse,1.7539944288539394e-06,0.0
TTRCYCtex_reverse,0.0,0.0
DHACOAH_reverse,0.0,0.0
SLNTtex_reverse,0.0,0.0
ALDD19xr_reverse,0.0,0.0
VPAMTr_reverse,0.5102755672310456,0.0
CH4tex_reverse,0.0,0.0
TARTRDtex_reverse,0.0,0.0
BTNtex_reverse,0.0,0.0
DMSOtpp_reverse,0.0,0.0
PYDXtex_reverse,0.0,0.0
SUCASPtpp_reverse,0.0,0.0
SUCMALtpp_reverse,0.0,0.0
PYDXNtex_reverse,0.0,0.0
PYDAMtex_reverse,0.0,0.0
13PPDH2_reverse,0.0,0.0
SUCTARTtpp_reverse,0.0,6.938893903907228e-18
CHTBStex_reverse,0.0,0.0
GHBDHx_reverse,0.0,-3.469446951953614e-17
APPLDHr_reverse,0.0,0.0
DHNPA2r_reverse,0.0,0.0
QUIN2tpp_reverse,0.0,0.0
CRNDtex_reverse,0.0,0.0
NADHXE_reverse,0.0,0.0
NADPHXE_reverse,0.0,0.0
DXYLONtpp_reverse,0.0,0.0
DXYLTD_reverse,0.0,0.0
2DDARAA_reverse,0.0,0.0
DXYLONtex_reverse,0.0,0.0
PSURItex_reverse,0.0,0.0
DHPStex_reverse,0.0,0.0
FMNtex_reverse,0.0,0.0
CLBtex_reverse,0.0,0.0
ACOXT_reverse,0.0,-5.377642775528102e-17
4ABZGLUH_reverse,0.0,0.0
4ABZGLUtr_reverse,0.0,0.0
PCNO_reverse,0.0,0.0
5DKGR_reverse,0.0,0.0
GLYtpp_reverse,0.0,0.0
FADtex_reverse,0.0,0.0
LKDRA_reverse,0.0,0.0
METNA_reverse,0.0,0.0
2DGLCtex_reverse,0.0,0.0
PUACGAMS_reverse,0.0,0.0
SQtex_reverse,0.0,0.0
URATEtex_reverse,0.0,0.0
ARHGDx_reverse,0.0,0.0
INOSTO_reverse,0.0,0.0
Ftex_reverse,0.0,0.0
CYSItex_reverse,0.0,0.0
CS1tex_reverse,0.0,0.0
MEPNtex_reverse,0.0,0.0
UDPGPT_reverse,0.0,0.0
4ABZGLUtex_reverse,0.0,0.0
4HTHRA_reverse,0.0005867111364515845,6.245004513516506e-17
METGLCURtex_reverse,0.0,0.0
AI2tex_reverse,0.0,0.0
RHMND_reverse,0.0,0.0
ASPtpp_reverse,0.0,0.0
FUMt1pp_reverse,0.0,0.0
SUCCt1pp_reverse,0.0,0.0
