,biomass,biomass_diff,biomass_diff_ratio
CHORS,0.3020696704628551,0.5749275439641146,0.6555637059118511
KARA1_reverse,0.3046998020311406,0.5722974123958291,0.652564686616215
ATPS4rpp,0.3564263413705955,0.5205708730563743,0.5935832685586299
PDH,0.8613463646768198,0.015650849750149964,0.01784595149526927
PSERT,0.8660102767181238,0.010986937708845956,0.012527904910193842
AKGDH,0.8762577626611239,0.0007394517658458888,0.0008431631864749385
AACPS3,0.8765057667574192,0.0004914476695505599,0.0005603754053787639
CS,0.8767797256049567,0.00021748882201311215,0.0002479926029813212
ACKr,0.8769972144265696,4.001243780749064e-13,4.562436134262386e-13
HMBS,0.8769972144266818,2.879918525877656e-13,3.2838399923076105e-13
MEPCT,0.8769972144266818,2.879918525877656e-13,3.2838399923076105e-13
PSP_Lpp,0.8769972144266818,2.879918525877656e-13,3.2838399923076105e-13
GPDDA4pp,0.8769972144266818,2.879918525877656e-13,3.2838399923076105e-13
ZNabcpp,0.8769972144266818,2.879918525877656e-13,3.2838399923076105e-13
ARABDI,0.8769972144266818,2.879918525877656e-13,3.2838399923076105e-13
TDP,0.8769972144266818,2.879918525877656e-13,3.2838399923076105e-13
CBLAT,0.8769972144266818,2.879918525877656e-13,3.2838399923076105e-13
MG2uabcpp,0.8769972144266818,2.879918525877656e-13,3.2838399923076105e-13
HCYSMT2,0.8769972144266818,2.879918525877656e-13,3.2838399923076105e-13
ACGK,0.8769972144266818,2.879918525877656e-13,3.2838399923076105e-13
GLBRAN2,0.8769972144266818,2.879918525877656e-13,3.2838399923076105e-13
ASR,0.8769972144266818,2.879918525877656e-13,3.2838399923076105e-13
FALDH2,0.8769972144266818,2.879918525877656e-13,3.2838399923076105e-13
CBIAT,0.8769972144266818,2.879918525877656e-13,3.2838399923076105e-13
PPA2,0.8769972144266818,2.879918525877656e-13,3.2838399923076105e-13
3NTD7pp,0.8769972144266818,2.879918525877656e-13,3.2838399923076105e-13
PAPSR2,0.8769972144266818,2.879918525877656e-13,3.2838399923076105e-13
3NTD2pp,0.8769972144266818,2.879918525877656e-13,3.2838399923076105e-13
3NTD9pp,0.8769972144266818,2.879918525877656e-13,3.2838399923076105e-13
23PDE7pp,0.8769972144266818,2.879918525877656e-13,3.2838399923076105e-13
HSTPT,0.8769972144266818,2.879918525877656e-13,3.2838399923076105e-13
GNK,0.8769972144266818,2.879918525877656e-13,3.2838399923076105e-13
3NTD4pp,0.8769972144266818,2.879918525877656e-13,3.2838399923076105e-13
PPGPPDP,0.8769972144266818,2.879918525877656e-13,3.2838399923076105e-13
GRXR,0.8769972144266818,2.879918525877656e-13,3.2838399923076105e-13
FACOAE140,0.8769972144266818,2.879918525877656e-13,3.2838399923076105e-13
ALLK,0.8769972144266818,2.879918525877656e-13,3.2838399923076105e-13
ALLPI,0.8769972144266818,2.879918525877656e-13,3.2838399923076105e-13
ARGDCpp,0.8769972144266818,2.879918525877656e-13,3.2838399923076105e-13
PEAMNOpp,0.8769972144266818,2.879918525877656e-13,3.2838399923076105e-13
NTD9pp,0.8769972144266818,2.879918525877656e-13,3.2838399923076105e-13
NTD7pp,0.8769972144266818,2.879918525877656e-13,3.2838399923076105e-13
NTD6pp,0.8769972144266818,2.879918525877656e-13,3.2838399923076105e-13
NTD5pp,0.8769972144266818,2.879918525877656e-13,3.2838399923076105e-13
NTD4pp,0.8769972144266818,2.879918525877656e-13,3.2838399923076105e-13
NTD3pp,0.8769972144266818,2.879918525877656e-13,3.2838399923076105e-13
NTD2pp,0.8769972144266818,2.879918525877656e-13,3.2838399923076105e-13
NTD1pp,0.8769972144266818,2.879918525877656e-13,3.2838399923076105e-13
NTD10pp,0.8769972144266818,2.879918525877656e-13,3.2838399923076105e-13
NTPP11,0.8769972144266818,2.879918525877656e-13,3.2838399923076105e-13
NTPP10,0.8769972144266818,2.879918525877656e-13,3.2838399923076105e-13
NTPP9,0.8769972144266818,2.879918525877656e-13,3.2838399923076105e-13
DNTPPA,0.8769972144266818,2.879918525877656e-13,3.2838399923076105e-13
GLUNpp,0.8769972144266818,2.879918525877656e-13,3.2838399923076105e-13
ASNNpp,0.8769972144266818,2.879918525877656e-13,3.2838399923076105e-13
GGPTRCS,0.8769972144266818,2.879918525877656e-13,3.2838399923076105e-13
MALTabcpp,0.8769972144266818,2.879918525877656e-13,3.2838399923076105e-13
GDPDPK,0.8769972144266818,2.879918525877656e-13,3.2838399923076105e-13
SARCOX,0.8769972144266818,2.879918525877656e-13,3.2838399923076105e-13
23PDE9pp,0.8769972144266818,2.879918525877656e-13,3.2838399923076105e-13
23PDE4pp,0.8769972144266818,2.879918525877656e-13,3.2838399923076105e-13
23PDE2pp,0.8769972144266818,2.879918525877656e-13,3.2838399923076105e-13
GPDDA2pp,0.8769972144266818,2.879918525877656e-13,3.2838399923076105e-13
FACOAE160,0.8769972144266818,2.879918525877656e-13,3.2838399923076105e-13
GPDDA3pp,0.8769972144266818,2.879918525877656e-13,3.2838399923076105e-13
MMCD,0.8769972144267262,2.4358293160275934e-13,2.777465282622551e-13
LPLIPAL2E180,0.8769972144267262,2.4358293160275934e-13,2.777465282622551e-13
DASYN141,0.8769972144267262,2.4358293160275934e-13,2.777465282622551e-13
DASYN180,0.8769972144267262,2.4358293160275934e-13,2.777465282622551e-13
DASYN140,0.8769972144267262,2.4358293160275934e-13,2.777465282622551e-13
G3PAT181,0.8769972144267262,2.4358293160275934e-13,2.777465282622551e-13
G3PAT141,0.8769972144267262,2.4358293160275934e-13,2.777465282622551e-13
EAR181y,0.8769972144267262,2.4358293160275934e-13,2.777465282622551e-13
EAR181x,0.8769972144267262,2.4358293160275934e-13,2.777465282622551e-13
EAR141x,0.8769972144267262,2.4358293160275934e-13,2.777465282622551e-13
LPLIPAL2A141,0.8769972144267262,2.4358293160275934e-13,2.777465282622551e-13
GTHS,0.8769972144267262,2.4358293160275934e-13,2.777465282622551e-13
AMALT2,0.8769972144267262,2.4358293160275934e-13,2.777465282622551e-13
MLTP1,0.8769972144267262,2.4358293160275934e-13,2.777465282622551e-13
HXAND,0.8769972144267262,2.4358293160275934e-13,2.777465282622551e-13
UDPGPpp,0.8769972144267262,2.4358293160275934e-13,2.777465282622551e-13
PPPGO,0.8769972144267262,2.4358293160275934e-13,2.777465282622551e-13
ADNK1,0.8769972144267262,2.4358293160275934e-13,2.777465282622551e-13
CYSSADS,0.8769972144267262,2.4358293160275934e-13,2.777465282622551e-13
CPPPGO2,0.8769972144267262,2.4358293160275934e-13,2.777465282622551e-13
SUCBZL,0.8769972144267262,2.4358293160275934e-13,2.777465282622551e-13
CYSDDS,0.8769972144267262,2.4358293160275934e-13,2.777465282622551e-13
NTP10,0.8769972144267262,2.4358293160275934e-13,2.777465282622551e-13
FACOAE120,0.8769972144267262,2.4358293160275934e-13,2.777465282622551e-13
3OAR120,0.8769972144267262,2.4358293160275934e-13,2.777465282622551e-13
3HAD80,0.8769972144267262,2.4358293160275934e-13,2.777465282622551e-13
GLCP2,0.8769972144267262,2.4358293160275934e-13,2.777465282622551e-13
EAR161y,0.8769972144267262,2.4358293160275934e-13,2.777465282622551e-13
3OAS181,0.8769972144267262,2.4358293160275934e-13,2.777465282622551e-13
MDDCP3pp,0.8769972144267262,2.4358293160275934e-13,2.777465282622551e-13
MDDCP2pp,0.8769972144267262,2.4358293160275934e-13,2.777465282622551e-13
OBTFL,0.8769972144267262,2.4358293160275934e-13,2.777465282622551e-13
GTHRDHpp,0.8769972144267262,2.4358293160275934e-13,2.777465282622551e-13
EAR121y,0.8769972144267262,2.4358293160275934e-13,2.777465282622551e-13
3OAR181,0.8769972144267262,2.4358293160275934e-13,2.777465282622551e-13
ASNS1,0.8769972144267262,2.4358293160275934e-13,2.777465282622551e-13
ACONTb,0.8769972144267262,2.4358293160275934e-13,2.777465282622551e-13
ATHRDHr,0.8769972144267262,2.4358293160275934e-13,2.777465282622551e-13
LALDO2x,0.8769972144267262,2.4358293160275934e-13,2.777465282622551e-13
CA2tex,0.8769972144267262,2.4358293160275934e-13,2.777465282622551e-13
PLIPA2A180pp,0.8769972144267262,2.4358293160275934e-13,2.777465282622551e-13
PLIPA2A141pp,0.8769972144267262,2.4358293160275934e-13,2.777465282622551e-13
PLIPA2A140pp,0.8769972144267262,2.4358293160275934e-13,2.777465282622551e-13
PGPP120,0.8769972144267262,2.4358293160275934e-13,2.777465282622551e-13
EAR180y,0.8769972144267262,2.4358293160275934e-13,2.777465282622551e-13
EAR180x,0.8769972144267262,2.4358293160275934e-13,2.777465282622551e-13
3HAD120,0.8769972144267262,2.4358293160275934e-13,2.777465282622551e-13
GPDDA4,0.8769972144267262,2.4358293160275934e-13,2.777465282622551e-13
AACPS6,0.8769972144267262,2.4358293160275934e-13,2.777465282622551e-13
PDX5POi,0.8769972144267262,2.4358293160275934e-13,2.777465282622551e-13
IPDDI,0.8769972144267262,2.4358293160275934e-13,2.777465282622551e-13
3OAR121,0.8769972144267262,2.4358293160275934e-13,2.777465282622551e-13
RPI,0.8769972144267262,2.4358293160275934e-13,2.777465282622551e-13
PERD,0.8769972144267262,2.4358293160275934e-13,2.777465282622551e-13
PYDAMK,0.8769972144267262,2.4358293160275934e-13,2.777465282622551e-13
FADRx2,0.8769972144267262,2.4358293160275934e-13,2.777465282622551e-13
PDE4,0.8769972144267262,2.4358293160275934e-13,2.777465282622551e-13
CFAS160G,0.8769972144267262,2.4358293160275934e-13,2.777465282622551e-13
ALAALAD,0.8769972144267262,2.4358293160275934e-13,2.777465282622551e-13
PGPP160pp,0.8769972144267262,2.4358293160275934e-13,2.777465282622551e-13
PGPP180pp,0.8769972144267262,2.4358293160275934e-13,2.777465282622551e-13
PLIPA1E180pp,0.8769972144267262,2.4358293160275934e-13,2.777465282622551e-13
FLVRx,0.8769972144267262,2.4358293160275934e-13,2.777465282622551e-13
FMNRx,0.8769972144267262,2.4358293160275934e-13,2.777465282622551e-13
DHBS,0.8769972144267262,2.4358293160275934e-13,2.777465282622551e-13
MDDCP1pp,0.8769972144267262,2.4358293160275934e-13,2.777465282622551e-13
GUI2,0.8769972144267262,2.4358293160275934e-13,2.777465282622551e-13
GLYCK,0.8769972144267262,2.4358293160275934e-13,2.777465282622551e-13
MLTG5,0.8769972144267262,2.4358293160275934e-13,2.777465282622551e-13
GPDDA3,0.8769972144267262,2.4358293160275934e-13,2.777465282622551e-13
SFGTHi,0.8769972144267262,2.4358293160275934e-13,2.777465282622551e-13
THIORDXi,0.8769972144267262,2.4358293160275934e-13,2.777465282622551e-13
3OAS141,0.8769972144267262,2.4358293160275934e-13,2.777465282622551e-13
FACOAE100,0.8769972144267262,2.4358293160275934e-13,2.777465282622551e-13
FACOAE180,0.8769972144267262,2.4358293160275934e-13,2.777465282622551e-13
AMALT4,0.8769972144267262,2.4358293160275934e-13,2.777465282622551e-13
PLIPA1E160pp,0.8769972144267262,2.4358293160275934e-13,2.777465282622551e-13
AACPS8,0.8769972144267262,2.4358293160275934e-13,2.777465282622551e-13
HXCT,0.8769972144267262,2.4358293160275934e-13,2.777465282622551e-13
DURADx,0.8769972144267262,2.4358293160275934e-13,2.777465282622551e-13
ECOAH7,0.8769972144267262,2.4358293160275934e-13,2.777465282622551e-13
G1PPpp,0.8769972144267262,2.4358293160275934e-13,2.777465282622551e-13
GALCTND,0.8769972144267262,2.4358293160275934e-13,2.777465282622551e-13
HISTP,0.8769972144267262,2.4358293160275934e-13,2.777465282622551e-13
LDH_D,0.8769972144267262,2.4358293160275934e-13,2.777465282622551e-13
NTD11,0.8769972144267262,2.4358293160275934e-13,2.777465282622551e-13
DASYN181,0.8769972144267262,2.4358293160275934e-13,2.777465282622551e-13
ORNDC,0.8769972144267262,2.4358293160275934e-13,2.777465282622551e-13
UPP3MT,0.8769972144267262,2.4358293160275934e-13,2.777465282622551e-13
G6PP,0.8769972144267262,2.4358293160275934e-13,2.777465282622551e-13
KAS15,0.8769972144267262,2.4358293160275934e-13,2.777465282622551e-13
3OAS161,0.8769972144267262,2.4358293160275934e-13,2.777465282622551e-13
EAR141y,0.8769972144267262,2.4358293160275934e-13,2.777465282622551e-13
EAR161x,0.8769972144267262,2.4358293160275934e-13,2.777465282622551e-13
DASYN160,0.8769972144267262,2.4358293160275934e-13,2.777465282622551e-13
DASYN161,0.8769972144267262,2.4358293160275934e-13,2.777465282622551e-13
G3PAT140,0.8769972144267262,2.4358293160275934e-13,2.777465282622551e-13
PPPGO3,0.8769972144267262,2.4358293160275934e-13,2.777465282622551e-13
GLNS,0.8769972144267262,2.4358293160275934e-13,2.777465282622551e-13
LSERDHr,0.8769972144267262,2.4358293160275934e-13,2.777465282622551e-13
RBP4E,0.8769972144268552,1.1457501614131615e-13,1.3064467509874533e-13
PPCDC,0.8769972144268552,1.1457501614131615e-13,1.3064467509874533e-13
NTPTP1,0.8769972144268552,1.1457501614131615e-13,1.3064467509874533e-13
IPMD,0.8769972144268552,1.1457501614131615e-13,1.3064467509874533e-13
AIRC3,0.8769972144268552,1.1457501614131615e-13,1.3064467509874533e-13
ADSL2r,0.8769972144268552,1.1457501614131615e-13,1.3064467509874533e-13
PUNP5,0.8769972144268552,1.1457501614131615e-13,1.3064467509874533e-13
PUNP6,0.8769972144268552,1.1457501614131615e-13,1.3064467509874533e-13
PUNP7,0.8769972144268552,1.1457501614131615e-13,1.3064467509874533e-13
RNDR1,0.8769972144268552,1.1457501614131615e-13,1.3064467509874533e-13
RNDR3,0.8769972144268552,1.1457501614131615e-13,1.3064467509874533e-13
RNDR4,0.8769972144268552,1.1457501614131615e-13,1.3064467509874533e-13
TMDS,0.8769972144268552,1.1457501614131615e-13,1.3064467509874533e-13
TMDK1,0.8769972144268552,1.1457501614131615e-13,1.3064467509874533e-13
DHQTi,0.8769972144268552,1.1457501614131615e-13,1.3064467509874533e-13
NTPP1,0.8769972144268552,1.1457501614131615e-13,1.3064467509874533e-13
PUNP1,0.8769972144268552,1.1457501614131615e-13,1.3064467509874533e-13
PUNP2,0.8769972144268552,1.1457501614131615e-13,1.3064467509874533e-13
PUNP3,0.8769972144268552,1.1457501614131615e-13,1.3064467509874533e-13
LYSAM,0.8769972144268552,1.1457501614131615e-13,1.3064467509874533e-13
DHAD1,0.8769972144268552,1.1457501614131615e-13,1.3064467509874533e-13
IPPMIa,0.8769972144268552,1.1457501614131615e-13,1.3064467509874533e-13
G3PD7,0.8769972144268552,1.1457501614131615e-13,1.3064467509874533e-13
MDH,0.8769972144268552,1.1457501614131615e-13,1.3064467509874533e-13
FUM,0.8769972144268552,1.1457501614131615e-13,1.3064467509874533e-13
PYDXNK,0.8769972144268552,1.1457501614131615e-13,1.3064467509874533e-13
PYAM5PO,0.8769972144268552,1.1457501614131615e-13,1.3064467509874533e-13
OHPBAT,0.8769972144268552,1.1457501614131615e-13,1.3064467509874533e-13
GLUTRR,0.8769972144268552,1.1457501614131615e-13,1.3064467509874533e-13
NTPP2,0.8769972144268552,1.1457501614131615e-13,1.3064467509874533e-13
UDCPDPS,0.8769972144268552,1.1457501614131615e-13,1.3064467509874533e-13
TDSK,0.8769972144268552,1.1457501614131615e-13,1.3064467509874533e-13
ADMDC,0.8769972144268552,1.1457501614131615e-13,1.3064467509874533e-13
TKT1,0.8769972144268552,1.1457501614131615e-13,1.3064467509874533e-13
G6PDA,0.8769972144268552,1.1457501614131615e-13,1.3064467509874533e-13
ALCD2x,0.8769972144268552,1.1457501614131615e-13,1.3064467509874533e-13
ALDD2y,0.8769972144268552,1.1457501614131615e-13,1.3064467509874533e-13
RMI,0.8769972144268552,1.1457501614131615e-13,1.3064467509874533e-13
FMNAT,0.8769972144268552,1.1457501614131615e-13,1.3064467509874533e-13
NADDP,0.8769972144268552,1.1457501614131615e-13,1.3064467509874533e-13
NMNAT,0.8769972144268552,1.1457501614131615e-13,1.3064467509874533e-13
HMPK1,0.8769972144268552,1.1457501614131615e-13,1.3064467509874533e-13
NDPK6,0.8769972144268552,1.1457501614131615e-13,1.3064467509874533e-13
NDPK8,0.8769972144268552,1.1457501614131615e-13,1.3064467509874533e-13
PYNP2r,0.8769972144268552,1.1457501614131615e-13,1.3064467509874533e-13
DURIPP,0.8769972144268552,1.1457501614131615e-13,1.3064467509874533e-13
CYSDS,0.8769972144268552,1.1457501614131615e-13,1.3064467509874533e-13
TRPAS2,0.8769972144268552,1.1457501614131615e-13,1.3064467509874533e-13
NDP3,0.8769972144268552,1.1457501614131615e-13,1.3064467509874533e-13
CDPPH,0.8769972144268552,1.1457501614131615e-13,1.3064467509874533e-13
NDP7,0.8769972144268552,1.1457501614131615e-13,1.3064467509874533e-13
PMDPHT,0.8769972144268552,1.1457501614131615e-13,1.3064467509874533e-13
ILETA,0.8769972144268552,1.1457501614131615e-13,1.3064467509874533e-13
VALTA,0.8769972144268552,1.1457501614131615e-13,1.3064467509874533e-13
ORPT,0.8769972144268552,1.1457501614131615e-13,1.3064467509874533e-13
RBFSa,0.8769972144268552,1.1457501614131615e-13,1.3064467509874533e-13
DHAD2,0.8769972144268552,1.1457501614131615e-13,1.3064467509874533e-13
G1PP,0.8769972144268552,1.1457501614131615e-13,1.3064467509874533e-13
PFL,0.8769972144268552,1.1457501614131615e-13,1.3064467509874533e-13
PTAr,0.8769972144268552,1.1457501614131615e-13,1.3064467509874533e-13
GLCS1,0.8769972144268552,1.1457501614131615e-13,1.3064467509874533e-13
AGMT,0.8769972144268552,1.1457501614131615e-13,1.3064467509874533e-13
NTD2,0.8769972144268552,1.1457501614131615e-13,1.3064467509874533e-13
XYLI2,0.8769972144268552,1.1457501614131615e-13,1.3064467509874533e-13
GTPCII2,0.8769972144268552,1.1457501614131615e-13,1.3064467509874533e-13
PYDXK,0.8769972144268552,1.1457501614131615e-13,1.3064467509874533e-13
GOFUCR,0.8769972144268552,1.1457501614131615e-13,1.3064467509874533e-13
G3PT,0.8769972144268552,1.1457501614131615e-13,1.3064467509874533e-13
PPC,0.8769972144268552,1.1457501614131615e-13,1.3064467509874533e-13
XYLI1,0.8769972144268552,1.1457501614131615e-13,1.3064467509874533e-13
TRE6PH,0.8769972144268552,1.1457501614131615e-13,1.3064467509874533e-13
LACZ,0.8769972144268552,1.1457501614131615e-13,1.3064467509874533e-13
UDPG4E,0.8769972144268552,1.1457501614131615e-13,1.3064467509874533e-13
HCYSMT,0.8769972144268552,1.1457501614131615e-13,1.3064467509874533e-13
GLYCL,0.8769972144268552,1.1457501614131615e-13,1.3064467509874533e-13
ICL,0.8769972144268552,1.1457501614131615e-13,1.3064467509874533e-13
PMANM,0.8769972144268552,1.1457501614131615e-13,1.3064467509874533e-13
DDGLK,0.8769972144268552,1.1457501614131615e-13,1.3064467509874533e-13
ICHORT,0.8769972144268552,1.1457501614131615e-13,1.3064467509874533e-13
RBK_L1,0.8769972144268552,1.1457501614131615e-13,1.3064467509874533e-13
DXPS,0.8769972144268552,1.1457501614131615e-13,1.3064467509874533e-13
UGLT,0.8769972144268552,1.1457501614131615e-13,1.3064467509874533e-13
ECOAH3,0.8769972144268552,1.1457501614131615e-13,1.3064467509874533e-13
ECOAH2,0.8769972144268552,1.1457501614131615e-13,1.3064467509874533e-13
ECOAH1,0.8769972144268552,1.1457501614131615e-13,1.3064467509874533e-13
HACD6,0.8769972144268552,1.1457501614131615e-13,1.3064467509874533e-13
PDXPP,0.8769972144268552,1.1457501614131615e-13,1.3064467509874533e-13
PYDXPP,0.8769972144268552,1.1457501614131615e-13,1.3064467509874533e-13
LGTHL,0.8769972144268552,1.1457501614131615e-13,1.3064467509874533e-13
NTD6,0.8769972144268552,1.1457501614131615e-13,1.3064467509874533e-13
NTD5,0.8769972144268552,1.1457501614131615e-13,1.3064467509874533e-13
NTD4,0.8769972144268552,1.1457501614131615e-13,1.3064467509874533e-13
SADT2,0.8769972144268552,1.1457501614131615e-13,1.3064467509874533e-13
DHBD,0.8769972144268552,1.1457501614131615e-13,1.3064467509874533e-13
ARGDC,0.8769972144268552,1.1457501614131615e-13,1.3064467509874533e-13
HPPK2,0.8769972144268552,1.1457501614131615e-13,1.3064467509874533e-13
SPMS,0.8769972144268552,1.1457501614131615e-13,1.3064467509874533e-13
G1SAT,0.8769972144268552,1.1457501614131615e-13,1.3064467509874533e-13
KDOCT2,0.8769972144268552,1.1457501614131615e-13,1.3064467509874533e-13
OAADC,0.8769972144268552,1.1457501614131615e-13,1.3064467509874533e-13
MNNH,0.8769972144268552,1.1457501614131615e-13,1.3064467509874533e-13
GUI1,0.8769972144268552,1.1457501614131615e-13,1.3064467509874533e-13
PGAMT,0.8769972144268552,1.1457501614131615e-13,1.3064467509874533e-13
UAGDP,0.8769972144268552,1.1457501614131615e-13,1.3064467509874533e-13
UAGCVT,0.8769972144268552,1.1457501614131615e-13,1.3064467509874533e-13
GLUR,0.8769972144268552,1.1457501614131615e-13,1.3064467509874533e-13
UAG2E,0.8769972144268552,1.1457501614131615e-13,1.3064467509874533e-13
ICHORS_copy1,0.8769972144268552,1.1457501614131615e-13,1.3064467509874533e-13
HACD5,0.8769972144268552,1.1457501614131615e-13,1.3064467509874533e-13
PTPATi,0.8769972144268552,1.1457501614131615e-13,1.3064467509874533e-13
SUCBZS,0.8769972144268552,1.1457501614131615e-13,1.3064467509874533e-13
HEX7,0.8769972144268552,1.1457501614131615e-13,1.3064467509874533e-13
DXPRIi,0.8769972144268552,1.1457501614131615e-13,1.3064467509874533e-13
GHMT2r,0.8769972144268552,1.1457501614131615e-13,1.3064467509874533e-13
ABTA,0.8769972144268552,1.1457501614131615e-13,1.3064467509874533e-13
SSALx,0.8769972144268552,1.1457501614131615e-13,1.3064467509874533e-13
ASPT,0.8769972144268552,1.1457501614131615e-13,1.3064467509874533e-13
SERD_L,0.8769972144268552,1.1457501614131615e-13,1.3064467509874533e-13
THRD,0.8769972144268552,1.1457501614131615e-13,1.3064467509874533e-13
KARA1,0.8769972144268552,1.1457501614131615e-13,1.3064467509874533e-13
KARA2,0.8769972144268552,1.1457501614131615e-13,1.3064467509874533e-13
ACCOAC,0.8769972144268552,1.1457501614131615e-13,1.3064467509874533e-13
NADK,0.8769972144268552,1.1457501614131615e-13,1.3064467509874533e-13
ICHORS_copy2,0.8769972144268552,1.1457501614131615e-13,1.3064467509874533e-13
MECDPS,0.8769972144268552,1.1457501614131615e-13,1.3064467509874533e-13
NNDPR,0.8769972144268596,1.1013412404281553e-13,1.2558092800189475e-13
EDTXS1,0.8769972144268596,1.1013412404281553e-13,1.2558092800189475e-13
HACD7,0.8769972144268596,1.1013412404281553e-13,1.2558092800189475e-13
SDPDS,0.8769972144268596,1.1013412404281553e-13,1.2558092800189475e-13
DKGLCNR2y,0.8769972144268596,1.1013412404281553e-13,1.2558092800189475e-13
NTD9,0.8769972144268596,1.1013412404281553e-13,1.2558092800189475e-13
NTD10,0.8769972144268596,1.1013412404281553e-13,1.2558092800189475e-13
ADPT,0.8769972144268596,1.1013412404281553e-13,1.2558092800189475e-13
ADK1,0.8769972144268596,1.1013412404281553e-13,1.2558092800189475e-13
OCTDPS,0.8769972144268596,1.1013412404281553e-13,1.2558092800189475e-13
AACPS2,0.8769972144268596,1.1013412404281553e-13,1.2558092800189475e-13
HACD4,0.8769972144268596,1.1013412404281553e-13,1.2558092800189475e-13
AACPS1,0.8769972144268596,1.1013412404281553e-13,1.2558092800189475e-13
KAS14,0.8769972144268596,1.1013412404281553e-13,1.2558092800189475e-13
GLCRAL,0.8769972144268596,1.1013412404281553e-13,1.2558092800189475e-13
GLXCL,0.8769972144268596,1.1013412404281553e-13,1.2558092800189475e-13
PGLYCP,0.8769972144268596,1.1013412404281553e-13,1.2558092800189475e-13
TGBPA,0.8769972144268596,1.1013412404281553e-13,1.2558092800189475e-13
PFK_2,0.8769972144268596,1.1013412404281553e-13,1.2558092800189475e-13
RMPA,0.8769972144268596,1.1013412404281553e-13,1.2558092800189475e-13
ALCD19,0.8769972144268596,1.1013412404281553e-13,1.2558092800189475e-13
RPE_reverse,0.8769972144268967,7.30526750203353e-14,8.329863974319228e-14
ALAR_reverse,0.8769972144268967,7.30526750203353e-14,8.329863974319228e-14
ACALD_reverse,0.8769972144268967,7.30526750203353e-14,8.329863974319228e-14
PGK_reverse,0.8769972144268967,7.30526750203353e-14,8.329863974319228e-14
PSCVT_reverse,0.8769972144268967,7.30526750203353e-14,8.329863974319228e-14
PPM_reverse,0.8769972144268967,7.30526750203353e-14,8.329863974319228e-14
ASPTA_reverse,0.8769972144268967,7.30526750203353e-14,8.329863974319228e-14
A5PISO_reverse,0.8769972144268967,7.30526750203353e-14,8.329863974319228e-14
IPPMIb_reverse,0.8769972144268967,7.30526750203353e-14,8.329863974319228e-14
ALATA_L_reverse,0.8769972144268967,7.30526750203353e-14,8.329863974319228e-14
ECOAH6_reverse,0.8769972144268967,7.30526750203353e-14,8.329863974319228e-14
FBA_reverse,0.8769972144268967,7.30526750203353e-14,8.329863974319228e-14
PGI_reverse,0.8769972144268967,7.30526750203353e-14,8.329863974319228e-14
ENO_reverse,0.8769972144268967,7.30526750203353e-14,8.329863974319228e-14
PLIPA1A141pp,0.876997214426915,5.473399511402022e-14,6.241068296868358e-14
FA141ACPHi,0.876997214426915,5.473399511402022e-14,6.241068296868358e-14
FA161ACPHi,0.876997214426915,5.473399511402022e-14,6.241068296868358e-14
NADH17pp,0.876997214426915,5.473399511402022e-14,6.241068296868358e-14
LPLIPAL2A120,0.876997214426915,5.473399511402022e-14,6.241068296868358e-14
PLIPA1A180pp,0.876997214426915,5.473399511402022e-14,6.241068296868358e-14
PLIPA1A160pp,0.876997214426915,5.473399511402022e-14,6.241068296868358e-14
PLIPA1A120pp,0.876997214426915,5.473399511402022e-14,6.241068296868358e-14
PLIPA1A140pp,0.876997214426915,5.473399511402022e-14,6.241068296868358e-14
LPLIPAL2A180,0.876997214426915,5.473399511402022e-14,6.241068296868358e-14
LPLIPAL2A160,0.876997214426915,5.473399511402022e-14,6.241068296868358e-14
LPLIPAL2A140,0.876997214426915,5.473399511402022e-14,6.241068296868358e-14
DTARTD,0.876997214426915,5.473399511402022e-14,6.241068296868358e-14
OXCDC,0.876997214426915,5.473399511402022e-14,6.241068296868358e-14
FA140ACPHi,0.876997214426915,5.473399511402022e-14,6.241068296868358e-14
FA160ACPHi,0.876997214426915,5.473399511402022e-14,6.241068296868358e-14
DHACOAH,0.876997214426915,5.473399511402022e-14,6.241068296868358e-14
LPLIPAL1A160pp,0.876997214426915,5.473399511402022e-14,6.241068296868358e-14
LIPATPT,0.876997214426915,5.473399511402022e-14,6.241068296868358e-14
DHPTDNR,0.876997214426915,5.473399511402022e-14,6.241068296868358e-14
PYK4,0.876997214426915,5.473399511402022e-14,6.241068296868358e-14
PYK3,0.876997214426915,5.473399511402022e-14,6.241068296868358e-14
PYK2,0.876997214426915,5.473399511402022e-14,6.241068296868358e-14
DHNPA2r,0.876997214426915,5.473399511402022e-14,6.241068296868358e-14
APPLDHr,0.876997214426915,5.473399511402022e-14,6.241068296868358e-14
GHBDHx,0.876997214426915,5.473399511402022e-14,6.241068296868358e-14
APCS,0.876997214426915,5.473399511402022e-14,6.241068296868358e-14
3OXCOAT,0.876997214426915,5.473399511402022e-14,6.241068296868358e-14
ALDD19xr,0.876997214426915,5.473399511402022e-14,6.241068296868358e-14
GDPTPDP,0.876997214426915,5.473399511402022e-14,6.241068296868358e-14
INOSTO,0.876997214426915,5.473399511402022e-14,6.241068296868358e-14
FOMETRi,0.876997214426915,5.473399511402022e-14,6.241068296868358e-14
THFAT,0.876997214426915,5.473399511402022e-14,6.241068296868358e-14
PMEACPE,0.876997214426915,5.473399511402022e-14,6.241068296868358e-14
EGMEACPR,0.876997214426915,5.473399511402022e-14,6.241068296868358e-14
OGMEACPD,0.876997214426915,5.473399511402022e-14,6.241068296868358e-14
AOXSr2,0.876997214426915,5.473399511402022e-14,6.241068296868358e-14
EPMEACPR,0.876997214426915,5.473399511402022e-14,6.241068296868358e-14
OPMEACPD,0.876997214426915,5.473399511402022e-14,6.241068296868358e-14
CTECOAI7,0.876997214426915,5.473399511402022e-14,6.241068296868358e-14
THRA,0.876997214426915,5.473399511402022e-14,6.241068296868358e-14
PCNO,0.876997214426915,5.473399511402022e-14,6.241068296868358e-14
DHPTDNRN,0.876997214426915,5.473399511402022e-14,6.241068296868358e-14
CYSTA,0.876997214426915,5.473399511402022e-14,6.241068296868358e-14
HADPCOADH3,0.876997214426915,5.473399511402022e-14,6.241068296868358e-14
GLDBRAN2,0.876997214426915,5.473399511402022e-14,6.241068296868358e-14
HACD8,0.876997214426915,5.473399511402022e-14,6.241068296868358e-14
CTECOAI8,0.876997214426915,5.473399511402022e-14,6.241068296868358e-14
CTECOAI6,0.876997214426915,5.473399511402022e-14,6.241068296868358e-14
MPTAT,0.876997214426915,5.473399511402022e-14,6.241068296868358e-14
CDGR,0.876997214426915,5.473399511402022e-14,6.241068296868358e-14
MSAR,0.876997214426915,5.473399511402022e-14,6.241068296868358e-14
SHCHCS3,0.876997214426915,5.473399511402022e-14,6.241068296868358e-14
GTHPi,0.876997214426915,5.473399511402022e-14,6.241068296868358e-14
ACOAD1f,0.876997214426915,5.473399511402022e-14,6.241068296868358e-14
FORCT,0.876997214426915,5.473399511402022e-14,6.241068296868358e-14
SEPHCHCS,0.876997214426915,5.473399511402022e-14,6.241068296868358e-14
DHORTS_reverse,0.876997214426915,5.473399511402022e-14,6.241068296868358e-14
MAN6PI_reverse,0.876997214426915,5.473399511402022e-14,6.241068296868358e-14
QUINDH,0.876997214426915,5.473399511402022e-14,6.241068296868358e-14
NDPK5_reverse,0.876997214426915,5.473399511402022e-14,6.241068296868358e-14
SHK3Dr_reverse,0.876997214426915,5.473399511402022e-14,6.241068296868358e-14
GTHOr_reverse,0.876997214426915,5.473399511402022e-14,6.241068296868358e-14
TMDPP_reverse,0.876997214426915,5.473399511402022e-14,6.241068296868358e-14
HCO3E_reverse,0.876997214426915,5.473399511402022e-14,6.241068296868358e-14
IMPC_reverse,0.876997214426915,5.473399511402022e-14,6.241068296868358e-14
ECOAH4_reverse,0.876997214426915,5.473399511402022e-14,6.241068296868358e-14
DHAPT,0.8769972144269331,3.6637359812630166e-14,4.17759135490174e-14
UMPK,0.876997214426946,2.375877272697835e-14,2.709104696815068e-14
DDPGALA,0.876997214426946,2.375877272697835e-14,2.709104696815068e-14
NTD1,0.876997214426946,2.375877272697835e-14,2.709104696815068e-14
DURIK1,0.876997214426946,2.375877272697835e-14,2.709104696815068e-14
UPPRT,0.876997214426946,2.375877272697835e-14,2.709104696815068e-14
CTPS2,0.876997214426946,2.375877272697835e-14,2.709104696815068e-14
HPYRRy,0.876997214426946,2.375877272697835e-14,2.709104696815068e-14
NTD7,0.876997214426946,2.375877272697835e-14,2.709104696815068e-14
DDPA,0.876997214426946,2.375877272697835e-14,2.709104696815068e-14
NNAM,0.876997214426946,2.375877272697835e-14,2.709104696815068e-14
P5CD,0.876997214426946,2.375877272697835e-14,2.709104696815068e-14
SPMDAT1,0.876997214426946,2.375877272697835e-14,2.709104696815068e-14
SPMDAT2,0.876997214426946,2.375877272697835e-14,2.709104696815068e-14
MALS,0.876997214426946,2.375877272697835e-14,2.709104696815068e-14
TRE6PP,0.876997214426946,2.375877272697835e-14,2.709104696815068e-14
ADPRDP,0.876997214426946,2.375877272697835e-14,2.709104696815068e-14
ARAI,0.876997214426946,2.375877272697835e-14,2.709104696815068e-14
M1PD,0.876997214426946,2.375877272697835e-14,2.709104696815068e-14
GALS3,0.876997214426946,2.375877272697835e-14,2.709104696815068e-14
FCI,0.876997214426946,2.375877272697835e-14,2.709104696815068e-14
FCLPA,0.876997214426946,2.375877272697835e-14,2.709104696815068e-14
ACCOAL,0.876997214426946,2.375877272697835e-14,2.709104696815068e-14
GALUi,0.876997214426946,2.375877272697835e-14,2.709104696815068e-14
U23GAAT,0.876997214426946,2.375877272697835e-14,2.709104696815068e-14
UAAGDS,0.876997214426946,2.375877272697835e-14,2.709104696815068e-14
UAMAS,0.876997214426946,2.375877272697835e-14,2.709104696815068e-14
UAMAGS,0.876997214426946,2.375877272697835e-14,2.709104696815068e-14
UGLYCH,0.876997214426946,2.375877272697835e-14,2.709104696815068e-14
OP4ENH,0.876997214426946,2.375877272697835e-14,2.709104696815068e-14
HOPNTAL,0.876997214426946,2.375877272697835e-14,2.709104696815068e-14
NMNDA,0.876997214426946,2.375877272697835e-14,2.709104696815068e-14
HSST,0.876997214426946,2.375877272697835e-14,2.709104696815068e-14
PAPPT3,0.876997214426946,2.375877272697835e-14,2.709104696815068e-14
ASNN,0.876997214426946,2.375877272697835e-14,2.709104696815068e-14
UAGPT3,0.876997214426946,2.375877272697835e-14,2.709104696815068e-14
GLYCLTDx,0.876997214426946,2.375877272697835e-14,2.709104696815068e-14
ACODA,0.876997214426946,2.375877272697835e-14,2.709104696815068e-14
ADA,0.876997214426946,2.375877272697835e-14,2.709104696815068e-14
DADA,0.876997214426946,2.375877272697835e-14,2.709104696815068e-14
ADD,0.876997214426946,2.375877272697835e-14,2.709104696815068e-14
THRS,0.876997214426946,2.375877272697835e-14,2.709104696815068e-14
AGDC,0.876997214426946,2.375877272697835e-14,2.709104696815068e-14
ADSS,0.876997214426946,2.375877272697835e-14,2.709104696815068e-14
ASNS2,0.876997214426946,2.375877272697835e-14,2.709104696815068e-14
ASPCT,0.876997214426946,2.375877272697835e-14,2.709104696815068e-14
DMPPS,0.876997214426946,2.375877272697835e-14,2.709104696815068e-14
MCOATA,0.876997214426946,2.375877272697835e-14,2.709104696815068e-14
IPDPS,0.876997214426946,2.375877272697835e-14,2.709104696815068e-14
DAPE,0.876997214426946,2.375877272697835e-14,2.709104696815068e-14
HSK,0.876997214426946,2.375877272697835e-14,2.709104696815068e-14
SDPTA,0.876997214426946,2.375877272697835e-14,2.709104696815068e-14
PPNDH,0.876997214426946,2.375877272697835e-14,2.709104696815068e-14
IGPS,0.8769972144269491,2.0650148258027912e-14,2.3546424000355263e-14
ECOAH6,0.8769972144269491,2.0650148258027912e-14,2.3546424000355263e-14
ENO,0.8769972144269491,2.0650148258027912e-14,2.3546424000355263e-14
FBA,0.8769972144269491,2.0650148258027912e-14,2.3546424000355263e-14
PGL,0.8769972144269491,2.0650148258027912e-14,2.3546424000355263e-14
MGSA,0.8769972144269491,2.0650148258027912e-14,2.3546424000355263e-14
PGK,0.8769972144269491,2.0650148258027912e-14,2.3546424000355263e-14
PGI,0.8769972144269491,2.0650148258027912e-14,2.3546424000355263e-14
PPS,0.8769972144269491,2.0650148258027912e-14,2.3546424000355263e-14
EDA,0.8769972144269491,2.0650148258027912e-14,2.3546424000355263e-14
RPE,0.8769972144269491,2.0650148258027912e-14,2.3546424000355263e-14
GSPMDA,0.8769972144269589,1.0880185641326534e-14,1.2406180387283956e-14
KDOPP,0.8769972144269589,1.0880185641326534e-14,1.2406180387283956e-14
TDPDRR,0.8769972144269589,1.0880185641326534e-14,1.2406180387283956e-14
ALLTN,0.8769972144269589,1.0880185641326534e-14,1.2406180387283956e-14
UAPGR,0.8769972144269589,1.0880185641326534e-14,1.2406180387283956e-14
NDPK7,0.8769972144269589,1.0880185641326534e-14,1.2406180387283956e-14
GLYAT,0.8769972144269589,1.0880185641326534e-14,1.2406180387283956e-14
ADNUC,0.8769972144269589,1.0880185641326534e-14,1.2406180387283956e-14
S7PI,0.8769972144269589,1.0880185641326534e-14,1.2406180387283956e-14
TRPS3,0.8769972144269589,1.0880185641326534e-14,1.2406180387283956e-14
FADRx,0.8769972144269589,1.0880185641326534e-14,1.2406180387283956e-14
TDPDRE,0.8769972144269589,1.0880185641326534e-14,1.2406180387283956e-14
NDPK2,0.8769972144269589,1.0880185641326534e-14,1.2406180387283956e-14
NDPK3,0.8769972144269589,1.0880185641326534e-14,1.2406180387283956e-14
NDPK4,0.8769972144269589,1.0880185641326534e-14,1.2406180387283956e-14
FCLT,0.8769972144269589,1.0880185641326534e-14,1.2406180387283956e-14
PNTK,0.8769972144269589,1.0880185641326534e-14,1.2406180387283956e-14
DPCOAK,0.8769972144269589,1.0880185641326534e-14,1.2406180387283956e-14
KDOPS,0.8769972144269589,1.0880185641326534e-14,1.2406180387283956e-14
GTPDPK,0.8769972144269589,1.0880185641326534e-14,1.2406180387283956e-14
UDPGALM,0.8769972144269589,1.0880185641326534e-14,1.2406180387283956e-14
TDPGDH,0.8769972144269589,1.0880185641326534e-14,1.2406180387283956e-14
GSPMDS,0.8769972144269589,1.0880185641326534e-14,1.2406180387283956e-14
AMANK,0.8769972144269589,1.0880185641326534e-14,1.2406180387283956e-14
ACNML,0.8769972144269589,1.0880185641326534e-14,1.2406180387283956e-14
CAT,0.8769972144269589,1.0880185641326534e-14,1.2406180387283956e-14
DDGALK,0.8769972144269589,1.0880185641326534e-14,1.2406180387283956e-14
AB6PGH,0.8769972144269589,1.0880185641326534e-14,1.2406180387283956e-14
AMALT1,0.8769972144269589,1.0880185641326534e-14,1.2406180387283956e-14
MLTP2,0.8769972144269589,1.0880185641326534e-14,1.2406180387283956e-14
PACCOAL,0.8769972144269589,1.0880185641326534e-14,1.2406180387283956e-14
TRE6PS,0.8769972144269589,1.0880185641326534e-14,1.2406180387283956e-14
TREH,0.8769972144269589,1.0880185641326534e-14,1.2406180387283956e-14
CYTK1,0.8769972144269589,1.0880185641326534e-14,1.2406180387283956e-14
CYTK2,0.8769972144269589,1.0880185641326534e-14,1.2406180387283956e-14
GK1,0.8769972144269589,1.0880185641326534e-14,1.2406180387283956e-14
HACD1,0.8769972144269589,1.0880185641326534e-14,1.2406180387283956e-14
HACD2,0.8769972144269589,1.0880185641326534e-14,1.2406180387283956e-14
ACACCT,0.8769972144269589,1.0880185641326534e-14,1.2406180387283956e-14
BUTCT,0.8769972144269589,1.0880185641326534e-14,1.2406180387283956e-14
G1PTT,0.8769972144269589,1.0880185641326534e-14,1.2406180387283956e-14
DGK1,0.8769972144269589,1.0880185641326534e-14,1.2406180387283956e-14
GUAD,0.8769972144269589,1.0880185641326534e-14,1.2406180387283956e-14
DTMPK,0.8769972144269589,1.0880185641326534e-14,1.2406180387283956e-14
ADCS,0.8769972144269589,1.0880185641326534e-14,1.2406180387283956e-14
AMPN,0.8769972144269589,1.0880185641326534e-14,1.2406180387283956e-14
ACPS1,0.8769972144269589,1.0880185641326534e-14,1.2406180387283956e-14
FMNRx2,0.8769972144269589,1.0880185641326534e-14,1.2406180387283956e-14
NADTRHD,0.8769972144269589,1.0880185641326534e-14,1.2406180387283956e-14
MLTG3,0.8769972144269589,1.0880185641326534e-14,1.2406180387283956e-14
GMPS2,0.8769972144269589,1.0880185641326534e-14,1.2406180387283956e-14
NDPK1,0.8769972144269589,1.0880185641326534e-14,1.2406180387283956e-14
TRDR,0.8769972144269589,1.0880185641326534e-14,1.2406180387283956e-14
PGMT,0.8769972144269589,1.0880185641326534e-14,1.2406180387283956e-14
RHCCE,0.8769972144269589,1.0880185641326534e-14,1.2406180387283956e-14
KG6PDC,0.8769972144269589,1.0880185641326534e-14,1.2406180387283956e-14
BETALDHx,0.8769972144269589,1.0880185641326534e-14,1.2406180387283956e-14
BETALDHy,0.8769972144269589,1.0880185641326534e-14,1.2406180387283956e-14
NTP5,0.87699721442696,9.769962616701378e-15,1.1140243613071308e-14
PRAIi,0.87699721442696,9.769962616701378e-15,1.1140243613071308e-14
THRD_L,0.87699721442696,9.769962616701378e-15,1.1140243613071308e-14
NAMNPP,0.87699721442696,9.769962616701378e-15,1.1140243613071308e-14
DHFR,0.87699721442696,9.769962616701378e-15,1.1140243613071308e-14
GLUSy,0.87699721442696,9.769962616701378e-15,1.1140243613071308e-14
TYRTA,0.87699721442696,9.769962616701378e-15,1.1140243613071308e-14
SHKK,0.87699721442696,9.769962616701378e-15,1.1140243613071308e-14
MTAN,0.87699721442696,9.769962616701378e-15,1.1140243613071308e-14
GUAPRT,0.87699721442696,9.769962616701378e-15,1.1140243613071308e-14
DPR,0.87699721442696,9.769962616701378e-15,1.1140243613071308e-14
ABUTD,0.87699721442696,9.769962616701378e-15,1.1140243613071308e-14
ZN2abcpp,0.87699721442696,9.769962616701378e-15,1.1140243613071308e-14
DUTPDP,0.87699721442696,9.769962616701378e-15,1.1140243613071308e-14
DADK,0.87699721442696,9.769962616701378e-15,1.1140243613071308e-14
E4PD,0.87699721442696,9.769962616701378e-15,1.1140243613071308e-14
NNDMBRT,0.87699721442696,9.769962616701378e-15,1.1140243613071308e-14
HACD3,0.87699721442696,9.769962616701378e-15,1.1140243613071308e-14
XAND,0.87699721442696,9.769962616701378e-15,1.1140243613071308e-14
RNDR2,0.87699721442696,9.769962616701378e-15,1.1140243613071308e-14
GTPDPDP,0.87699721442696,9.769962616701378e-15,1.1140243613071308e-14
GLYOX,0.87699721442696,9.769962616701378e-15,1.1140243613071308e-14
NTD3,0.87699721442696,9.769962616701378e-15,1.1140243613071308e-14
NTPP5,0.87699721442696,9.769962616701378e-15,1.1140243613071308e-14
DAAD,0.87699721442696,9.769962616701378e-15,1.1140243613071308e-14
LYSDC,0.87699721442696,9.769962616701378e-15,1.1140243613071308e-14
GLYCLTDy,0.87699721442696,9.769962616701378e-15,1.1140243613071308e-14
GLUDy,0.8769972144269682,1.5543122344752192e-15,1.772311483897708e-15
CPPPGO,0.8769972144269698,0.0,0.0
GTHOr,0.8769972144269698,0.0,0.0
HCO3E,0.8769972144269698,0.0,0.0
OMPDC,0.8769972144269698,0.0,0.0
DHORTS,0.8769972144269698,0.0,0.0
NDPK5,0.8769972144269698,0.0,0.0
HXPRT,0.8769972144269698,0.0,0.0
XPPT,0.8769972144269698,0.0,0.0
CYTDK2,0.8769972144269698,0.0,0.0
CYTDK1,0.8769972144269698,0.0,0.0
URIK2,0.8769972144269698,0.0,0.0
URIK1,0.8769972144269698,0.0,0.0
GLUTRS,0.8769972144269698,0.0,0.0
ECOAH4,0.8769972144269698,0.0,0.0
IMPD,0.8769972144269698,0.0,0.0
IMPC,0.8769972144269698,0.0,0.0
TMPPP,0.8769972144269698,0.0,0.0
TMDPP,0.8769972144269698,0.0,0.0
RBFK,0.8769972144269698,0.0,0.0
PFK_3,0.8769972144269698,0.0,0.0
UPPDC1,0.8769972144269698,0.0,0.0
LEUTAi,0.8769972144269698,0.0,0.0
SHK3Dr,0.8769972144269698,0.0,0.0
MAN6PI,0.8769972144269698,0.0,0.0
TRPS2,0.8769972144269698,0.0,0.0
ACP1_FMN,0.8769972144269698,0.0,0.0
DMATT,0.8769972144269698,0.0,0.0
GRTT,0.8769972144269698,0.0,0.0
UPP3S,0.8769972144269698,0.0,0.0
RBFSb,0.8769972144269698,0.0,0.0
IPPMIb,0.876997214426974,-4.218847493575595e-15,-4.810559742008064e-15
FBP,0.876997214426974,-4.218847493575595e-15,-4.810559742008064e-15
GLGC,0.876997214426974,-4.218847493575595e-15,-4.810559742008064e-15
PYK,0.876997214426974,-4.218847493575595e-15,-4.810559742008064e-15
A5PISO,0.876997214426974,-4.218847493575595e-15,-4.810559742008064e-15
PSCVT,0.876997214426974,-4.218847493575595e-15,-4.810559742008064e-15
ACHBS,0.876997214426974,-4.218847493575595e-15,-4.810559742008064e-15
ACLS,0.876997214426974,-4.218847493575595e-15,-4.810559742008064e-15
ANS,0.876997214426974,-4.218847493575595e-15,-4.810559742008064e-15
ANPRT,0.876997214426974,-4.218847493575595e-15,-4.810559742008064e-15
PPM,0.876997214426974,-4.218847493575595e-15,-4.810559742008064e-15
ASPTA,0.876997214426974,-4.218847493575595e-15,-4.810559742008064e-15
CHORM,0.876997214426974,-4.218847493575595e-15,-4.810559742008064e-15
GLYK,0.876997214426974,-4.218847493575595e-15,-4.810559742008064e-15
PPCK,0.876997214426974,-4.218847493575595e-15,-4.810559742008064e-15
RBK,0.876997214426974,-4.218847493575595e-15,-4.810559742008064e-15
ACALD,0.876997214426974,-4.218847493575595e-15,-4.810559742008064e-15
ACS,0.876997214426974,-4.218847493575595e-15,-4.810559742008064e-15
PPA,0.876997214426974,-4.218847493575595e-15,-4.810559742008064e-15
ICDHyr,0.876997214426974,-4.218847493575595e-15,-4.810559742008064e-15
ME1,0.876997214426974,-4.218847493575595e-15,-4.810559742008064e-15
ALAR,0.876997214426974,-4.218847493575595e-15,-4.810559742008064e-15
ALATA_L,0.876997214426974,-4.218847493575595e-15,-4.810559742008064e-15
XYLK,0.876997214426974,-4.218847493575595e-15,-4.810559742008064e-15
GLUCYS,0.8769972144269764,-6.661338147750939e-15,-7.59562064527589e-15
TRPS1,0.8769972144269764,-6.661338147750939e-15,-7.59562064527589e-15
GLUN,0.8769972144269764,-6.661338147750939e-15,-7.59562064527589e-15
GMPR,0.8769972144269764,-6.661338147750939e-15,-7.59562064527589e-15
NADS1,0.8769972144269764,-6.661338147750939e-15,-7.59562064527589e-15
NTRIR2x,0.8769972144269764,-6.661338147750939e-15,-7.59562064527589e-15
OCBT,0.8769972144269764,-6.661338147750939e-15,-7.59562064527589e-15
GARFT,0.8769972144269764,-6.661338147750939e-15,-7.59562064527589e-15
GPDDA1,0.8769972144269764,-6.661338147750939e-15,-7.59562064527589e-15
GPDDA2,0.8769972144269764,-6.661338147750939e-15,-7.59562064527589e-15
PHETA1,0.8769972144269764,-6.661338147750939e-15,-7.59562064527589e-15
PPND,0.8769972144269764,-6.661338147750939e-15,-7.59562064527589e-15
PTA2,0.8769972144269764,-6.661338147750939e-15,-7.59562064527589e-15
PRAMPC,0.8769972144269764,-6.661338147750939e-15,-7.59562064527589e-15
MCITL2,0.8769972144269764,-6.661338147750939e-15,-7.59562064527589e-15
MDH3,0.8769972144269764,-6.661338147750939e-15,-7.59562064527589e-15
SOTA,0.8769972144269764,-6.661338147750939e-15,-7.59562064527589e-15
CSND,0.8769972144269764,-6.661338147750939e-15,-7.59562064527589e-15
MDH2,0.8769972144269764,-6.661338147750939e-15,-7.59562064527589e-15
ACOTA,0.8769972144269764,-6.661338147750939e-15,-7.59562064527589e-15
PPBNGS,0.8769972144269764,-6.661338147750939e-15,-7.59562064527589e-15
PPNCL2,0.8769972144269764,-6.661338147750939e-15,-7.59562064527589e-15
PRAGSr,0.8769972144269764,-6.661338147750939e-15,-7.59562064527589e-15
PRFGS,0.8769972144269764,-6.661338147750939e-15,-7.59562064527589e-15
ETHAAL,0.8769972144269764,-6.661338147750939e-15,-7.59562064527589e-15
AP4AH,0.8769972144269764,-6.661338147750939e-15,-7.59562064527589e-15
GF6PTA,0.8769972144269764,-6.661338147750939e-15,-7.59562064527589e-15
CYANST,0.8769972144269764,-6.661338147750939e-15,-7.59562064527589e-15
G1PACT,0.8769972144269764,-6.661338147750939e-15,-7.59562064527589e-15
DCTPD,0.8769972144269764,-6.661338147750939e-15,-7.59562064527589e-15
AIRC2,0.8769972144269764,-6.661338147750939e-15,-7.59562064527589e-15
ADNCYC,0.8769972144269764,-6.661338147750939e-15,-7.59562064527589e-15
GAPD,0.8769972144269764,-6.661338147750939e-15,-7.59562064527589e-15
HEX1,0.8769972144269764,-6.661338147750939e-15,-7.59562064527589e-15
GND,0.8769972144269764,-6.661338147750939e-15,-7.59562064527589e-15
TAUDO,0.8769972144269764,-6.661338147750939e-15,-7.59562064527589e-15
ME2,0.8769972144269764,-6.661338147750939e-15,-7.59562064527589e-15
ARGSL,0.8769972144269764,-6.661338147750939e-15,-7.59562064527589e-15
CBPS,0.8769972144269764,-6.661338147750939e-15,-7.59562064527589e-15
IPPS,0.8769972144269764,-6.661338147750939e-15,-7.59562064527589e-15
ACOATA,0.8769972144269764,-6.661338147750939e-15,-7.59562064527589e-15
MLTG1,0.8769972144269764,-6.661338147750939e-15,-7.59562064527589e-15
AMALT3,0.8769972144269764,-6.661338147750939e-15,-7.59562064527589e-15
MLTP3,0.8769972144269764,-6.661338147750939e-15,-7.59562064527589e-15
SPODM,0.8769972144269764,-6.661338147750939e-15,-7.59562064527589e-15
AHCYSNS,0.8769972144269764,-6.661338147750939e-15,-7.59562064527589e-15
NTPP4,0.8769972144269764,-6.661338147750939e-15,-7.59562064527589e-15
NTPP3,0.8769972144269764,-6.661338147750939e-15,-7.59562064527589e-15
NTPP6,0.8769972144269764,-6.661338147750939e-15,-7.59562064527589e-15
NTPP7,0.8769972144269764,-6.661338147750939e-15,-7.59562064527589e-15
NTPP8,0.8769972144269764,-6.661338147750939e-15,-7.59562064527589e-15
P5CR,0.8769972144269764,-6.661338147750939e-15,-7.59562064527589e-15
GMAND,0.8769972144269764,-6.661338147750939e-15,-7.59562064527589e-15
PPCSCT,0.8769972144269764,-6.661338147750939e-15,-7.59562064527589e-15
DBTS,0.8769972144269764,-6.661338147750939e-15,-7.59562064527589e-15
AP5AH,0.8769972144269764,-6.661338147750939e-15,-7.59562064527589e-15
CYSTL,0.8769972144269764,-6.661338147750939e-15,-7.59562064527589e-15
MI1PP,0.8769972144269764,-6.661338147750939e-15,-7.59562064527589e-15
SHSL1,0.8769972144269764,-6.661338147750939e-15,-7.59562064527589e-15
SPODMpp,0.8769972144269764,-6.661338147750939e-15,-7.59562064527589e-15
NTP3pp,0.8769972144269764,-6.661338147750939e-15,-7.59562064527589e-15
THD2pp,0.8769972144269764,-6.661338147750939e-15,-7.59562064527589e-15
ACACT7r,0.8769972144269764,-6.661338147750939e-15,-7.59562064527589e-15
PSP_L,0.8769972144269764,-6.661338147750939e-15,-7.59562064527589e-15
ACACT2r,0.8769972144269764,-6.661338147750939e-15,-7.59562064527589e-15
ACACT3r,0.8769972144269764,-6.661338147750939e-15,-7.59562064527589e-15
ACACT4r,0.8769972144269764,-6.661338147750939e-15,-7.59562064527589e-15
AHGDx,0.8769972144269764,-6.661338147750939e-15,-7.59562064527589e-15
GTPCI,0.8769972144269764,-6.661338147750939e-15,-7.59562064527589e-15
MCITS,0.8769972144269764,-6.661338147750939e-15,-7.59562064527589e-15
CBL1abcpp,0.8769972144269764,-6.661338147750939e-15,-7.59562064527589e-15
CHOLD,0.8769972144269764,-6.661338147750939e-15,-7.59562064527589e-15
DRPA,0.8769972144269764,-6.661338147750939e-15,-7.59562064527589e-15
TKT2,0.8769972144269764,-6.661338147750939e-15,-7.59562064527589e-15
NTD8pp,0.8769972144269764,-6.661338147750939e-15,-7.59562064527589e-15
TREHpp,0.8769972144269764,-6.661338147750939e-15,-7.59562064527589e-15
SSALy,0.8769972144269764,-6.661338147750939e-15,-7.59562064527589e-15
FDMO,0.8769972144269764,-6.661338147750939e-15,-7.59562064527589e-15
G6PDH2r,0.8769972144269764,-6.661338147750939e-15,-7.59562064527589e-15
CHRPL,0.8769972144269764,-6.661338147750939e-15,-7.59562064527589e-15
HSDy,0.8769972144269764,-6.661338147750939e-15,-7.59562064527589e-15
NTP3,0.8769972144269764,-6.661338147750939e-15,-7.59562064527589e-15
PPM2,0.8769972144269764,-6.661338147750939e-15,-7.59562064527589e-15
MOHMT,0.8769972144269764,-6.661338147750939e-15,-7.59562064527589e-15
GMPS,0.8769972144269764,-6.661338147750939e-15,-7.59562064527589e-15
UDPGD,0.8769972144269764,-6.661338147750939e-15,-7.59562064527589e-15
GLCRD,0.8769972144269764,-6.661338147750939e-15,-7.59562064527589e-15
PPAKr,0.8769972144269764,-6.661338147750939e-15,-7.59562064527589e-15
TDPAGTA,0.8769972144269764,-6.661338147750939e-15,-7.59562064527589e-15
FBA3,0.8769972144269764,-6.661338147750939e-15,-7.59562064527589e-15
PMPK,0.8769972144269764,-6.661338147750939e-15,-7.59562064527589e-15
LCADi,0.8769972144269764,-6.661338147750939e-15,-7.59562064527589e-15
ADK3,0.8769972144269764,-6.661338147750939e-15,-7.59562064527589e-15
GLUDC,0.8769972144269764,-6.661338147750939e-15,-7.59562064527589e-15
UACMAMO,0.8769972144269764,-6.661338147750939e-15,-7.59562064527589e-15
ADSK,0.8769972144269764,-6.661338147750939e-15,-7.59562064527589e-15
ADOCBIK,0.8769972144269813,-1.1546319456101628e-14,-1.3165742451811545e-14
ASAD,0.8769972144269813,-1.1546319456101628e-14,-1.3165742451811545e-14
DAPDC,0.8769972144269813,-1.1546319456101628e-14,-1.3165742451811545e-14
METAT,0.8769972144269813,-1.1546319456101628e-14,-1.3165742451811545e-14
ACBIPGT,0.8769972144269813,-1.1546319456101628e-14,-1.3165742451811545e-14
ADOCBLS,0.8769972144269813,-1.1546319456101628e-14,-1.3165742451811545e-14
DHCINDO,0.8769972144269813,-1.1546319456101628e-14,-1.3165742451811545e-14
TMPK,0.8769972144269813,-1.1546319456101628e-14,-1.3165742451811545e-14
HPPPNDO,0.8769972144269813,-1.1546319456101628e-14,-1.3165742451811545e-14
HKNDDH,0.8769972144269813,-1.1546319456101628e-14,-1.3165742451811545e-14
HKNTDH,0.8769972144269813,-1.1546319456101628e-14,-1.3165742451811545e-14
HPYRRx,0.8769972144269813,-1.1546319456101628e-14,-1.3165742451811545e-14
SULR,0.8769972144269813,-1.1546319456101628e-14,-1.3165742451811545e-14
PRPPS,0.8769972144269813,-1.1546319456101628e-14,-1.3165742451811545e-14
GLYCDx,0.8769972144269813,-1.1546319456101628e-14,-1.3165742451811545e-14
ASP1DC,0.8769972144269813,-1.1546319456101628e-14,-1.3165742451811545e-14
UGMDDS,0.8769972144269813,-1.1546319456101628e-14,-1.3165742451811545e-14
UHGADA,0.8769972144269813,-1.1546319456101628e-14,-1.3165742451811545e-14
UAGAAT,0.8769972144269813,-1.1546319456101628e-14,-1.3165742451811545e-14
ATPPRT,0.8769972144269813,-1.1546319456101628e-14,-1.3165742451811545e-14
HISTD,0.8769972144269813,-1.1546319456101628e-14,-1.3165742451811545e-14
IGPDH,0.8769972144269813,-1.1546319456101628e-14,-1.3165742451811545e-14
PRMICI,0.8769972144269813,-1.1546319456101628e-14,-1.3165742451811545e-14
SERAT,0.8769972144269813,-1.1546319456101628e-14,-1.3165742451811545e-14
CYSS,0.8769972144269813,-1.1546319456101628e-14,-1.3165742451811545e-14
PAPSR,0.8769972144269813,-1.1546319456101628e-14,-1.3165742451811545e-14
ASPK,0.8769972144269813,-1.1546319456101628e-14,-1.3165742451811545e-14
GLYCK2,0.8769972144269813,-1.1546319456101628e-14,-1.3165742451811545e-14
BPNT,0.8769972144269813,-1.1546319456101628e-14,-1.3165742451811545e-14
URDGLYCD,0.8769972144269813,-1.1546319456101628e-14,-1.3165742451811545e-14
CBMKr,0.8769972144269813,-1.1546319456101628e-14,-1.3165742451811545e-14
ACM6PH,0.8769972144269813,-1.1546319456101628e-14,-1.3165742451811545e-14
NNATr,0.8769972144269813,-1.1546319456101628e-14,-1.3165742451811545e-14
CYTDH,0.8769972144269813,-1.1546319456101628e-14,-1.3165742451811545e-14
TALA_reverse,0.8769972144269821,-1.2323475573339238e-14,-1.4051898193760399e-14
ADK1_reverse,0.8769972144269836,-1.3877787807814457e-14,-1.5824209677658107e-14
ICDHyr_reverse,0.8769972144269885,-1.8762769116165146e-14,-2.1394331484193762e-14
FCI_reverse,0.8769972144270036,-3.3861802251067274e-14,-3.861107161348578e-14
PPM2_reverse,0.8769972144270036,-3.3861802251067274e-14,-3.861107161348578e-14
G6PDH2r_reverse,0.8769972144270036,-3.3861802251067274e-14,-3.861107161348578e-14
FCLPA_reverse,0.8769972144270036,-3.3861802251067274e-14,-3.861107161348578e-14
MCOATA_reverse,0.8769972144270036,-3.3861802251067274e-14,-3.861107161348578e-14
M1PD_reverse,0.8769972144270036,-3.3861802251067274e-14,-3.861107161348578e-14
DAPE_reverse,0.8769972144270036,-3.3861802251067274e-14,-3.861107161348578e-14
UAGAAT_reverse,0.8769972144270036,-3.3861802251067274e-14,-3.861107161348578e-14
ARAI_reverse,0.8769972144270036,-3.3861802251067274e-14,-3.861107161348578e-14
PPAKr_reverse,0.8769972144270036,-3.3861802251067274e-14,-3.861107161348578e-14
PRAGSr_reverse,0.8769972144270036,-3.3861802251067274e-14,-3.861107161348578e-14
KARA2_reverse,0.8769972144270036,-3.3861802251067274e-14,-3.861107161348578e-14
GAPD_reverse,0.8769972144270036,-3.3861802251067274e-14,-3.861107161348578e-14
PRMICI_reverse,0.8769972144270036,-3.3861802251067274e-14,-3.861107161348578e-14
SERAT_reverse,0.8769972144270036,-3.3861802251067274e-14,-3.861107161348578e-14
ASPK_reverse,0.8769972144270036,-3.3861802251067274e-14,-3.861107161348578e-14
ASAD_reverse,0.8769972144270036,-3.3861802251067274e-14,-3.861107161348578e-14
CBMKr_reverse,0.8769972144270036,-3.3861802251067274e-14,-3.861107161348578e-14
NNATr_reverse,0.8769972144270036,-3.3861802251067274e-14,-3.861107161348578e-14
ARGSL_reverse,0.8769972144270036,-3.3861802251067274e-14,-3.861107161348578e-14
ACOTA_reverse,0.8769972144270036,-3.3861802251067274e-14,-3.861107161348578e-14
ACOATA_reverse,0.8769972144270036,-3.3861802251067274e-14,-3.861107161348578e-14
MLTP3_reverse,0.8769972144270036,-3.3861802251067274e-14,-3.861107161348578e-14
OCBT_reverse,0.8769972144270036,-3.3861802251067274e-14,-3.861107161348578e-14
GARFT_reverse,0.8769972144270036,-3.3861802251067274e-14,-3.861107161348578e-14
PHETA1_reverse,0.8769972144270036,-3.3861802251067274e-14,-3.861107161348578e-14
MCITL2_reverse,0.8769972144270036,-3.3861802251067274e-14,-3.861107161348578e-14
SDPTA_reverse,0.8769972144270036,-3.3861802251067274e-14,-3.861107161348578e-14
PRPPS_reverse,0.8769972144270036,-3.3861802251067274e-14,-3.861107161348578e-14
ICHORS_copy2_reverse,0.8769972144270036,-3.3861802251067274e-14,-3.861107161348578e-14
HACD4_reverse,0.8769972144270036,-3.3861802251067274e-14,-3.861107161348578e-14
ECOAH1_reverse,0.8769972144270036,-3.3861802251067274e-14,-3.861107161348578e-14
ECOAH2_reverse,0.8769972144270036,-3.3861802251067274e-14,-3.861107161348578e-14
ECOAH3_reverse,0.8769972144270036,-3.3861802251067274e-14,-3.861107161348578e-14
UGLT_reverse,0.8769972144270036,-3.3861802251067274e-14,-3.861107161348578e-14
HACD7_reverse,0.8769972144270036,-3.3861802251067274e-14,-3.861107161348578e-14
XYLI2_reverse,0.8769972144270036,-3.3861802251067274e-14,-3.861107161348578e-14
TGBPA_reverse,0.8769972144270036,-3.3861802251067274e-14,-3.861107161348578e-14
CYTK1_reverse,0.8769972144270036,-3.3861802251067274e-14,-3.861107161348578e-14
RMPA_reverse,0.8769972144270036,-3.3861802251067274e-14,-3.861107161348578e-14
ALCD19_reverse,0.8769972144270036,-3.3861802251067274e-14,-3.861107161348578e-14
XYLI1_reverse,0.8769972144270036,-3.3861802251067274e-14,-3.861107161348578e-14
UDPG4E_reverse,0.8769972144270036,-3.3861802251067274e-14,-3.861107161348578e-14
PMANM_reverse,0.8769972144270036,-3.3861802251067274e-14,-3.861107161348578e-14
DHBD_reverse,0.8769972144270036,-3.3861802251067274e-14,-3.861107161348578e-14
MLTP2_reverse,0.8769972144270036,-3.3861802251067274e-14,-3.861107161348578e-14
HACD6_reverse,0.8769972144270036,-3.3861802251067274e-14,-3.861107161348578e-14
CYTK2_reverse,0.8769972144270036,-3.3861802251067274e-14,-3.861107161348578e-14
NDPK3_reverse,0.8769972144270036,-3.3861802251067274e-14,-3.861107161348578e-14
DDPGALA_reverse,0.8769972144270036,-3.3861802251067274e-14,-3.861107161348578e-14
UMPK_reverse,0.8769972144270036,-3.3861802251067274e-14,-3.861107161348578e-14
PGMT_reverse,0.8769972144270036,-3.3861802251067274e-14,-3.861107161348578e-14
NDPK1_reverse,0.8769972144270036,-3.3861802251067274e-14,-3.861107161348578e-14
DTMPK_reverse,0.8769972144270036,-3.3861802251067274e-14,-3.861107161348578e-14
GK1_reverse,0.8769972144270036,-3.3861802251067274e-14,-3.861107161348578e-14
NDPK4_reverse,0.8769972144270036,-3.3861802251067274e-14,-3.861107161348578e-14
DGK1_reverse,0.8769972144270036,-3.3861802251067274e-14,-3.861107161348578e-14
NDPK2_reverse,0.8769972144270036,-3.3861802251067274e-14,-3.861107161348578e-14
GLYAT_reverse,0.8769972144270036,-3.3861802251067274e-14,-3.861107161348578e-14
NDPK7_reverse,0.8769972144270036,-3.3861802251067274e-14,-3.861107161348578e-14
RBP4E_reverse,0.8769972144270036,-3.3861802251067274e-14,-3.861107161348578e-14
HACD2_reverse,0.8769972144270036,-3.3861802251067274e-14,-3.861107161348578e-14
HACD1_reverse,0.8769972144270036,-3.3861802251067274e-14,-3.861107161348578e-14
HYD3pp,0.8769972144270042,-3.441691376337985e-14,-3.9244040000592103e-14
NTD8,0.8769972144270042,-3.441691376337985e-14,-3.9244040000592103e-14
GALCTD,0.8769972144270042,-3.441691376337985e-14,-3.9244040000592103e-14
MLTG4,0.8769972144270042,-3.441691376337985e-14,-3.9244040000592103e-14
NTD11pp,0.8769972144270042,-3.441691376337985e-14,-3.9244040000592103e-14
PUNP4,0.8769972144270042,-3.441691376337985e-14,-3.9244040000592103e-14
AMAOTr,0.8769972144270042,-3.441691376337985e-14,-3.9244040000592103e-14
UDPGDC,0.8769972144270042,-3.441691376337985e-14,-3.9244040000592103e-14
ADSL1r,0.8769972144270042,-3.441691376337985e-14,-3.9244040000592103e-14
PANTS,0.8769972144270042,-3.441691376337985e-14,-3.9244040000592103e-14
TPI,0.8769972144270042,-3.441691376337985e-14,-3.9244040000592103e-14
PFK,0.8769972144270042,-3.441691376337985e-14,-3.9244040000592103e-14
SERD_D,0.8769972144270042,-3.441691376337985e-14,-3.9244040000592103e-14
ACGS,0.8769972144270042,-3.441691376337985e-14,-3.9244040000592103e-14
PGCD,0.8769972144270042,-3.441691376337985e-14,-3.9244040000592103e-14
DHQS,0.8769972144270042,-3.441691376337985e-14,-3.9244040000592103e-14
PGM,0.8769972144270042,-3.441691376337985e-14,-3.9244040000592103e-14
PDE1,0.8769972144270042,-3.441691376337985e-14,-3.9244040000592103e-14
ALAALAr,0.8769972144270042,-3.441691376337985e-14,-3.9244040000592103e-14
ACACT1r,0.8769972144270042,-3.441691376337985e-14,-3.9244040000592103e-14
SUCOAS,0.8769972144270042,-3.441691376337985e-14,-3.9244040000592103e-14
NTP1,0.8769972144270042,-3.441691376337985e-14,-3.9244040000592103e-14
GALKr,0.8769972144270042,-3.441691376337985e-14,-3.9244040000592103e-14
FBA3_reverse,0.8769972144270071,-3.730349362740526e-14,-4.253547561354499e-14
PTAr_reverse,0.8769972144270072,-3.7414515929867775e-14,-4.2662069290966256e-14
IPPMIa_reverse,0.8769972144270072,-3.7414515929867775e-14,-4.2662069290966256e-14
PUNP2_reverse,0.8769972144270072,-3.7414515929867775e-14,-4.2662069290966256e-14
PUNP3_reverse,0.8769972144270072,-3.7414515929867775e-14,-4.2662069290966256e-14
MDH_reverse,0.8769972144270072,-3.7414515929867775e-14,-4.2662069290966256e-14
PUNP7_reverse,0.8769972144270072,-3.7414515929867775e-14,-4.2662069290966256e-14
FUM_reverse,0.8769972144270072,-3.7414515929867775e-14,-4.2662069290966256e-14
OHPBAT_reverse,0.8769972144270072,-3.7414515929867775e-14,-4.2662069290966256e-14
G1SAT_reverse,0.8769972144270072,-3.7414515929867775e-14,-4.2662069290966256e-14
GUI1_reverse,0.8769972144270072,-3.7414515929867775e-14,-4.2662069290966256e-14
PGAMT_reverse,0.8769972144270072,-3.7414515929867775e-14,-4.2662069290966256e-14
GLUR_reverse,0.8769972144270072,-3.7414515929867775e-14,-4.2662069290966256e-14
UAG2E_reverse,0.8769972144270072,-3.7414515929867775e-14,-4.2662069290966256e-14
HACD5_reverse,0.8769972144270072,-3.7414515929867775e-14,-4.2662069290966256e-14
GHMT2r_reverse,0.8769972144270072,-3.7414515929867775e-14,-4.2662069290966256e-14
PUNP1_reverse,0.8769972144270072,-3.7414515929867775e-14,-4.2662069290966256e-14
ADSL2r_reverse,0.8769972144270072,-3.7414515929867775e-14,-4.2662069290966256e-14
PUNP6_reverse,0.8769972144270072,-3.7414515929867775e-14,-4.2662069290966256e-14
PUNP5_reverse,0.8769972144270072,-3.7414515929867775e-14,-4.2662069290966256e-14
ORPT_reverse,0.8769972144270072,-3.7414515929867775e-14,-4.2662069290966256e-14
ACKr_reverse,0.8769972144270072,-3.7414515929867775e-14,-4.2662069290966256e-14
TKT1_reverse,0.8769972144270072,-3.7414515929867775e-14,-4.2662069290966256e-14
ALCD2x_reverse,0.8769972144270072,-3.7414515929867775e-14,-4.2662069290966256e-14
RMI_reverse,0.8769972144270072,-3.7414515929867775e-14,-4.2662069290966256e-14
NDPK6_reverse,0.8769972144270072,-3.7414515929867775e-14,-4.2662069290966256e-14
NDPK8_reverse,0.8769972144270072,-3.7414515929867775e-14,-4.2662069290966256e-14
PYNP2r_reverse,0.8769972144270072,-3.7414515929867775e-14,-4.2662069290966256e-14
DURIPP_reverse,0.8769972144270072,-3.7414515929867775e-14,-4.2662069290966256e-14
TRPAS2_reverse,0.8769972144270072,-3.7414515929867775e-14,-4.2662069290966256e-14
ILETA_reverse,0.8769972144270072,-3.7414515929867775e-14,-4.2662069290966256e-14
VALTA_reverse,0.8769972144270072,-3.7414515929867775e-14,-4.2662069290966256e-14
AIRC3_reverse,0.8769972144270072,-3.7414515929867775e-14,-4.2662069290966256e-14
LYSAM_reverse,0.8769972144270072,-3.7414515929867775e-14,-4.2662069290966256e-14
GLUDy_reverse,0.8769972144270074,-3.7636560534792807e-14,-4.2915256645808784e-14
ADK3_reverse,0.8769972144270077,-3.7969627442180354e-14,-4.329503767807258e-14
ACONTb_reverse,0.8769972144270077,-3.7969627442180354e-14,-4.329503767807258e-14
3OAR80_reverse,0.8769972144270077,-3.7969627442180354e-14,-4.329503767807258e-14
3OAR60_reverse,0.8769972144270077,-3.7969627442180354e-14,-4.329503767807258e-14
3OAR160_reverse,0.8769972144270077,-3.7969627442180354e-14,-4.329503767807258e-14
3OAR140_reverse,0.8769972144270077,-3.7969627442180354e-14,-4.329503767807258e-14
ACONTa_reverse,0.8769972144270077,-3.7969627442180354e-14,-4.329503767807258e-14
MICITDr_reverse,0.8769972144270077,-3.7969627442180354e-14,-4.329503767807258e-14
CA2tex_reverse,0.8769972144270077,-3.7969627442180354e-14,-4.329503767807258e-14
ATHRDHr_reverse,0.8769972144270077,-3.7969627442180354e-14,-4.329503767807258e-14
3OAR120_reverse,0.8769972144270077,-3.7969627442180354e-14,-4.329503767807258e-14
GUI2_reverse,0.8769972144270077,-3.7969627442180354e-14,-4.329503767807258e-14
LDH_D_reverse,0.8769972144270077,-3.7969627442180354e-14,-4.329503767807258e-14
ECOAH7_reverse,0.8769972144270077,-3.7969627442180354e-14,-4.329503767807258e-14
DURADx_reverse,0.8769972144270077,-3.7969627442180354e-14,-4.329503767807258e-14
IPDDI_reverse,0.8769972144270077,-3.7969627442180354e-14,-4.329503767807258e-14
MLTP1_reverse,0.8769972144270077,-3.7969627442180354e-14,-4.329503767807258e-14
3OAR40_reverse,0.8769972144270077,-3.7969627442180354e-14,-4.329503767807258e-14
3OAR100_reverse,0.8769972144270077,-3.7969627442180354e-14,-4.329503767807258e-14
3OAR180_reverse,0.8769972144270077,-3.7969627442180354e-14,-4.329503767807258e-14
ACOAD7f_reverse,0.8769972144270077,-3.7969627442180354e-14,-4.329503767807258e-14
PCNO_reverse,0.8769972144270077,-3.7969627442180354e-14,-4.329503767807258e-14
DHNPA2r_reverse,0.8769972144270077,-3.7969627442180354e-14,-4.329503767807258e-14
APPLDHr_reverse,0.8769972144270077,-3.7969627442180354e-14,-4.329503767807258e-14
GHBDHx_reverse,0.8769972144270077,-3.7969627442180354e-14,-4.329503767807258e-14
ALDD19xr_reverse,0.8769972144270077,-3.7969627442180354e-14,-4.329503767807258e-14
DHACOAH_reverse,0.8769972144270077,-3.7969627442180354e-14,-4.329503767807258e-14
CTECOAI7_reverse,0.8769972144270077,-3.7969627442180354e-14,-4.329503767807258e-14
HADPCOADH3_reverse,0.8769972144270077,-3.7969627442180354e-14,-4.329503767807258e-14
FORCT_reverse,0.8769972144270077,-3.7969627442180354e-14,-4.329503767807258e-14
CTECOAI6_reverse,0.8769972144270077,-3.7969627442180354e-14,-4.329503767807258e-14
CTECOAI8_reverse,0.8769972144270077,-3.7969627442180354e-14,-4.329503767807258e-14
HACD8_reverse,0.8769972144270077,-3.7969627442180354e-14,-4.329503767807258e-14
ACOAD6f_reverse,0.8769972144270077,-3.7969627442180354e-14,-4.329503767807258e-14
ACOAD3f_reverse,0.8769972144270077,-3.7969627442180354e-14,-4.329503767807258e-14
ACOAD5f_reverse,0.8769972144270077,-3.7969627442180354e-14,-4.329503767807258e-14
LSERDHr_reverse,0.8769972144270077,-3.7969627442180354e-14,-4.329503767807258e-14
PERD_reverse,0.8769972144270077,-3.7969627442180354e-14,-4.329503767807258e-14
HSDy_reverse,0.8769972144270077,-3.7969627442180354e-14,-4.329503767807258e-14
RPI_reverse,0.8769972144270077,-3.7969627442180354e-14,-4.329503767807258e-14
CBLAT_reverse,0.8769972144270077,-3.7969627442180354e-14,-4.329503767807258e-14
ALAGLUE_reverse,0.8769972144270077,-3.7969627442180354e-14,-4.329503767807258e-14
ACACT6r_reverse,0.8769972144270077,-3.7969627442180354e-14,-4.329503767807258e-14
MTHFD_reverse,0.8769972144270077,-3.7969627442180354e-14,-4.329503767807258e-14
MTHFC_reverse,0.8769972144270077,-3.7969627442180354e-14,-4.329503767807258e-14
ACACT5r_reverse,0.8769972144270077,-3.7969627442180354e-14,-4.329503767807258e-14
TRSARr_reverse,0.8769972144270077,-3.7969627442180354e-14,-4.329503767807258e-14
ECOAH5_reverse,0.8769972144270077,-3.7969627442180354e-14,-4.329503767807258e-14
ECOAH8_reverse,0.8769972144270077,-3.7969627442180354e-14,-4.329503767807258e-14
ATPS4rpp_reverse,0.8769972144270077,-3.7969627442180354e-14,-4.329503767807258e-14
TKT2_reverse,0.8769972144270077,-3.7969627442180354e-14,-4.329503767807258e-14
AHGDx_reverse,0.8769972144270077,-3.7969627442180354e-14,-4.329503767807258e-14
ACACT4r_reverse,0.8769972144270077,-3.7969627442180354e-14,-4.329503767807258e-14
ACACT3r_reverse,0.8769972144270077,-3.7969627442180354e-14,-4.329503767807258e-14
ACACT7r_reverse,0.8769972144270077,-3.7969627442180354e-14,-4.329503767807258e-14
ARABDI_reverse,0.8769972144270077,-3.7969627442180354e-14,-4.329503767807258e-14
ALLPI_reverse,0.8769972144270077,-3.7969627442180354e-14,-4.329503767807258e-14
FALDH2_reverse,0.8769972144270077,-3.7969627442180354e-14,-4.329503767807258e-14
ALAALAr_reverse,0.8769972144270077,-3.7969627442180354e-14,-4.329503767807258e-14
TPI_reverse,0.8769972144270077,-3.7969627442180354e-14,-4.329503767807258e-14
PGM_reverse,0.8769972144270077,-3.7969627442180354e-14,-4.329503767807258e-14
ADSL1r_reverse,0.8769972144270077,-3.7969627442180354e-14,-4.329503767807258e-14
GALKr_reverse,0.8769972144270077,-3.7969627442180354e-14,-4.329503767807258e-14
SUCOAS_reverse,0.8769972144270077,-3.7969627442180354e-14,-4.329503767807258e-14
ACACT1r_reverse,0.8769972144270077,-3.7969627442180354e-14,-4.329503767807258e-14
AMAOTr_reverse,0.8769972144270077,-3.7969627442180354e-14,-4.329503767807258e-14
CBIAT_reverse,0.8769972144270077,-3.7969627442180354e-14,-4.329503767807258e-14
PUNP4_reverse,0.8769972144270077,-3.7969627442180354e-14,-4.329503767807258e-14
TYRTA_reverse,0.8769972144270077,-3.7969627442180354e-14,-4.329503767807258e-14
DHFR_reverse,0.8769972144270077,-3.7969627442180354e-14,-4.329503767807258e-14
DADK_reverse,0.8769972144270077,-3.7969627442180354e-14,-4.329503767807258e-14
E4PD_reverse,0.8769972144270077,-3.7969627442180354e-14,-4.329503767807258e-14
HACD3_reverse,0.8769972144270077,-3.7969627442180354e-14,-4.329503767807258e-14
ACACT2r_reverse,0.8769972144270077,-3.7969627442180354e-14,-4.329503767807258e-14
INOSTO_reverse,0.8769972144270077,-3.7969627442180354e-14,-4.329503767807258e-14
3OAR141,0.8769972144270122,-4.241051954068098e-14,-4.835878477492317e-14
LPLIPAL1A120pp,0.8769972144270122,-4.241051954068098e-14,-4.835878477492317e-14
EAR160x,0.8769972144270122,-4.241051954068098e-14,-4.835878477492317e-14
3OAS121,0.8769972144270122,-4.241051954068098e-14,-4.835878477492317e-14
3OAR40,0.8769972144270122,-4.241051954068098e-14,-4.835878477492317e-14
3OAR100,0.8769972144270122,-4.241051954068098e-14,-4.835878477492317e-14
3HAD60,0.8769972144270122,-4.241051954068098e-14,-4.835878477492317e-14
3HAD100,0.8769972144270122,-4.241051954068098e-14,-4.835878477492317e-14
3HAD140,0.8769972144270122,-4.241051954068098e-14,-4.835878477492317e-14
3HAD160,0.8769972144270122,-4.241051954068098e-14,-4.835878477492317e-14
DASYN120,0.8769972144270122,-4.241051954068098e-14,-4.835878477492317e-14
3OAS180,0.8769972144270122,-4.241051954068098e-14,-4.835878477492317e-14
LPLIPAL1A140pp,0.8769972144270122,-4.241051954068098e-14,-4.835878477492317e-14
PLIPA2A120pp,0.8769972144270122,-4.241051954068098e-14,-4.835878477492317e-14
3OAR180,0.8769972144270122,-4.241051954068098e-14,-4.835878477492317e-14
G3PAT120,0.8769972144270122,-4.241051954068098e-14,-4.835878477492317e-14
NADHPO,0.8769972144270122,-4.241051954068098e-14,-4.835878477492317e-14
ACOAD7f,0.8769972144270122,-4.241051954068098e-14,-4.835878477492317e-14
ACOAD5f,0.8769972144270122,-4.241051954068098e-14,-4.835878477492317e-14
ACOAD3f,0.8769972144270122,-4.241051954068098e-14,-4.835878477492317e-14
ACOAD6f,0.8769972144270122,-4.241051954068098e-14,-4.835878477492317e-14
NADH16pp,0.8769972144270122,-4.241051954068098e-14,-4.835878477492317e-14
MICITDr,0.8769972144270122,-4.241051954068098e-14,-4.835878477492317e-14
EAR121x,0.8769972144270122,-4.241051954068098e-14,-4.835878477492317e-14
PLIPA2A160pp,0.8769972144270122,-4.241051954068098e-14,-4.835878477492317e-14
PGPP161pp,0.8769972144270122,-4.241051954068098e-14,-4.835878477492317e-14
LPLIPAL1A180pp,0.8769972144270122,-4.241051954068098e-14,-4.835878477492317e-14
PGPP180,0.8769972144270122,-4.241051954068098e-14,-4.835878477492317e-14
ACONTa,0.8769972144270122,-4.241051954068098e-14,-4.835878477492317e-14
MLDCP2App,0.8769972144270122,-4.241051954068098e-14,-4.835878477492317e-14
PGPP120pp,0.8769972144270122,-4.241051954068098e-14,-4.835878477492317e-14
PGPP181pp,0.8769972144270122,-4.241051954068098e-14,-4.835878477492317e-14
MDDCP5pp,0.8769972144270122,-4.241051954068098e-14,-4.835878477492317e-14
G3PAT180,0.8769972144270122,-4.241051954068098e-14,-4.835878477492317e-14
MLDCP2Bpp,0.8769972144270122,-4.241051954068098e-14,-4.835878477492317e-14
3OAR140,0.8769972144270122,-4.241051954068098e-14,-4.835878477492317e-14
3OAR160,0.8769972144270122,-4.241051954068098e-14,-4.835878477492317e-14
PGPP160,0.8769972144270122,-4.241051954068098e-14,-4.835878477492317e-14
PGPP161,0.8769972144270122,-4.241051954068098e-14,-4.835878477492317e-14
LPLIPAL2E160,0.8769972144270122,-4.241051954068098e-14,-4.835878477492317e-14
PGPP181,0.8769972144270122,-4.241051954068098e-14,-4.835878477492317e-14
MDDCP4pp,0.8769972144270122,-4.241051954068098e-14,-4.835878477492317e-14
CFAS160E,0.8769972144270122,-4.241051954068098e-14,-4.835878477492317e-14
CFAS180E,0.8769972144270122,-4.241051954068098e-14,-4.835878477492317e-14
CFAS180G,0.8769972144270122,-4.241051954068098e-14,-4.835878477492317e-14
DAGK160,0.8769972144270122,-4.241051954068098e-14,-4.835878477492317e-14
3OAR60,0.8769972144270122,-4.241051954068098e-14,-4.835878477492317e-14
3OAR80,0.8769972144270122,-4.241051954068098e-14,-4.835878477492317e-14
MLDCP3App,0.8769972144270122,-4.241051954068098e-14,-4.835878477492317e-14
MLDCP1Bpp,0.8769972144270122,-4.241051954068098e-14,-4.835878477492317e-14
3OAR161,0.8769972144270122,-4.241051954068098e-14,-4.835878477492317e-14
LPLIPAL1A141pp,0.8769972144270122,-4.241051954068098e-14,-4.835878477492317e-14
EAR160y,0.8769972144270122,-4.241051954068098e-14,-4.835878477492317e-14
G3PAT161,0.8769972144270122,-4.241051954068098e-14,-4.835878477492317e-14
G3PAT160,0.8769972144270122,-4.241051954068098e-14,-4.835878477492317e-14
MLDCP1App,0.8769972144270122,-4.241051954068098e-14,-4.835878477492317e-14
TALA,0.8769972144270125,-4.2743586448068527e-14,-4.8738565807186966e-14
NADH18pp,0.8769972144270299,-6.017408793468348e-14,-6.861377316232556e-14
METSOXR1,0.876997214427123,-1.532107773982716e-13,-1.746992748413455e-13
CYANSTpp,0.876997214427123,-1.532107773982716e-13,-1.746992748413455e-13
MCPST,0.876997214427123,-1.532107773982716e-13,-1.746992748413455e-13
NODOy,0.876997214427123,-1.532107773982716e-13,-1.746992748413455e-13
GALM2pp,0.876997214427123,-1.532107773982716e-13,-1.746992748413455e-13
CU1abcpp,0.876997214427123,-1.532107773982716e-13,-1.746992748413455e-13
NODOx,0.876997214427123,-1.532107773982716e-13,-1.746992748413455e-13
NHFRBO,0.876997214427123,-1.532107773982716e-13,-1.746992748413455e-13
42A12BOOXpp,0.876997214427123,-1.532107773982716e-13,-1.746992748413455e-13
TYROXDApp,0.876997214427123,-1.532107773982716e-13,-1.746992748413455e-13
DAPAL,0.876997214427123,-1.532107773982716e-13,-1.746992748413455e-13
METSOXR2,0.876997214427123,-1.532107773982716e-13,-1.746992748413455e-13
FDMO4,0.876997214427123,-1.532107773982716e-13,-1.746992748413455e-13
AMPTASECG,0.876997214427123,-1.532107773982716e-13,-1.746992748413455e-13
LACZpp,0.876997214427123,-1.532107773982716e-13,-1.746992748413455e-13
GPDDA1pp,0.876997214427123,-1.532107773982716e-13,-1.746992748413455e-13
FLVR,0.876997214427123,-1.532107773982716e-13,-1.746992748413455e-13
FDMO2,0.876997214427123,-1.532107773982716e-13,-1.746992748413455e-13
LALGP,0.876997214427123,-1.532107773982716e-13,-1.746992748413455e-13
UDPGALPpp,0.876997214427123,-1.532107773982716e-13,-1.746992748413455e-13
UACGAMPpp,0.876997214427123,-1.532107773982716e-13,-1.746992748413455e-13
ALAGLUE,0.876997214427123,-1.532107773982716e-13,-1.746992748413455e-13
L_LACD2,0.876997214427123,-1.532107773982716e-13,-1.746992748413455e-13
GLYOX3,0.876997214427123,-1.532107773982716e-13,-1.746992748413455e-13
ACACT6r,0.876997214427123,-1.532107773982716e-13,-1.746992748413455e-13
FEROpp,0.876997214427123,-1.532107773982716e-13,-1.746992748413455e-13
ECOAH8,0.876997214427123,-1.532107773982716e-13,-1.746992748413455e-13
ECOAH5,0.876997214427123,-1.532107773982716e-13,-1.746992748413455e-13
DHFS,0.876997214427123,-1.532107773982716e-13,-1.746992748413455e-13
ACGAMK,0.876997214427123,-1.532107773982716e-13,-1.746992748413455e-13
METS,0.876997214427123,-1.532107773982716e-13,-1.746992748413455e-13
TRSARr,0.876997214427123,-1.532107773982716e-13,-1.746992748413455e-13
CBIuabcpp,0.876997214427123,-1.532107773982716e-13,-1.746992748413455e-13
URIH,0.876997214427123,-1.532107773982716e-13,-1.746992748413455e-13
XTSNH,0.876997214427123,-1.532107773982716e-13,-1.746992748413455e-13
INSH,0.876997214427123,-1.532107773982716e-13,-1.746992748413455e-13
MTHFR2,0.876997214427123,-1.532107773982716e-13,-1.746992748413455e-13
ASPO6,0.876997214427123,-1.532107773982716e-13,-1.746992748413455e-13
ACACT5r,0.876997214427123,-1.532107773982716e-13,-1.746992748413455e-13
DHPS2,0.876997214427123,-1.532107773982716e-13,-1.746992748413455e-13
MTHFC,0.876997214427123,-1.532107773982716e-13,-1.746992748413455e-13
MTHFD,0.876997214427123,-1.532107773982716e-13,-1.746992748413455e-13
ALKP,0.876997214427123,-1.532107773982716e-13,-1.746992748413455e-13
L_LACD3,0.876997214427123,-1.532107773982716e-13,-1.746992748413455e-13
UACGALPpp,0.876997214427123,-1.532107773982716e-13,-1.746992748413455e-13
