,MW
ALATA_D2,45.3166 or 36.4947
SHCHD2,49.9514
CPPPGO,34.3226
GTHOr,48.7725
DHORD5,36.7745
GLYCTO2,137.2828
GLYCTO3,137.2828
GLYCTO4,137.2828
PFK_3,34.842
TRPS2,71.7072
G3PD5,148.4235 or 56.7505
LEUTAi,34.0936 or 43.5378
SHK3Dr,29.4136 or 31.2278
G5SD,44.63
ALATA_L2,36.4947 or 45.3166
MAN6PI,42.85
APRAUR,40.3383
DB4PS,23.3535
RBFK,34.7343
ACP1_FMN,30.3709 or 27.122 or 30.196
RBFSb,23.4449
DMATT,32.1596
GRTT,32.1596
UPP3S,27.7979
UPPDC1,39.2481
TMDPP,47.2071
HCO3E,25.0968 or 23.7643
IMPC,57.3292
IMPD,52.0224
ECOAH4,77.0722 or 79.5939
GLUTRS,53.8157
TMPPP,23.0153
URIK1,24.3531
URIK2,24.3531
CYTDK1,24.3531
CYTDK2,24.3531
XPPT,16.9706
HXPRT,16.9706 or 20.1152
NDPK5,23.586 or 15.4634
DHORTS,38.8274
OMPDC,26.3502
CS,48.015
ICDHyr,45.7567
ACALD,33.4425 or 96.1272
ACS,72.0936
PPA,58.136 or 26.9004 or 19.7036
PPCK,59.6435
ME1,63.1973
ALAR,38.8446 or 39.1529
ALATA_L,45.5174 or 46.2162
XYLK,61.0894 or 52.6182
RBK,32.2905
GLYK,56.2308
PPM,44.37
ASPTA,43.5734 or 43.5378
FBP,34.3234 or 36.8339 or 35.8523 or 29.721
GLGC,48.6976
PYK,51.3571 or 50.7294
A5PISO,35.1961 or 34.0314
IPPMIb,72.3693
ACHBS,71.5463 or 80.9611
ACLS,80.9611 or 71.5463
PSCVT,46.0958
ANS,114.3644
ANPRT,56.8699
CHORM,43.1114 or 42.0425
CHORS,39.1374
IGPS,49.4923
ECOAH6,77.0722 or 79.5939
ENO,45.655
FBA,39.1473 or 38.1092
MGSA,16.9186
PPS,87.4351
PGI,61.5298
PGK,41.1182
EDA,22.284
PGL,36.3076
RPE,24.5542
TALA,35.2192 or 35.6588
TKT1,72.2117 or 73.0427
G6PDA,29.7742
ALCD2x,96.1272 or 35.3796
ALDD2y,29.41 or 42.097 or 56.3064 or 31.488 or 36.502
RMI,47.1994
FMNAT,34.7343
NADDP,29.6889 or 73.6061
NMNAT,47.3458 or 24.528
HMPK1,28.6336 or 30.8474
NDPK6,23.586 or 15.4634
NDPK8,23.586 or 15.4634
PYNP2r,27.1591
DURIPP,47.2071 or 25.9499
PTRCTA,49.6614
CYSDS,43.2124 or 52.7735
TRPAS2,52.7735
NDP3,17.4329 or 35.353
CDPPH,35.353
NDP7,35.353
PMDPHT,30.196 or 27.122
ILETA,34.0936
VALTA,34.0936
ORPT,23.567
RBFSa,16.1565
DHAD2,65.5316
G1PP,22.732 or 23.007 or 29.721
PFL,118.3894 or 113.5615 or 114.1398 or 127.8457
FRD2,121.2166
FRD3,121.2166
POX,62.0114
PTAr,77.1721 or 36.0667
ACKr,42.4337 or 43.2904 or 43.3841
MOAT,47.2911
UDCPDPS,28.4441
USHD,26.8942
LPADSS,42.3824
TDSK,35.5893
NTPP1,14.9271 or 30.4123
NTPP2,14.9271 or 30.4123
NTPTP1,59.3829
NTPTP2,59.3829
IPMD,39.517 or 40.3149
AIRC3,17.7803
ADSL2r,51.5428
PUNP5,29.8346 or 25.9499
PUNP6,25.9499 or 29.8346
PUNP7,29.8346
RNDR1,144.8473 or 141.0992
RNDR3,141.0992 or 144.8473
RNDR4,141.0992 or 144.8473
TMDS,30.4797
TMDK1,23.4566
PPCDC,43.4381
FTHFD,31.9347
EDD,64.639
DHQTi,27.4666
PUNP1,25.9499
PUNP2,25.9499
PUNP3,29.8346 or 25.9499
LYSAM,38.75
DHAD1,65.5316
IPPMIa,72.3693
G3PD7,148.4235
NADH9,20.17 or 47.3587 or 20.846 or 20.376
NADH10,20.17 or 47.3587 or 20.376 or 20.846
MDH,32.3373
FUM,60.1053 or 60.2986 or 50.4889
PYDXNK,30.8474
PYAM5PO,25.5452
OHPBAT,39.7833
GLUTRR,46.3068
GLCS1,52.8224
GLCP,93.1726 or 90.5224
HEMEOS,32.2485
ADMDC,30.3846
AGMT,33.557
ARGDC,84.4252
ARGSS,49.8984
AGPR,35.9521
SPMS,32.3214
G1SAT,45.3661
KDOCT2,27.6144
OAADC,22.284
MNNH,44.838
ALTRH,54.0931
GUI1,53.9872
PGAMT,47.5436
UAGDP,49.1901
UAGCVT,44.8176
GLUR,31.002
UAG2E,42.2446
MACPD,42.6133
DMQMT,26.5554
ICHORS_copy1,42.9316
HACD5,79.5939 or 77.0722
HPPK2,18.0788
PTPATi,17.8366
HEX7,32.4998
DXPRIi,43.388
OPHBDC,55.6038
OHPHM,26.5554
GHMT2r,45.3166
DHORD2,36.7745
ADK4,23.586
INSK,48.4488
ABTA,45.7746 or 44.7291
SSALx,49.7179
ASPT,52.3561
SERD_L,52.7735 or 48.9066 or 48.5216 or 48.7529 or 35.232
THRD,37.239 or 40.351
KARA1,54.069
KARA2,54.069
ACCOAC,134.5714
NADK,32.5664
ICHORS_copy2,48.7646
SUCBZS,35.4766
DHBD,26.2497
ICHORT,32.5543
RBK_L1,61.0894
RBP4E,25.2777 or 25.5189 or 25.5609
NTD2,25.3006 or 26.9004 or 27.163
NTD4,26.9004 or 27.163
NTD5,22.7081 or 26.9004 or 25.3006 or 20.255
NTD6,22.7081 or 26.9004 or 20.255
LGTHL,14.9198
PYDXPP,30.2013 or 30.3709 or 29.7077 or 27.163
PDXPP,30.2013
HACD6,79.5939 or 77.0722
ECOAH1,77.0722 or 79.5939
ECOAH2,77.0722 or 79.5939
ECOAH3,77.0722 or 79.5939
UGLT,39.6457
DXPS,67.6169
CDPMEK,30.9254
MECDPS,16.8975
DDGLK,33.9624
XYLI2,49.742
PMANM,50.4626
ICL,47.5216
GLYCL,209.0227
HCYSMT,33.4228
UDPG4E,37.2651
LACZ,116.4829
TRE6PH,63.8377
XYLI1,49.742
PPC,99.0626
G3PT,30.4128 or 27.163
CINNDO,126.9954
DHPPD,28.4996
DHCIND,28.4996
CITL,119.242
GOFUCR,36.1411
PYDXK,30.8474 or 31.3222
GTPCII2,21.836
SADT2,87.7468
LCARS,40.5134
ALCD19,35.3796 or 96.1272
RMPA,30.1455
SBTPD,27.8579
PFK_2,34.842
GLTPD,37.3901
TGBPA,78.4861 or 77.9206
MANAO,53.5802
TAGURr,54.8083
PGLYCP,27.3892
GLXCL,64.7317
TARTD,55.413
GLCRAL,27.3842
KAS14,42.6133 or 43.0458
EDTXS1,35.4068
EDTXS2,37.4104
EDTXS3,35.4934
EDTXS4,37.4104
NNDPR,32.7621
HACD4,79.5939 or 77.0722
HACD7,77.0722 or 79.5939
AACPS1,89.3395
SDPDS,41.269
DMSOR1,233.0425 or 144.0938
DKGLCNR2y,35.3955
2DGULRy,35.3955
RZ5PP,23.3085
NTD9,20.255 or 26.9004 or 25.399 or 27.163
NTD10,26.9004
ADPT,19.8589
ADK1,23.586
OCTDPS,35.217
AACPS2,89.3395
AACPS3,89.3395
AACPS4,89.3395
AMANK,29.6439
ACNML,32.5935
CAT,84.1626 or 80.0238
SERASr,141.991
DMSOR2,144.0938
ACMAMUT,27.9282
DDGALK,31.3736
AB6PGH,53.161 or 55.3608 or 53.935
AMALT1,78.5035
MLTP2,90.5224
PACCOAL,48.9529
GP4GH,31.2967
ACGAMT,40.9572
AADDGT,40.6396
GMHEPK,51.0506
TRE6PS,53.6112
UDCPDP,29.0213 or 22.3986 or 29.7588
TREH,63.6967
CYTK1,24.7463
CYTK2,24.7463
GK1,23.5927
HACD1,79.5939 or 77.0722
HACD2,79.5939 or 77.0722
ACACCT,46.4859 or 57.562
BUTCT,46.4859
2DGULRx,35.3955
G1PTT,32.6936 or 32.7344
TDPGDH,39.7538 or 40.5583
UDPGALM,42.9659
TDPDRE,21.2701
TDPDRR,32.6941
G3PD6,148.4235
ALLTN,49.6016
UAPGR,37.851
NDPK7,23.586 or 15.4634
GLYAT,43.117
ADNUC,32.5608
GMHEPPA,21.2942
S7PI,20.8148
TRPS3,71.7072
CRNBTCT,45.1268
CRNCBCT,45.1268
CRNCDH,28.1902
FADRx,26.242
GTPDPK,83.8756
NDPK2,23.586 or 15.4634
NDPK3,15.4634 or 23.586
NDPK4,23.586 or 15.4634
FCLT,33.052 or 35.8844 or 46.754
HBZOPT,32.5118
PNTK,36.3598
DPCOAK,22.6217
HETZK,27.3392
KDOPS,30.8327
KDOPP,19.9971
AST,38.4559
SGDS,35.8002
CYNTAH,17.0488
GSPMDA,70.532
GSPMDS,70.532
GUAD,50.2442
TMAOR1,144.0938 or 233.0425
TMAOR2,144.0938
DGK1,23.5927
DTMPK,23.7831
NDPK1,23.586 or 15.4634
TRDR,46.4296 or 50.1778
PGMT,58.361 or 20.7798 or 23.565
FRUK,33.7557
RHCCE,19.4162
KG6PDC,23.5781 or 23.4448
X5PL3E,32.0066 or 32.455
DOGULNR,36.5727
BETALDHx,52.9111
BETALDHy,52.9111
MLTG3,69.041
DKGLCNR1,31.1096 or 29.4368
NADTRHD,51.5604
FMNRx2,21.2533 or 26.242 or 66.2698
ACPS1,14.0523 or 21.7678
GMPS2,58.6792
AMPN,53.9949
GSNK,48.4488
ADCS,71.7414
ADCL,29.7151 or 18.7769
DHAPT,184.9768
UMPK,24.7463 or 25.9703
DDPGALA,21.3906
DURIK1,23.4566
UPPRT,22.5333
CTPS2,60.3742
NTD1,22.7081 or 26.9004 or 25.3006 or 20.255
NTD7,25.399 or 26.9004 or 20.255 or 27.163
PAPPT3,39.8748
UAGPT3,37.8147
F6PA,22.9968 or 23.5552
AGMHE,34.8932
GMHEPAT,51.0506
IDOND,37.1466
IDOND2,37.1466
GLYCLTDx,35.3955 or 35.3434
HPYRRy,35.3434 or 35.3955
ACODA,42.3473
ADA,36.3975
DADA,36.3975
ADD,63.7394
ADSS,47.345
AGDC,40.9491
ASNN,37.1272 or 33.394
ASNS2,36.6506 or 62.659
ASPCT,51.548 or 34.4274
DMPPS,34.7746
MCOATA,41.0567
IPDPS,34.7746
DAPE,30.2086
DHDPRy,28.7566
HSK,33.6236
SDPTA,45.7746 or 44.7291 or 43.767 or 43.6654 or 39.7833
THRS,47.1138
HSST,35.7273
PPNDH,43.1114
DDPA,38.0095 or 38.804 or 38.7351
NMNDA,17.582
NNAM,23.362
P5CD,143.8152
SPMDAT1,21.887
SPMDAT2,21.887
TDPADGAT,24.2204
MALS,60.2736 or 80.4885
TRE6PP,29.1753
ADPRDP,21.1532 or 23.6668
ARAI,56.074
M1PD,41.139
G3PD2,36.3616
GALS3,50.6571
FCI,64.9767
FCLK,52.2587
FCLPA,23.2225 or 23.7753
ACCOAL,72.0936 or 69.351
GALUi,32.9423
U23GAAT,36.0385
UAAGDS,53.3436
UAMAS,53.626
UAMAGS,46.9736
UGLYCH,18.1696
OP4ENH,28.8899
HOPNTAL,36.4704
3HPPPNH,62.1857
AKGDH,199.7616
HPYRRx,35.3434 or 35.3955
GLYCDx,38.7122
ASP1DC,13.8337
UGMDDS,47.4472
UHGADA,33.9559
UAGAAT,36.7195
ATPPRT,33.3667
HISTD,46.1103
IGPDH,40.278
PRPPS,34.2183
PRATPP,22.7558
PRMICI,26.0326
SERAT,29.3166
CYSS,32.6642 or 34.4896
BPNT,27.1759
PAPSR,43.5306 or 39.7824
ASPK,88.8877 or 89.1202 or 48.5317
ASAD,40.0179
DAPDC,46.1773
METAT,41.9516
ASCBPL,40.0607
ACBIPGT,20.164
ADOCBLS,26.3856
ADOCBIK,20.164
TMPK,35.0708
HPPPNDO,34.196
DHCINDO,34.196
HKNDDH,31.9375
HKNTDH,31.9375
GLYCK2,39.1043
ENTCS,23.2586
SULR,130.268
MANPGH,100.015
URDGLYCD,37.9671
CBMKr,31.6441
AMANAPEr,24.0737
ACM6PH,31.2199
NNATr,24.528
CYTDH,33.8229 or 33.748 or 32.5608
PSERT,39.7833
AIRC2,39.4611
GAPD,35.5325
HEX1,34.7231
GND,51.4813
TAUDO,32.4095
ME2,82.4174
ARGSL,50.3182
CBPS,159.2727
GLU5K,39.0565
IPPS,57.2979
ACOATA,42.1546
MLTG2,69.041
MLTG1,69.041
AMALT3,78.5035
MLTP3,90.5224
SPODM,23.0971 or 21.2658
AHCYSNS,24.354
TMK,32.3973
NTPP4,15.0461 or 30.4123
NTPP3,30.4123 or 16.3707 or 15.0461
NTPP6,30.4123 or 65.652
NTPP7,16.3707 or 30.4123 or 21.515
NTPP8,30.4123 or 21.515
P5CR,28.1449
CYANST,18.639 or 12.0825 or 30.8118
DHPPDA2,40.3383
GMAND,42.0468
PPCSCT,53.8244
CYTD,31.5399
DCYTD,31.5399
DBTS,24.1396
DCTPD,21.2493
DHDPS,31.27
G1PACT,49.1901
GART,42.4337
CSND,47.591
GF6PTA,66.8943
GLUCYS,58.2693
GLUN,32.9033 or 33.5156
GLUPRT,56.488
GMPR,37.3837
NADS1,30.6368
NTRIR2x,105.4053
OCBT,36.9071 or 36.8271
GARFT,23.2383
GPDDA1,27.4096
GPDDA2,27.4096
PHETA1,43.5734 or 43.5378 or 34.0936
PPND,42.0425
TRPS1,71.7072
PRAMPC,22.7558
MCITL2,32.1347
DXYLK,52.6182
MDH3,60.2296
SOTA,43.6654
SGSAD,53.0263
PTA2,77.1721
MDH2,60.2296
ACOTA,45.7746 or 43.6654 or 43.767 or 44.7291
GPDDA5,27.4096
PDX5PS,61.4981
PPBNGS,35.6248
PPNCL2,43.4381
PRAGSr,45.9404
PRFGS,141.4027
ETHAAL,81.1846
MAN1PT2,53.0163
AP4AH,31.2967
AP5AH,31.2967
ADNCYC,97.586
MI1PP,29.1721
MCITS,43.1022
PPAKr,43.3841
NTP3,68.867 or 36.704 or 35.66 or 39.1933 or 31.565 or 36.113 or 48.327
PPM2,44.37
MOAT2,47.2911
G6PDH2r,55.7044
NADH5,20.376 or 47.3587 or 20.17 or 20.846
MOHMT,28.2374
GMPS,58.6792
UDPGD,43.6569
GLCRD,48.8496 or 49.141
PPPNDO,126.9954
CHRPL,18.7769 or 29.7151
TDPAGTA,41.901
UACMAMO,45.8387
FBA3,39.1473
PMPK,28.6336
LCADi,52.2728
ADK3,23.586
GLUDC,52.6852 or 52.6681
BSORy,85.8507
ADSK,22.3213
HSDy,88.8877 or 89.1202
CYSTL,43.2124 or 43.6418
SHSL1,41.5504
SSALy,49.7179 or 51.7201
3HCINNMH,62.1857
BSORx,85.8507
GLUtex,41.2198 or 38.922 or 39.3333 or 40.3681
GLYtex,41.2198 or 38.922 or 39.3333 or 40.3681
GLYALDtex,41.2198 or 38.922 or 39.3333 or 40.3681
GLYBtex,41.2198 or 38.922 or 39.3333 or 40.3681
GLYCtex,41.2198 or 38.922 or 39.3333 or 40.3681
GLYC3Ptex,41.2198 or 38.922 or 39.3333 or 40.3681
GLYCLTtex,41.2198 or 38.922 or 39.3333 or 40.3681
GTPtex,38.922 or 41.2198 or 40.3681 or 39.3333
GUAtex,33.589
Htex,41.2198 or 38.922 or 39.3333 or 40.3681
H2tex,41.2198 or 38.922 or 39.3333 or 40.3681
H2Otex,41.2198 or 40.3681 or 34.9132 or 27.2003 or 37.2008 or 38.922 or 39.3333
FACOAL160t2pp,60.7731 or 62.332
FACOAL180t2pp,60.7731 or 62.332
SPODMpp,17.681
NO3R1bpp,189.2373
PHYTSpp,47.0568
PPTHpp,49.4386
NO3R2pp,250.963 or 250.502
NTP3pp,47.0568
NO3R2bpp,132.4391
THD2pp,103.3465
TMAOR1pp,138.0625 or 129.2504
TMAOR2pp,138.0625 or 129.2504
DAPtex,41.2198 or 38.922 or 39.3333 or 40.3681
12PPDStex,41.2198 or 38.922 or 39.3333 or 40.3681
DDGLCNtex,41.2198 or 38.922 or 39.3333 or 40.3681
26DAHtex,41.2198 or 38.922 or 39.3333 or 40.3681
HCINNMtex,41.2198 or 38.922 or 39.3333 or 40.3681
HPPPNtex,40.3681 or 39.3333 or 41.2198 or 38.922
ACtex,41.2198 or 38.922 or 39.3333 or 40.3681
ACALDtex,41.2198 or 38.922 or 39.3333 or 40.3681
ACMANAtex,39.3333 or 40.3681 or 38.922 or 41.2198
ACMUMtex,41.2198 or 38.922 or 39.3333 or 40.3681
ACACT7r,46.5305 or 40.8762
PSP_L,35.0427
ACACT2r,46.5305 or 40.8762
ACACT3r,46.5305 or 40.8762
ACACT4r,46.5305 or 40.8762
SUCCt2_2pp,45.4363 or 20.071
SUCFUMtpp,48.4122 or 47.9353 or 45.7507
SUCptspp,140.7342
SULabcpp,91.4055 or 141.5029 or 140.5477
TSULabcpp,140.5477 or 141.5029
TARTRt7pp,52.9064
AHGDx,44.1758
TAURabcpp,92.3748
THMDt2pp_copy1,46.3892 or 43.4758
Kt2pp,141.9722 or 140.9882 or 46.0626 or 69.2941
AKGt2rpp,47.0525
XYLt2pp,53.608
THMabcpp,120.6957
THMDt2pp_copy2,46.1398
THRabcpp,173.0651
TREptspp,142.013
TRPt2rpp,45.2107 or 44.3326 or 49.6901
TYRt2rpp,42.8191 or 49.6901
URIt2pp_copy1,46.3892 or 43.4758
URIt2pp_copy2,46.1398
VALabcpp,173.0651
XTSNt2rpp,46.1398
XYLabcpp,133.2353
XYLUt2pp,98.8541
THRt4pp,43.4777
GALtex,41.2198 or 38.922 or 39.3333 or 40.3681
GALCTtex,41.2198 or 38.922 or 39.3333 or 40.3681
GALCTNtex,41.2198 or 38.922 or 39.3333 or 40.3681
GALTtex,41.2198 or 38.922 or 39.3333 or 40.3681
GALURtex,41.2198 or 38.922 or 39.3333 or 40.3681
GTPCI,24.8306
FDMO,41.7363
FEOXAMabcpp,132.3078
CBL1abcpp,91.3973
ACACt2pp,47.5277
ACGAptspp,141.6088 or 141.0281
ACMANAptspp,166.32
ACNAMt2pp,53.5512
CHOLD,61.8776
DRPA,27.7338
TKT2,72.2117 or 73.0427
FEENTERabcpp,132.8487
FECRMabcpp,132.3078
GAMtex,41.2198 or 38.922 or 39.3333 or 40.3681
GBBTNtex,41.2198 or 38.922 or 39.3333 or 40.3681
ARBt2rpp,51.6844
DMSOR1pp,129.2504
ARGabcpp,108.1638 or 104.9824 or 105.0825
ARGAGMt7pp,46.8426
ASCBptspp,151.5519
ASNt2rpp,54.2331
ASPabcpp,112.4987
ASPt2pp,47.1592
ASPt2_2pp,45.4363
ASPt2_3pp,45.7507 or 47.9353
HIStex,41.2198 or 38.922 or 39.3333 or 40.3681
HXAtex,41.2198 or 38.922 or 39.3333 or 40.3681
HYXNtex,39.3333 or 40.3681 or 38.922 or 41.2198
IDONtex,41.2198 or 38.922 or 39.3333 or 40.3681
ILEtex,41.2198 or 38.922 or 39.3333 or 40.3681
INSTtex,41.2198 or 38.922 or 39.3333 or 40.3681
INStex,33.589
Ktex,41.2198 or 38.922 or 39.3333 or 40.3681
D_LACtex,41.2198 or 38.922 or 39.3333 or 40.3681
NTD8pp,26.1035 or 60.824
FRULYStex,41.2198 or 38.922 or 39.3333 or 40.3681
GALCTt2rpp,49.1421 or 49.0092
GALt2pp,50.9825
ASPtex,41.2198 or 38.922 or 39.3333 or 40.3681
ABUTt2pp,51.0801
CYSabcpp,81.517
SBTptspp,139.8976
TREHpp,63.6367
CYTBDpp,100.3437 or 104.7002
CYTBD2pp,100.3437
ACt2rpp,20.071
ATPS4rpp,240.9805 or 227.3487
INDOLEtex,41.2198 or 38.922 or 39.3333 or 40.3681
L_LACtex,40.3681 or 39.3333 or 41.2198 or 38.922
ACt4pp,59.1971
ADEt2rpp,46.8658 or 48.868 or 46.934
ADNt2pp_copy1,46.3892 or 43.4758
ADNt2pp_copy2,46.1398
ALAabcpp,173.0651
ALLabcpp,123.9704
ALLTNt2rpp,52.4561
ARBabcpp,124.7701
ECOAH8,77.0722 or 79.5939
GLCDpp,86.7474 or 41.0545
GUAtpp,46.758 or 45.712
HYD2pp,134.532 or 181.7482
HYXNtpp,45.712 or 46.758
FE3DCITabcpp,130.3612
CPGNtonex,149.1413
GLCRtex,41.2198 or 38.922 or 39.3333 or 40.3681
GLCNtex,41.2198 or 38.922 or 39.3333 or 40.3681
GLCURtex,41.2198 or 38.922 or 39.3333 or 40.3681
GLNtex,40.3681 or 39.3333 or 41.2198 or 38.922
O2tex,41.2198 or 38.922 or 39.3333 or 40.3681
OCTAtex,41.2198 or 38.922 or 39.3333 or 40.3681
ORNtex,41.2198 or 38.922 or 39.3333 or 40.3681
ECOAH5,77.0722 or 79.5939
DHFS,45.4057
CITt7pp,53.0926
CRNt7pp,56.5873
CHLabcpp,133.6869
DGSNt2pp,46.3892
DINSt2pp,46.3892
DURIt2pp,43.4758 or 46.3892
FE2abcpp,84.4737
FRUptspp,169.8482
FUCtpp,47.5449
FUMt2_2pp,45.4363
FUMt2_3pp,47.9353 or 45.7507 or 48.4122
FEENTERtonex,150.0155
CSNt2pp,43.6496
CYNTt2pp,41.3607
CYTDt2pp_copy1,43.4758 or 46.3892
CYTDt2pp_copy2,46.1398
DADNt2pp,43.4758 or 46.3892
DCYTt2pp,43.4758 or 46.3892
DDGLCNt2rpp,33.6693
RMNtex,39.3333 or 38.922 or 40.3681 or 41.2198
MALTTRtexi,49.9122
MALTTTRtexi,49.9122
MALTPTtexi,49.9122
MALTtexi,49.9122
GLCtex_copy1,49.9122
FE3DCITtonex,153.2302
PHEtex,41.2198 or 38.922 or 39.3333 or 40.3681
PItex,41.2198 or 38.922 or 39.3333 or 40.3681
ACGAMK,33.0427
METS,135.997 or 84.6735
CYSabc2pp,127.9764
PRASCSi,26.995
TRSARr,30.8006 or 30.4274
LYXI,47.1994
PNTOtex,41.2198 or 38.922 or 39.3333 or 40.3681
PPPNtex,41.2198 or 38.922 or 39.3333 or 40.3681
PPTtex,41.2198 or 38.922 or 39.3333 or 40.3681
PTRCtex,41.2198 or 38.922 or 39.3333 or 40.3681
PYRtex,41.2198 or 38.922 or 39.3333 or 40.3681
DSERtex,41.2198 or 38.922 or 39.3333 or 40.3681
SERtex,41.2198 or 38.922 or 39.3333 or 40.3681
SO4tex,41.2198 or 38.922 or 39.3333 or 40.3681
SPMDtex,39.3333 or 40.3681 or 38.922 or 41.2198
SUCCtex,41.2198 or 38.922 or 39.3333 or 40.3681
SUCRtex,41.2198 or 38.922 or 39.3333 or 40.3681
TARTRtex,41.2198 or 38.922 or 39.3333 or 40.3681
TAURtex,41.2198 or 38.922 or 39.3333 or 40.3681
THRtex,41.2198 or 38.922 or 39.3333 or 40.3681
THMDtex,41.2198 or 38.922 or 39.3333 or 40.3681
CBIuabcpp,91.3973
METDtex,41.2198 or 38.922 or 39.3333 or 40.3681
METtex,41.2198 or 38.922 or 39.3333 or 40.3681
MNLtex,38.922 or 41.2198 or 40.3681 or 39.3333
NAtex,41.2198 or 38.922 or 39.3333 or 40.3681
NACtex,41.2198 or 38.922 or 39.3333 or 40.3681
NH4tex,38.922 or 41.2198 or 40.3681 or 39.3333
URIH,33.8229 or 33.748 or 32.5608
XTSNH,32.5608
INSH,32.5608
BUTtex,41.2198 or 38.922 or 39.3333 or 40.3681
CHLtex,41.2198 or 38.922 or 39.3333 or 40.3681
CO2tex,41.2198 or 38.922 or 39.3333 or 40.3681
CRNtex,41.2198 or 38.922 or 39.3333 or 40.3681
PPK2,80.4315
DINStex,41.2198 or 38.922 or 39.3333 or 40.3681
DMStex,41.2198 or 38.922 or 39.3333 or 40.3681
CSNtex,41.2198 or 38.922 or 39.3333 or 40.3681
CYNTtex,39.3333 or 40.3681 or 38.922 or 41.2198
CYStex,41.2198 or 38.922 or 39.3333 or 40.3681
CYTDtex,41.2198 or 38.922 or 39.3333 or 40.3681
DCAtex,41.2198 or 38.922 or 39.3333 or 40.3681
DCYTtex,33.589
DGSNtex,41.2198 or 38.922 or 39.3333 or 40.3681
MTHFR2,33.1027
ASPO3,60.3374
ASPO5,60.3374
ASPO4,60.3374
ASPO6,60.3374
LCTStex,41.2198 or 38.922 or 39.3333 or 40.3681
LEUtex,41.2198 or 38.922 or 39.3333 or 40.3681
LYStex,41.2198 or 38.922 or 39.3333 or 40.3681
LYXtex,41.2198 or 38.922 or 39.3333 or 40.3681
MANtex,41.2198 or 38.922 or 39.3333 or 40.3681
MAN6Ptex,39.3333 or 40.3681 or 38.922 or 41.2198
MELIBtex,41.2198 or 38.922 or 39.3333 or 40.3681
DMSOtex,41.2198 or 38.922 or 39.3333 or 40.3681
DURItex,33.589
FRUtex,41.2198 or 38.922 or 39.3333 or 40.3681
FUCtex,41.2198 or 38.922 or 39.3333 or 40.3681
FUMtex,41.2198 or 38.922 or 39.3333 or 40.3681
ACACT5r,40.8762 or 46.5305
MALDDH,40.3149
FE2tex,38.922 or 41.2198 or 40.3681 or 39.3333
NMNtex,41.2198 or 38.922 or 39.3333 or 40.3681
NO2tex,41.2198 or 38.922 or 39.3333 or 40.3681
DHPS2,30.6151
MTHFC,31.0438
MTHFD,31.0438
BUTt2rpp,47.5277
CADVtpp,46.665
QULNS,38.2408
ALKP,20.7798
GDPtex,40.3681 or 39.3333 or 41.2198 or 38.922
TMAtex,41.2198 or 38.922 or 39.3333 or 40.3681
TMAOtex,41.2198 or 38.922 or 39.3333 or 40.3681
TREtex,41.2198 or 38.922 or 39.3333 or 40.3681
L_LACD3,104.2689 or 42.7282
L_LACD2,104.2689 or 42.7282
ACACT6r,46.5305 or 40.8762
TRPtex,41.2198 or 38.922 or 39.3333 or 40.3681
TSULtex,41.2198 or 38.922 or 39.3333 or 40.3681
TYRtex,41.2198 or 38.922 or 39.3333 or 40.3681
URAtex,41.2198 or 38.922 or 39.3333 or 40.3681
UREAtex,41.2198 or 38.922 or 39.3333 or 40.3681
URItex,33.589
VALtex,41.2198 or 38.922 or 39.3333 or 40.3681
XANtex,41.2198 or 38.922 or 39.3333 or 40.3681
XYLtex,41.2198 or 38.922 or 39.3333 or 40.3681
ABUTtex,41.2198 or 38.922 or 39.3333 or 40.3681
FORtppi,30.9907 or 30.5646
GLCTR1,42.2841
LIPAabcpp,64.4607
LIPACabcpp,64.4607
GGGABADr,53.4186
GLYOX3,31.19
FDMO3,41.7363
FDMO4,41.7363
BUTSO3abcpp,91.2213 or 92.3748
ETHSO3abcpp,91.2213
O16GLCT1,43.1882
O16AP2pp,81.199
O16AP3pp,81.199
O16A4Lpp,46.8777
MALTATr,20.096
ENTERES,45.6519
23CAMPtex,41.2198 or 38.922 or 39.3333 or 40.3681
23CCMPtex,41.2198 or 38.922 or 39.3333 or 40.3681
23CUMPtex,41.2198 or 38.922 or 39.3333 or 40.3681
23CGMPtex,41.2198 or 38.922 or 39.3333 or 40.3681
3AMPtex,41.2198 or 38.922 or 39.3333 or 40.3681
3CMPtex,41.2198 or 38.922 or 39.3333 or 40.3681
LADGMDH,26.558
ALAGLUE,34.674
FEENTERtpp,43.282
FEENTERtex,53.7407
PTRCt2pp,50.8531 or 46.4949 or 49.538
GGGABAH,28.013
FRULYSK,28.3318
FDMO6,41.7363
SULFACabcpp,91.2213
ETHSO3tex,41.2198 or 38.922 or 39.3333 or 40.3681
BUTSO3tex,41.2198 or 38.922 or 39.3333 or 40.3681
LIPOtex,39.3333 or 41.2198 or 40.3681 or 38.922
CYANSTpp,11.4753
MCPST,30.8118
PHEMEabcpp,100.0008
GALBDtex,39.3333 or 40.3681 or 38.922 or 41.2198
LIPAHT2ex,21.7696
LIPAHTex,21.7696
ECAP1pp,135.966
UDCPDPpp,29.7588 or 29.0213 or 22.3986
ECAP2pp,135.966
ECA4OALpp,46.8777
FE3Ri,26.242
SULFACtex,38.922 or 41.2198 or 40.3681 or 39.3333
NODOy,43.8677
GALM2pp,38.1905
CU1abcpp,87.8731
HG2abcpp,76.8399
GLCTR3,39.0403
HEPT4,41.7295
LA4NTpp,62.5426
NODOx,43.8677
NOtex,41.2198 or 38.922 or 39.3333 or 40.3681
NHFRBO,95.6378
N2Otex,41.2198 or 38.922 or 39.3333 or 40.3681
CRNt8pp,56.5873
CRNt2rpp,54.8458
CRNDt2rpp,54.8458
CTBTt2rpp,54.8458
42A12BOOXpp,84.3787
TYROXDApp,84.3787
PEAMNtex,41.2198 or 38.922 or 39.3333 or 40.3681
PACALDtex,41.2198 or 38.922 or 39.3333 or 40.3681
NTRIR4pp,134.0271
NTRIR3pp,134.0271
INOSTt4pp,62.085
AGM3PA,20.5362
CYANtex,41.2198 or 38.922 or 39.3333 or 40.3681
SO3tex,41.2198 or 38.922 or 39.3333 or 40.3681
TCYNTtex,41.2198 or 38.922 or 39.3333 or 40.3681
ACANTHAT,32.2746
METSOX1tex,41.2198 or 38.922 or 39.3333 or 40.3681
METSOX2tex,41.2198 or 38.922 or 39.3333 or 40.3681
3UMPtex,41.2198 or 38.922 or 39.3333 or 40.3681
3GMPtex,41.2198 or 38.922 or 39.3333 or 40.3681
METSOXR1,101.4054 or 38.8698 or 35.1216 or 97.6573
METSOXR2,29.9286 or 31.006 or 27.2578 or 33.6768
DAPAL,43.3276
AMPTASECG,46.1802 or 98.9189 or 54.8798 or 52.9154
DOPAtex,41.2198 or 38.922 or 39.3333 or 40.3681
4HOXPACDtex,41.2198 or 38.922 or 39.3333 or 40.3681
LACZpp,83.46
GPDDA1pp,40.8434
GPDDA5pp,40.8434
ETHAtex,41.2198 or 38.922 or 39.3333 or 40.3681
G3PStex,41.2198 or 38.922 or 39.3333 or 40.3681
FLVR,26.242 or 130.268
FDMO2,41.7363
LALGP,52.9154
AGM4PApp,31.4121 or 45.6344 or 47.9852 or 31.072
AGM4PA,20.5362
RNDR3b,141.2725 or 126.6071 or 126.0597 or 129.801
RNDR4b,129.801 or 126.6071 or 126.0597 or 141.2725
ACGAL1Ptex,41.2198 or 38.922 or 39.3333 or 40.3681
ACGALtex,41.2198 or 38.922 or 39.3333 or 40.3681
GLCUR1Ptex,41.2198 or 38.922 or 39.3333 or 40.3681
UDPGLCURtex,41.2198 or 38.922 or 39.3333 or 40.3681
UDPGALPpp,60.824
UACGAMPpp,60.824
UACGALPpp,60.824
UGLCURPpp,60.824
FEROpp,56.5562 or 18.495
ISETACabcpp,92.3748 or 91.2213
ISETACtex,41.2198 or 38.922 or 39.3333 or 40.3681
UDPGtex,41.2198 or 38.922 or 39.3333 or 40.3681
UDPGALtex,40.3681 or 39.3333 or 41.2198 or 38.922
ACGAM1Ptex,41.2198 or 38.922 or 39.3333 or 40.3681
UACGAMtex,41.2198 or 38.922 or 39.3333 or 40.3681
UDPACGALtex,41.2198 or 38.922 or 39.3333 or 40.3681
AM4PCP,33.5675
AM3PA,20.5362
UM4PCP,33.5675
CBLAT,21.9989
MSO3abcpp,91.2213
MSO3tex,41.2198 or 38.922 or 39.3333 or 40.3681
TDP,17.4329
3PEPTabcpp,206.847 or 200.7513 or 201.75
4PEPTabcpp,201.75 or 206.847
AGM3Pt2pp,53.2452
AGM4Pt2pp,53.2452
AGMt2pp,53.2452
FEOXAMR1,30.1128
FEOXAMR2,30.1128
FEOXAMR3,30.1128
PTHRpp,26.1035 or 49.4386
ARABDI,64.9767
AGt3,221.5328
CD2t3pp,32.9273 or 34.6784
ZNabcpp,89.3735
SKMt2pp,47.8174
FE2t2pp,44.1937
R5PPpp,26.1035 or 49.4386
PSP_Lpp,26.1035 or 49.4386
TYRPpp,26.1035
GLYC2Ptex,41.2198 or 38.922 or 39.3333 or 40.3681
PSERtex,41.2198 or 38.922 or 39.3333 or 40.3681
R5Ptex,41.2198 or 38.922 or 39.3333 or 40.3681
THRPtex,41.2198 or 38.922 or 39.3333 or 40.3681
TYRPtex,41.2198 or 38.922 or 39.3333 or 40.3681
PAPSR2,52.326 or 37.1133 or 37.6607 or 40.8546
GRXR,12.8788 or 24.3502 or 9.1375 or 9.6849
RNDR1b,126.6071 or 141.2725 or 126.0597 or 129.801
RNDR2b,129.801 or 126.6071 or 141.2725 or 126.0597
FACOAE181,31.9663
FACOAE160,31.9663
FACOAE140,31.9663
AAMYL,56.6394
AAMYLpp,75.7127
FACOAL80t2pp,62.332 or 60.7731
PPGPPDP,79.3424
CPGNabcpp,132.3078
CITtex,41.2198 or 38.922 or 39.3333 or 40.3681
ACGAtex,41.2198 or 38.922 or 39.3333 or 40.3681
DDCAtexi,48.5416
TTDCAtexi,48.5416
HDCAtexi,48.5416
23PDE2pp,70.8322
23PDE4pp,70.8322
23PDE9pp,70.8322
SARCOX,40.902
MN6PP,29.721 or 30.4128 or 24.33 or 29.7077
3KGK,55.1548
F6PP,23.007 or 29.721 or 30.4128 or 20.7798 or 29.7077
GDPMNH,18.2735
FACOAL60t2pp,62.332 or 60.7731
IDONt2rpp,46.0413
ILEabcpp,173.0651
INDOLEt2pp,206.5128
INSt2pp,46.1398 or 46.3892 or 43.4758
LYXt2pp,37.3198
GDPDPK,83.8756 or 79.3424
OCDCAtexi,48.5416
OCDCEAtexi,48.5416
G6Ptex,41.2198 or 38.922 or 39.3333 or 40.3681
TUNGSabcpp,91.4055
MOBDabcpp,140.5477 or 91.4055 or 141.5029
MOBDtex,41.2198 or 38.922 or 39.3333 or 40.3681
NI2uabcpp,180.8711 or 99.4665
NI2tex,41.2198 or 38.922 or 39.3333 or 40.3681
R15BPK,20.7296
Kabcpp,151.6554 or 154.7272
LEUabcpp,173.0651 or 173.3673
L_LACt2rpp,59.1682 or 58.9202
MALt2_2pp,45.4363
MALt2_3pp,47.9353 or 45.7507
MALTabcpp,173.6169
MALTHXabcpp,173.6169
MALTPTabcpp,173.6169
MALTTRabcpp,173.6169
MALTTTRabcpp,173.6169
MAN6Pt6_2pp,50.6066
MANGLYCptspp,142.3491
MELIBt2pp,52.6364 or 46.5033
METabcpp,90.4761
GGPTRCS,53.1772
RMNtpp,37.3198
SERt4pp,43.4777
SUCCt2_3pp,47.9353 or 45.7507
MNLptspp,137.6982 or 140.6535 or 139.8976
NAt3_1p5pp,56.7284
NAt3_2pp,41.3557
NH4tpp,44.5147
NMNPtpp,26.9962
NO2t2rpp,49.6934 or 28.5625
NO3t7pp,49.6934 or 49.8902
ORNabcpp,108.1638
PIuabcpp,132.494
PNTOt4pp,51.717
FRULYSDG,38.5692
METDabcpp,90.4761
PROabcpp,117.805
PROt2rpp,54.8458 or 50.216
PROt4pp,54.3442
PTRCabcpp,142.4178 or 148.8005 or 142.0682
ASNNpp,36.8507
GLUNpp,36.8507
NTD12,25.399 or 26.9004 or 22.7081 or 20.255
FECRMtonex,150.0909
ADOCBLabcpp,91.3973
CRNabcpp,117.805
CRNDabcpp,117.805
DNTPPA,17.3058 or 14.9271
CTBTabcpp,117.805
NTPP9,21.0388
NTPP10,21.0388
NTPP11,21.0388
NTD10pp,26.1035 or 60.824
NTD1pp,60.824 or 26.1035
NTD2pp,60.824 or 26.1035 or 49.4386
NTD3pp,60.824 or 26.1035
NTD4pp,26.1035 or 60.824 or 49.4386
NTD5pp,26.1035 or 60.824
NTD6pp,60.824 or 26.1035
NTD7pp,26.1035 or 60.824 or 49.4386
NTD9pp,26.1035 or 60.824 or 49.4386
PEAMNOpp,84.3787
GAL1PPpp,45.6829
H2O2tex,41.2198 or 38.922 or 39.3333 or 40.3681
ARGDCpp,73.8984
ALLPI,16.0733
ALLK,33.8209
ALLULPE,26.1092
ADEtex,41.2198 or 38.922 or 39.3333 or 40.3681
ADNtex,33.589
AGMtex,41.2198 or 38.922 or 39.3333 or 40.3681
ALAtex,40.3681 or 38.922 or 41.2198 or 39.3333
BALAtex,41.2198 or 38.922 or 39.3333 or 40.3681
DALAtex,41.2198 or 38.922 or 39.3333 or 40.3681
AMPtex,39.3333 or 40.3681 or 38.922 or 41.2198
ARBtex,41.2198 or 38.922 or 39.3333 or 40.3681
ARGtex,41.2198 or 38.922 or 39.3333 or 40.3681
ASCBtex,41.2198 or 38.922 or 39.3333 or 40.3681
FACOAL100t2pp,62.332 or 60.7731
RIBabcpp,134.7364 or 160.2413 or 123.9704
GPDDA3pp,40.8434
GPDDA4pp,40.8434
GPDDA2pp,40.8434
FACOAL120t2pp,60.7731 or 62.332
FACOAL140t2pp,60.7731 or 62.332
FE3HOXtonex,150.0909
CU2abcpp,76.8399
COBALT2abcpp,76.8399
NI2abcpp,76.8399
MG2uabcpp,99.4665
HCYSMT2,33.4228
MMETtex,41.2198 or 38.922 or 39.3333 or 40.3681
FE3tex,41.2198 or 38.922 or 39.3333 or 40.3681
MG2tex,41.2198 or 38.922 or 39.3333 or 40.3681
Zn2tex,41.2198 or 38.922 or 39.3333 or 40.3681
MMETt2pp,50.5258
CD2tex,41.2198 or 38.922 or 39.3333 or 40.3681
GLNabcpp,78.2854
GLUabcpp,112.4987
GLUABUTt7pp,55.0767
GLUt2rpp,47.1592
GLUt4pp,42.4251
GLYALDtpp,29.78
ACGK,27.1595
LCTSt3ipp,42.7461 or 42.5382 or 42.7132
ARBt3ipp,42.5382
14GLUCANabcpp,173.6169
14GLUCANtexi,49.9122
DHPTPE,14.082
NADPHQR2,21.8909
NADPHQR3,21.8909
NADPHQR4,21.8909
GLBRAN2,84.3369
ASR,40.2035
ASO3tex,41.2198 or 38.922 or 39.3333 or 40.3681
MANGLYCtex,41.2198 or 38.922 or 39.3333 or 40.3681
FRUURt2rpp,47.1379
FRUURtex,41.2198 or 38.922 or 39.3333 or 40.3681
ECAtpp,44.9597
O16AT,21.6751
O16GALFT,37.7572
O16AUNDtpp,45.3826
O16AP1pp,81.199
GLYCAt2rpp,49.0092 or 49.1421
GLYCAtex,41.2198 or 38.922 or 39.3333 or 40.3681
AGM4PCP,33.5675
4PCP,33.5675
4PCPpp,21.04
FALDH2,39.359
GLYBabcpp,133.6869 or 117.805
GLYC3Pt6pp,50.3104
GLYCLTt4pp,59.1971
GLYCtpp,29.78
H2Otpp,23.7028
HCINNMt2rpp,41.5508
HISabcpp,108.6555
HISt2rpp,49.6901
CBIAT,21.9989
LYSabcpp,108.1638
COBALT2tex,41.2198 or 38.922 or 39.3333 or 40.3681
PPDOy,37.978
NTD12pp,60.824 or 26.1035
PPA2,58.136 or 26.9004
DIMPtex,41.2198 or 38.922 or 39.3333 or 40.3681
3NTD7pp,70.8322 or 49.4386
3NTD4pp,49.4386 or 70.8322 or 49.4386
3NTD2pp,70.8322 or 49.4386
3NTD9pp,70.8322 or 49.4386
23PDE7pp,70.8322
GALTptspp,148.1757
GALURt2rpp,46.8923
GLCNt2rpp,45.9666 or 47.1379 or 46.4159 or 46.0413
GLCptspp,141.6088 or 147.5593 or 166.32
GLCRt2rpp,49.0092 or 49.1421
GLCt2pp,50.9825
GLCURt2rpp,33.6693 or 46.8923
ACMUMptspp,140.7342
HSTPT,39.3601
THDPS,29.8921
ACONMT,29.006
XTSNtex,41.2198 or 38.922 or 39.3333 or 40.3681
GNK,19.5433 or 21.004
HMBS,33.8518
RMK,54.069
FHL,467.4248 or 311.4924
MEPCT,25.7373
GLUDy,48.5814 or 215.3123
ZN2abcpp,76.8399
GLYCLTDy,35.3434 or 35.3955
LYSDC,80.5903 or 81.2601
DAAD,47.6073
UREAtpp,29.78
XANt2pp,48.868 or 49.1082 or 51.758
GLYC3Pabcpp,152.736
PPPNt2rpp,41.5927
PTRCORNt7pp,46.4949
SPMDabcpp,142.0682 or 142.4178
HG2tex,41.2198 or 38.922 or 39.3333 or 40.3681
NTPP5,17.3058 or 30.4123
NTD3,22.7081 or 26.9004 or 20.255
GLYOX,28.4344
DADNtex,33.589
DHAtex,41.2198 or 38.922 or 39.3333 or 40.3681
ETOHtex,41.2198 or 38.922 or 39.3333 or 40.3681
MTRPOX,40.902
AGM4PCPpp,21.04
GTPDPDP,54.8711
RNDR2,141.0992 or 144.8473
XAND,129.7994
HACD3,79.5939 or 77.0722
ACACtex,41.2198 or 38.922 or 39.3333 or 40.3681
ACNAMtex,39.3333 or 27.888 or 40.3681
ARBTNabcpp,132.3078
NNDMBRT,36.987
THRA2,45.3166 or 36.4947
ASO3t8pp,45.4974
H2Stex,38.922 or 41.2198 or 40.3681 or 39.3333
PPK,80.4315
ABUTD,50.83
E4PD,37.2994 or 35.5325
IG3PS,50.1073
DADK,23.586
DUTPDP,16.1555 or 16.3707
NTP5,39.1933
FORt2pp,30.9907 or 30.5646
MTAN,24.354
DPR,33.8708 or 54.069
THRD_L,56.1952 or 35.232
4PEPTtex,41.2198 or 38.922 or 39.3333 or 40.3681
NAMNPP,45.8973
SELNPS,36.6873
CRNCAR,28.1902
GALabcpp,127.678 or 160.2413
GLYCLTt2rpp,59.1682 or 58.9202
GUAt2pp,48.868
HPPPNt2rpp,41.5508
ANHMK,39.4963
DHFR,26.3483 or 17.9994
PRAIi,49.4923
TYRTA,43.5734 or 43.5378 or 34.0936
SHKK,19.538 or 19.1508
SADH,49.2986
GLUSy,215.3123
GUAPRT,20.1152 or 16.9706
PDH,216.453
DMSOR2pp,129.2504
HYD3pp,134.532 or 181.7482
NO3R1pp,250.963 or 250.502
AACPS5,89.3395
MANptspp,166.32
NTD8,25.399 or 26.9004 or 22.7081 or 20.255
GALCTD,56.4016
MLTG4,69.041
UDPGDC,74.2889
PUNP4,29.8346 or 25.9499
AMAOTr,47.3356
ARGORNt7pp,49.5015
NTD11pp,60.824 or 26.1035
DKGLCNR2x,35.3955
ACGS,49.1952
PDE1,90.2604 or 30.938
MCITD,53.9518
CU2tex,38.922 or 41.2198 or 40.3681 or 39.3333
GLCATr,20.096
ALAALAr,39.3158 or 32.8397
CLtex,41.2198 or 38.922 or 39.3333 or 40.3681
CELBpts,123.7072 or 145.1882
ACACT1r,46.5305 or 40.3525 or 40.8762
MALTptspp,147.5593
CD2abcpp,76.8399
G2PPpp,26.1035 or 49.4386
Kt3pp,39.1685 or 66.4112 or 67.7958 or 44.3209
AGM3PApp,45.6344 or 47.9852 or 31.4121 or 31.072
SUCOAS,71.1701
NTP1,61.9863 or 39.1933
GALKr,41.4421
PANTS,31.5977
YUMPS,32.91
DHQS,38.881
PGCD,44.1758
ADSL1r,51.5428
SERD_D,47.9006
AICART,57.3292
FRUpts2pp,166.32
G6Pt6_2pp,50.6066
PROtex,38.922 or 41.2198 or 40.3681 or 39.3333
SBTtex,41.2198 or 38.922 or 39.3333 or 40.3681
PFK,34.842 or 32.456
PGM,28.5564 or 56.1939
TPI,26.9718
RPI,22.8604 or 16.0733
PERD,41.3676
PYDAMK,30.8474
AKGtex,41.2198 or 38.922 or 39.3333 or 40.3681
ALLTNtex,41.2198 or 38.922 or 39.3333 or 40.3681
ASNtex,41.2198 or 38.922 or 39.3333 or 40.3681
FE3HOXabcpp,132.3078
FADRx2,66.2698
PDE4,90.2604
AGM4PH,37.5947
AM4PA,20.5362
ATHRDHr,27.2489
LSERDHr,27.2489
DSERDHr,27.2489
OBTFL,113.5615 or 127.8457 or 114.1398
THRt2pp,31.1685 or 22.4741
G6PP,29.7077 or 30.4128 or 23.007
MMCD,29.1726
GLNS,51.9038
TYMtex,41.2198 or 38.922 or 39.3333 or 40.3681
GTHS,35.5609
CMPtex,41.2198 or 38.922 or 39.3333 or 40.3681
DUMPtex,41.2198 or 38.922 or 39.3333 or 40.3681
XMPtex,41.2198 or 38.922 or 39.3333 or 40.3681
3PEPTtex,41.2198 or 38.922 or 39.3333 or 40.3681
ANHGMtex,41.2198 or 38.922 or 39.3333 or 40.3681
UDPKAAT,41.6498
ULA4NFT,74.2889
UPLA4FNT,36.3391
UPLA4FNF,33.1118
ULA4Ntppi,26.2771
HEPT1,35.5438
FALDtex,41.2198 or 38.922 or 39.3333 or 40.3681
ALR2,30.9866 or 31.1096 or 29.4368 or 38.8322
AMALT2,78.5035
MLTP1,90.5224
HEPT2,39.0421
CYSDtex,41.2198 or 38.922 or 39.3333 or 40.3681
HXAND,129.7994
G3PItex,41.2198 or 38.922 or 39.3333 or 40.3681
G3PGtex,41.2198 or 38.922 or 39.3333 or 40.3681
G3PEtex,40.3681 or 39.3333 or 41.2198 or 38.922
G3PCtex,41.2198 or 38.922 or 39.3333 or 40.3681
MOAT3C,32.9201
RHAT1,36.7305
GLCabcpp,127.678
GALT1,40.8259
GLCTR2,39.4232
UDPGPpp,60.824
PPPGO,21.2263
DAMPtex,41.2198 or 38.922 or 39.3333 or 40.3681
DCMPtex,41.2198 or 38.922 or 39.3333 or 40.3681
DGMPtex,41.2198 or 38.922 or 39.3333 or 40.3681
DTMPtex,41.2198 or 38.922 or 39.3333 or 40.3681
GMPtex,39.3333 or 40.3681 or 38.922 or 41.2198
IMPtex,41.2198 or 38.922 or 39.3333 or 40.3681
UMPtex,40.3681 or 39.3333 or 41.2198 or 38.922
G1Ptex,41.2198 or 38.922 or 39.3333 or 40.3681
ADNK1,23.586
CUt3,221.5328
ZN2t3pp,32.9273 or 34.6784
SKMtex,41.2198 or 38.922 or 39.3333 or 40.3681
MNt2pp,44.1937
MNtex,41.2198 or 38.922 or 39.3333 or 40.3681
GAL1Ptex,41.2198 or 38.922 or 39.3333 or 40.3681
O2Stex,38.922 or 41.2198 or 40.3681 or 39.3333
HEPK1,30.8723
HEPT3,38.7307
HEPK2,27.461
ALDD3y,36.502 or 56.3064 or 42.097
R5PP,23.007 or 20.7798 or 30.4128 or 27.163 or 29.721
CYSSADS,43.2342 or 44.4338
CPPPGO2,52.729
AGM3PH,37.5947
HOMt2pp,31.1685 or 22.4268
HOMtex,41.2198 or 38.922 or 39.3333 or 40.3681
SO2tex,41.2198 or 38.922 or 39.3333 or 40.3681
LDH_D2,64.6123
SHCHF,49.9514
SUCBZL,50.1847
CYSDDS,35.1533
CYStpp,21.2483 or 32.3242
ACSERtpp,21.2483 or 32.3242
ACSERtex,38.922 or 41.2198 or 40.3681 or 39.3333
NTP10,39.1933 or 18.2127
PRAIS,36.854
GDMANE,36.1411
GPDDA4,27.4096
LPLIPAL2E140,38.9783
LPLIPAL2E180,38.9783
LPLIPAL2G161,38.9783
LPLIPAL2G181,38.9783
2AGPE120tipp,41.6556
AACPS6,89.3395
AACPS7,89.3395
G3PGabcpp,152.736
G3PIabcpp,152.736
G3PSabcpp,152.736
QMO2,11.5324
QMO3,11.5324
LPLIPAL2E141,38.9783
LPLIPAL2E161,38.9783
LPLIPAL2E181,38.9783
LPLIPAL2G180,38.9783
LPLIPAL2G141,38.9783
2AGPA120tipp,41.6556
2AGPG180tipp,41.6556
IPDDI,20.5083
2AGPGAT180,80.7
2AGPGAT181,80.7
LPLIPAL2ATG120,38.9783
PLIPA1E140pp,33.1631
PLIPA1E160pp,33.1631
PLIPA1E161pp,33.1631
AACPS8,89.3395
AACPS9,89.3395
HXCT,46.4859
2AGPEAT160,80.7
DURADx,89.3983
ECOAH7,77.0722 or 79.5939
G1PPpp,45.6829 or 49.4386
GALCTND,42.5229
GCALDD,52.2728
HISTP,40.278
LDH_D,36.5348
AMALT4,78.5035
NTD11,26.9004 or 25.399
ORNDC,79.4162 or 82.4158
UPP3MT,49.9514
KAS15,33.5151
ALAALAtex,41.2198 or 38.922 or 39.3333 or 40.3681
FACOAL181t2pp,62.332 or 60.7731
T2DECAI,18.969
3OAS161,42.6133
EAR141y,27.8639
EAR161x,27.8639
DASYN160,31.4538
DASYN161,31.4538
DASYN181,31.4538
CDAPPA161,28.4508
PGSA180,20.7006
PSSA140,52.8018
2AGPGAT141,80.7
FACOAE180,31.9663
FACOAE100,31.9663
FACOAE80,31.9663
FACOAE60,31.9663
PLIPA1E120pp,33.1631
MALtex,41.2198 or 38.922 or 39.3333 or 40.3681
NO3tex,39.3333 or 41.2198 or 38.922 or 40.3681
3OAS141,42.6133
3OAR121,25.5603
CFAS160G,43.909
URAt2pp,45.0601 or 45.5574
FACOAE141,31.9663
FACOAE161,31.9663
TTDCEAtexi,48.5416
HDCEAtexi,48.5416
ALAALAD,21.213
2AGPEAT180,80.7
2AGPEAT181,80.7
2AGPGAT140,80.7
PLIPA1E181pp,33.1631
PLIPA1G180pp,33.1631
PLIPA1G181pp,33.1631
ALAALAabcpp,203.5039 or 197.6779
HEXt2rpp,47.5277
G3PEabcpp,152.736
G3PCabcpp,152.736
2AGPGAT161,80.7
AMPTASEPG,54.8798 or 46.1802 or 98.9189 or 52.9154
PROGLYabcpp,203.5039
GTHRDabcpp,192.8889
2AGPG140tipp,41.6556
2AGPG160tipp,41.6556
2AGPG141tipp,41.6556
2AGPG161tipp,41.6556
2AGPG181tipp,41.6556
2AGPEAT140,80.7
2AGPEAT120,80.7
2AGPEAT161,80.7
2AGPEAT141,80.7
2AGPGAT160,80.7
LPLIPAL2ATG140,38.9783
LPLIPAL2ATG141,38.9783
LPLIPAL2ATG160,38.9783
LPLIPAL2ATG180,38.9783
LPLIPAL2ATG161,38.9783
LPLIPAL2ATG181,38.9783
CLPNS180pp,54.8223 or 47.6335
CLPNS181pp,54.8223 or 47.6335
PG161abcpp,64.4607
PGP120abcpp,64.4607
PGP161abcpp,64.4607
PGP181abcpp,64.4607
PA120abcpp,64.4607
PLIPA1G120pp,33.1631
CLPNS120pp,47.6335 or 54.8223
ALPATE160pp,65.3893
ALPATG160pp,65.3893
2AGPGAT120,80.7
LPLIPAL2ATE120,38.9783
LPLIPAL2ATE140,38.9783
LPLIPAL2ATE160,38.9783
LPLIPAL2ATE180,38.9783
LPLIPAL2ATE141,38.9783
LPLIPAL2ATE161,38.9783
LPLIPAL2ATE181,38.9783
FACOAL141t2pp,60.7731 or 62.332
FACOAL161t2pp,62.332 or 60.7731
PA160abcpp,64.4607
PA181abcpp,64.4607
PGPP140pp,19.4181 or 29.0213
PGPP141pp,19.4181 or 29.0213
PGPP160pp,19.4181 or 29.0213
PGPP180pp,19.4181 or 29.0213
PLIPA1E180pp,33.1631
PLIPA1G140pp,33.1631
PLIPA1G161pp,33.1631
CLPNS160pp,47.6335 or 54.8223
CLPNS161pp,54.8223 or 47.6335
PG160abcpp,64.4607
PGP140abcpp,64.4607
PAPA120pp,29.0213
PAPA140pp,29.0213
PAPA141pp,29.0213
PAPA160pp,29.0213
PAPA161pp,29.0213
PAPA180pp,29.0213
HPYRI,29.3774
TPRDCOAS,31.6444
GAMptspp,166.32
GSNt2pp,46.3892
GSNtex,41.2198 or 38.922 or 39.3333 or 40.3681
FORtex,41.2198 or 38.922 or 39.3333 or 40.3681
D_LACt2pp,59.1682 or 58.9202
RIBtex,41.2198 or 38.922 or 39.3333 or 40.3681
FLVRx,26.242
THMtex,41.2198 or 38.922 or 39.3333 or 40.3681
XYLUtex,41.2198 or 38.922 or 39.3333 or 40.3681
ALLtex,41.2198 or 39.3333 or 38.922 or 40.3681
GGPTRCO,47.1695
34dhpactex,41.2198 or 38.922 or 39.3333 or 40.3681
MALTHXtexi,49.9122
HYD1pp,181.7482 or 134.532 or 232.2686
FE3DHBZStonex,149.8687 or 141.8044
23DAPPAtex,41.2198 or 38.922 or 39.3333 or 40.3681
ECAP3pp,135.966
FEOXAMtonex,150.0909
FMNRx,21.2533 or 26.242
PHEt2rpp,50.6773 or 49.6901
DHBS,59.1122
MDDCP1pp,41.849 or 43.6089 or 44.444 or 51.7983 or 43.3461 or 47.752
GUI2,53.9872
OMBZLM,28.0732
GLYCK,38.7345
MLTG5,69.041
GPDDA3,27.4096
2DOXG6PP,23.007 or 29.7077 or 24.33 or 30.3709
AGMH,37.5947
MPTG,186.3214 or 128.5965 or 194.8906 or 195.547
MPTG2,194.8906 or 195.547 or 128.5965 or 186.3214
MCTP1App,228.3702 or 229.0266
MCTP2App,228.3702 or 229.0266
MCTP1Bpp,36.082 or 67.812
MELIBt3ipp,42.5382
GLCtex_copy2,38.922 or 39.3333 or 41.2198 or 40.3681
NAt3pp,44.3209 or 39.1685
SFGTHi,31.2593 or 31.4245
K2L4Aabcpp,64.4607
DSBCGT,25.6217
DSBGGT,27.495
DHNAOT4,33.594
AMPMS2,70.8504
THIORDXi,20.4696 or 29.4406 or 33.1887
PPPGO3,21.2263
PDX5POi,25.5452
PLIPA1A181pp,33.1631
LPLIPAL2A141,38.9783
HG2t3pp,32.9273
CYTBO3_4pp,143.9313
EAR141x,27.8639
EAR181x,27.8639
EAR181y,27.8639
G3PAT141,100.021
G3PAT181,100.021
DASYN140,31.4538
DASYN180,31.4538
DASYN141,31.4538
CDAPPA160,28.4508
CDAPPA141,28.4508
PGSA141,20.7006
5DOAN,24.354
FACOAE120,31.9663
3OAR120,25.5603
3HAD80,18.969 or 17.033
3HAD120,17.033 or 18.969
EAR180x,27.8639
SO4t2pp,29.305
EAR180y,27.8639
AGPAT120,27.4532
PGPP120,19.4181 or 29.0213
DAGK120,13.2447
PSSA180,52.8018
PSSA161,52.8018
PSSA141,52.8018
PSD160,35.9344
PSD161,35.9344
PSD180,35.9344
COLIPAabcpp,64.4607
PLIPA2A140pp,33.1631
PLIPA2A141pp,33.1631
PLIPA2A180pp,33.1631
GAM6Pt6_2pp,50.6066
PPALtex,41.2198 or 38.922 or 39.3333 or 40.3681
CA2tex,41.2198 or 38.922 or 39.3333 or 40.3681
CUtex,41.2198 or 38.922 or 39.3333 or 40.3681
CU1Opp,56.5562
SUCDi,118.3584
LPLIPAL1E141pp,23.6222
LALDO2x,38.7122
12PPDRtex,41.2198 or 38.922 or 39.3333 or 40.3681
LPLIPAL1E160pp,23.6222
LPLIPAL1E180pp,23.6222
LPLIPAL1E181pp,23.6222
LPLIPAL1G160pp,23.6222
LPLIPAL1G161pp,23.6222
LPLIPAL1G120pp,23.6222
PLIPA2E140pp,33.1631
PLIPA2E160pp,33.1631
PLIPA2A161pp,33.1631
PLIPA2A181pp,33.1631
F6Ptex,41.2198 or 38.922 or 39.3333 or 40.3681
GAMAN6Ptex,41.2198 or 38.922 or 39.3333 or 40.3681
ALR4x,38.7122
LPLIPAL1G141pp,23.6222
LPLIPAL1G180pp,23.6222
LPLIPAL1G181pp,23.6222
ACONTb,93.4981 or 97.6772
GLCP2,90.5224 or 93.1726
F6Pt6_2pp,50.6066
PLIPA2E141pp,33.1631
PLIPA2E181pp,33.1631
PLIPA2G140pp,33.1631
3HAD161,18.969 or 17.033
PLIPA2G160pp,33.1631
PLIPA2G181pp,33.1631
ASNS1,62.659
EAR80y,27.8639
EAR120y,27.8639
3OAR181,25.5603
3HAD121,18.969 or 17.033
EAR121y,27.8639
GTHRDHpp,61.768
PROGLYtex,41.2198 or 38.922 or 39.3333 or 40.3681
MDDCP2pp,47.752 or 43.6089 or 44.444 or 51.7983 or 43.3461 or 41.849
MDDCP3pp,47.752 or 43.6089 or 44.444 or 51.7983 or 43.3461 or 41.849
EAR140x,27.8639
EAR40y,27.8639
3OAS181,43.0458
EAR161y,27.8639
G3PAT140,100.021
G3PAT160,100.021
G3PAT161,100.021
AGPAT160,27.4532
CDAPPA140,28.4508
MLDCP1App,36.082 or 34.411 or 67.812 or 34.636 or 34.636
EAR160y,27.8639
EAR100y,27.8639
3OAR141,25.5603
3OAR161,25.5603
3HAD141,18.969 or 17.033
EAR121x,27.8639
PSD140,35.9344
MICITDr,93.4981
CDAPPA181,28.4508
PGSA140,20.7006
LPLIPAL1A141pp,23.6222
LPLIPAL1A180pp,23.6222
LPLIPAL1E140pp,23.6222
LPLIPAL1E161pp,23.6222
LPLIPAL1G140pp,23.6222
ACONTa,93.4981 or 97.6772
MLDCP2App,67.812 or 36.082 or 34.636 or 34.636 or 34.411
PGPP120pp,19.4181 or 29.0213
PGPP181pp,19.4181 or 29.0213
PGSA181,20.7006
PGPP140,19.4181 or 29.0213
PGPP141,19.4181 or 29.0213
MDDCP5pp,47.752 or 43.6089 or 44.444 or 51.7983 or 43.3461 or 41.849
MLTGY3pp,49.417 or 40.1125 or 40.2558 or 73.3532 or 40.4106 or 22.2266 or 58.3022 or 38.247
G3PAT180,100.021
AGPAT140,27.4532
PGSA160,20.7006
MLDCP2Bpp,36.082 or 34.636 or 34.636 or 34.411 or 67.812
3OAS140,42.6133 or 43.0458
3OAR140,25.5603
3OAR160,25.5603
PGSA161,20.7006
3HAD181,18.969 or 17.033
PGPP160,19.4181 or 29.0213
PGPP180,19.4181 or 29.0213
PGPP161,19.4181 or 29.0213
PGPP181,29.0213 or 19.4181
CDAPPA180,28.4508
NTP12,18.2127
PE141abcpp,64.4607
PE160abcpp,64.4607
PE161abcpp,64.4607
PSD141,35.9344
PG140abcpp,64.4607
PG141abcpp,64.4607
PG180abcpp,64.4607
PG181abcpp,64.4607
PGP141abcpp,64.4607
PGP160abcpp,64.4607
PGP180abcpp,64.4607
PAPA181pp,29.0213
PA140abcpp,64.4607
MDDCP4pp,47.752 or 43.6089 or 44.444 or 51.7983 or 43.3461 or 41.849
CLPNS140pp,54.8223 or 47.6335
CLPNS141pp,54.8223 or 47.6335
PG120abcpp,64.4607
PE140abcpp,64.4607
CFAS160E,43.909
CFAS180E,43.909
CFAS180G,43.909
PAPA160,29.0213
PAPA180,29.0213
PAPA181,29.0213
PETNT161pp,63.8044
PSSA160,52.8018
PSSA181,52.8018
DAGK140,13.2447
DAGK160,13.2447
DAGK141,13.2447
DAGK161,13.2447
AGPAT181,27.4532
MDDEP3pp,29.917 or 21.04 or 30.1367 or 51.7983 or 33.8874 or 41.849 or 49.058
MDDEP4pp,29.917 or 41.849 or 30.1367 or 51.7983 or 33.8874 or 21.04 or 49.058
MLTGY1pp,49.417 or 22.2266 or 40.4106 or 40.1125 or 73.3532 or 40.2558 or 58.3022 or 38.247
CGLYtex,41.2198 or 38.922 or 39.3333 or 40.3681
3HAD40,18.969 or 17.033
PLIPA1E141pp,33.1631
3OAS60,43.0458 or 42.6133
3OAS160,42.6133 or 43.0458
3OAR60,25.5603
3OAR80,25.5603
MLDCP3App,36.082 or 34.411 or 67.812 or 34.636 or 34.636
MLDCP1Bpp,36.082 or 34.411 or 67.812 or 34.636 or 34.636
2AGPE181tipp,41.6556
2AGPA140tipp,41.6556
2AGPA160tipp,41.6556
2AGPA180tipp,41.6556
2AGPA141tipp,41.6556
PLIPA1G160pp,33.1631
PLIPA1G141pp,33.1631
LPLIPAL2E160,38.9783
LPLIPAL2G140,38.9783
LPLIPAL2G160,38.9783
2AGPE140tipp,41.6556
2AGPE160tipp,41.6556
2AGPE180tipp,41.6556
2AGPE141tipp,41.6556
2AGPE161tipp,41.6556
2AGPA161tipp,41.6556
2AGPA181tipp,41.6556
2AGPG120tipp,41.6556
LPLIPAL2G120,38.9783
PA141abcpp,64.4607
PA161abcpp,64.4607
PA180abcpp,64.4607
PGPP161pp,19.4181 or 29.0213
PE120abcpp,64.4607
PE180abcpp,64.4607
PAPA140,29.0213
PAPA141,29.0213
PAPA161,29.0213
GTHOXtex,41.2198 or 38.922 or 39.3333 or 40.3681
DSBAO1,43.2467
DSBAO2,43.2467
DSBDR,77.3499 or 73.6017
TDSR1,87.4168
CGLYabcpp,203.5039
PLIPA2A120pp,33.1631
PLIPA2A160pp,33.1631
LPLIPAL2E120,38.9783
EAR100x,27.8639
EAR120x,27.8639
EAR160x,27.8639
EAR140y,27.8639
3OAS121,42.6133
3OAS80,42.6133 or 43.0458
3OAS100,42.6133 or 43.0458
3OAS120,43.0458 or 42.6133
3OAR40,25.5603
3OAR100,25.5603
3HAD60,18.969 or 17.033
3HAD100,18.969 or 17.033
3HAD140,18.969 or 17.033
3HAD160,18.969 or 17.033
AGPAT180,27.4532
AGPAT141,27.4532
AGPAT161,27.4532
DASYN120,31.4538
EAR40x,27.8639
EAR60y,27.8639
MLDEP1pp,30.1367
MLDEP2pp,30.1367
MLTGY2pp,49.417 or 22.2266 or 40.4106 or 40.1125 or 73.3532 or 40.2558 or 58.3022 or 38.247
MLTGY4pp,49.417 or 40.1125 or 40.2558 or 73.3532 or 40.4106 or 22.2266 or 58.3022 or 38.247
EAR60x,27.8639
EAR80x,27.8639
PE181abcpp,64.4607
NTP11,18.2127
3OAS180,43.0458 or 42.6133
3HAD180,18.969 or 17.033
CDAPPA120,28.4508
PSSA120,52.8018
PSD120,35.9344
PAPA120,29.0213
MDDEP1pp,21.04 or 29.917 or 30.1367 or 51.7983 or 33.8874 or 49.058 or 41.849
MDDEP2pp,21.04 or 29.917 or 30.1367 or 51.7983 or 33.8874 or 49.058 or 41.849
PSD181,35.9344
DAGK180,13.2447
DAGK181,13.2447
PLIPA2E120pp,33.1631
PLIPA2G141pp,33.1631
PLIPA2G161pp,33.1631
LPLIPAL1A120pp,23.6222
LPLIPAL1A140pp,23.6222
LPLIPAL1A181pp,23.6222
LPLIPAL1E120pp,23.6222
3OAR180,25.5603
G3PAT120,100.021
PGSA120,20.7006
TDSR2,89.2901
GTHRDtex,41.2198 or 38.922 or 39.3333 or 40.3681
GTHRDabc2pp,127.9764
NADHPO,76.938
ACOAD7f,89.2244
ACOAD8f,89.2244
ACOAD5f,89.2244
ACOAD3f,89.2244
ACOAD2f,89.2244
ACOAD4f,89.2244
ACOAD6f,89.2244
NADH16pp,540.4142
NADH18pp,540.4142
GLYBt2pp,52.8812 or 54.8458
DSERt2pp,51.6597
ALAt4pp,51.6629
LYSt3pp,23.1757 or 32.34
CTBTCAL2,58.5591
BGLA1,53.935 or 50.5125 or 53.161
GDPMNP,21.7487
AMMQLT8,28.0732
FA120ACPHi,22.9611
FA80ACPHi,22.9611
FA140ACPHi,22.9611
FA100ACPHi,22.9611
CRNDCAL2,58.5591
CRNCAL2,58.5591
CHLt2pp,75.8422 or 52.8812
GLYt4pp,51.6629
FRULYSE,31.1688
FRULYSt2pp,47.5765
TUNGStex,41.2198 or 39.3333 or 40.3681 or 38.922
COBALT2tpp,26.4848 or 36.5897
OXCDC,60.5812
LPLIPAL2A140,38.9783
LPLIPAL2A160,38.9783
LPLIPAL2A161,38.9783
LPLIPAL2A180,38.9783
LPLIPAL2A181,38.9783
UM3PL,49.8741
UM4PL,49.8741
2MAHMP,30.3709 or 17.4329
ZN2tpp,26.4848
NI2tpp,36.5897
COBALT2t3pp,34.6784 or 32.9273
PLIPA1A120pp,33.1631
PLIPA1A140pp,33.1631
PLIPA1A141pp,33.1631
PLIPA1A160pp,33.1631
PLIPA1A161pp,33.1631
PLIPA1A180pp,33.1631
LPLIPAL2A120,38.9783
CAt6pp,34.7406
5DGLCNt2rpp,46.0413
GALCTNt2pp,47.0767
GALCTNLtex,39.3333 or 40.3681 or 41.2198 or 38.922
KDUI,31.076
CA2t3pp,39.1685
NADH17pp,540.4142
FA161ACPHi,22.9611
FA141ACPHi,22.9611
ARGt3pp,23.1757
FA160ACPHi,22.9611
MALDtex,38.922 or 41.2198 or 40.3681 or 39.3333
OROTtex,40.3681 or 41.2198 or 39.3333 or 38.922
PPAt4pp,54.3442
OROTt2_2pp,45.4363
MALDt2_2pp,45.4363
5DGLCNtex,39.3333 or 41.2198 or 38.922 or 40.3681
DTARTD,60.1053
PLIPA2E161pp,33.1631
PLIPA2E180pp,33.1631
PLIPA2G120pp,33.1631
PLIPA2G180pp,33.1631
LPLIPAL1A161pp,23.6222
LPLIPAL1A160pp,23.6222
PSCLYSt2pp,47.5765
LYSt2pp,53.5759
GLYt2pp,52.8812 or 51.6597
ALAt2pp,51.6597 or 53.0546
BALAt2pp,51.6597
DALAt2pp,51.6597
FE2tpp,26.4848
MN2tpp,26.4848
MG2tpp,36.5897
NI2t3pp,32.9273 or 34.6784
PPAtex,39.3333 or 38.922 or 41.2198 or 40.3681
GALCTNLt2pp,49.4405
GALCTLO,36.4479
PSCLYStex,41.2198 or 39.3333 or 40.3681 or 38.922
THYMtex,40.3681 or 38.922 or 41.2198 or 39.3333
CU2tpp,26.4848
FE2t3pp,32.9273
MN2t3pp,32.9273 or 34.6784
CD2tpp,26.4848
THRA,45.3166 or 36.4947
XYLK2,61.0894 or 55.1548
GLDBRAN2,73.5767
CLt3_2pp,50.3487
POR5,148.5614 or 148.5246
HACD8,79.5939 or 77.0722
CTECOAI8,79.5939
CTECOAI6,79.5939
MALCOAMT,28.2762
OGMEACPS,33.5151
OGMEACPR,25.5603
OPMEACPS,42.6133
LIPAabctex,259.6344
DGUNC,51.783 or 38.546 or 46.452 or 33.863 or 53.178
CDGUNPD,74.665 or 90.2604 or 85.608 or 29.601 or 40.725
LDGUNPD,74.665
MPTAT,21.2224
MOADSUx,53.8474
CMtpp,208.9848 or 209.5111
FUSAtpp,209.5111 or 208.9848
MINCYCtex,39.3333 or 41.2198 or 38.922 or 40.3681
MINCYCtpp,208.9848 or 209.5111
DOXRBCNtex,41.2198 or 39.3333 or 40.3681 or 38.922
DOXRBCNtpp,209.5111 or 208.9848
REPHACCOAI,28.4046
ACPPAT141,46.854
ACPPAT161,46.854
ACPPAT180,46.854
APG3PAT160,22.1934
APG3PAT161,22.1934
APG3PAT180,22.1934
ICYSDS,45.0895
I4FE4SR,13.8486
S2FE2ST,142.4506
BMOCOS,44.0673
BWCOS,44.0673
BWCOGDS1,21.6429
BWCOGDS2,21.6429
DHNPTE,13.6195
DHMPTR,26.3483
NOVBCNtpp,208.9848 or 209.5111
CMtex,41.2198 or 40.3681 or 39.3333 or 38.922
LALALGLUtex,39.3333 or 41.2198 or 38.922 or 40.3681
LALADGLUtpp,53.5752 or 54.159 or 53.9911 or 53.0546
I2FE2SS,58.9381
I2FE2ST,25.4046
I2FE2SS2,58.9381
I4FE4ST,25.4046
S4FE4ST,142.4506
S2FE2SS2,189.3845
BTS5,38.6481
5MTRtex,40.3681 or 41.2198 or 39.3333 or 38.922
LALADGLUtex,38.922 or 40.3681 or 41.2198 or 39.3333
LALALGLUtpp,53.0546 or 53.9911 or 53.5752 or 54.159
3AMACHYD,28.8981
3HPPtex,40.3681 or 41.2198 or 39.3333 or 38.922
CCGS,25.5142
CDGR,32.5875
MSAR,21.5704 or 27.2489
ACPPAT120,46.854
CPH4S,13.7729
SHCHCS3,27.6824
URACPAH,25.2087
POAACR,13.7629
ACPPAT160,46.854
ACPPAT181,46.854
APH141,10.2998
APH161,10.2998
APH180,10.2998
APH181,10.2998
GTHPi,20.4696
SEPHCHCS,61.3671
DHNCOAS,31.6331
DHNCOAT,14.945
I2FE2SR,58.9381
TYRL,26.8961
THZPSN3,204.5599
APG3PAT120,22.1934
APH120,10.2998
MOCDS,21.5138
FUSAtex,41.2198 or 40.3681 or 39.3333 or 38.922
QUIN2tex,38.922 or 40.3681 or 41.2198 or 39.3333
FORCT,45.8282
PACCOAE,131.963
OXDHCOAT,70.6812
HADPCOADH3,51.7326
O16A4COLIPAabctex,259.6344
COLIPAabctex,259.6344
ENLIPAabctex,259.6344
PYROX,59.9682
BMOGDS1,21.6429
MPTS,25.739
MOCOS,44.0673
BMOGDS2,21.6429
S2FE2SR,189.3845
ACACT8r,46.5305 or 40.8762
CTECOAI7,79.5939
CLIPAabctex,259.6344
K2L4Aabctex,259.6344
FDH4pp,170.1061 or 170.4205
FDH5pp,170.4205 or 170.1061
ACPPAT140,46.854
APG3PAT140,22.1934
APG3PAT141,22.1934
APG3PAT181,22.1934
APH140,10.2998
APH160,10.2998
OPMEACPD,17.033
EPMEACPR,27.8639
AOXSr2,41.5943
SCYSDS,60.2341
S2FE2SS,189.3845
S4FE4SR,129.1504
SELtex,40.3681 or 41.2198 or 39.3333 or 38.922
SELR,233.0425
OGMEACPD,17.033
EGMEACPR,27.8639
OPMEACPR,25.5603
PMEACPE,28.505
MEOHtex,40.3681 or 39.3333 or 41.2198 or 38.922
MECDPDH5,60.3838 or 60.4206
RNTR1c2,99.7595 or 144.9564 or 144.9196 or 99.7227
RNTR2c2,144.9564 or 144.9196 or 99.7227 or 99.7595
RNTR3c2,99.7227 or 144.9564 or 144.9196 or 99.7595
RNTR4c2,99.7595 or 144.9564 or 144.9196 or 99.7227
FLDR2,47.4511 or 47.4879
TTRCYCtex,41.2198 or 39.3333 or 38.922 or 40.3681
TTRCYCtpp,208.9848 or 209.5111
FESR,24.8826
OXCOAHDH,73.0026
DHACOAH,27.2374
THFAT,45.3166
FOMETRi,21.1054
SLNTtex,40.3681 or 41.2198 or 39.3333 or 38.922
GDPTPDP,79.3424
COLIPAKpp,26.7591
MPTSS,26.7188
CPMPS,54.8137
LIPOCT,23.8825
LIPOS,36.0717
OCTNLL,37.9259
LIPATPT,37.9259
LIPAMPL,37.9259
ALDD19xr,53.6991
MMM,77.8713
MOGDS,21.6429
WCOS,44.0673
RFAMPtpp,209.5111 or 208.9848
VPAMTr,46.7112
ACOLIPAabctex,259.6344
ECA4COLIPAabctex,259.6344
COLIPAPabctex,259.6344
TARTRDtex,38.922 or 41.2198 or 40.3681 or 39.3333
3OXCOAT,42.2765
BTNtex,38.922 or 40.3681 or 41.2198 or 39.3333
2DGULRGx,35.3955
2DGULRGy,35.3955
AP4AS,57.8266
ARBTptspp,139.1642 or 123.7072
ARBTtex,41.2198 or 40.3681 or 39.3333 or 38.922
PYDXtex,41.2198 or 40.3681 or 39.3333 or 38.922
SUCASPtpp,47.9353 or 45.7507 or 48.4122
SUCMALtpp,47.9353 or 45.7507 or 48.4122
PYDXNtex,41.2198 or 40.3681 or 39.3333 or 38.922
PYDAMtex,41.2198 or 40.3681 or 39.3333 or 38.922
13PPDH2,42.097
TARTt2_3pp,47.9353
SUCTARTtpp,47.9353
APCS,32.3214
CHTBSptspp,145.1882
CHTBStex,38.922 or 39.3333 or 40.3681 or 41.2198 or 52.78
TRPtipp,31.5395
TYRtipp,31.5395
GHBDHx,31.1581
APPLDHr,38.7122
SPMDt3pp,24.835
PHEtipp,31.5395
G2PP,29.1721
DHNPA2r,13.6195
GLYC2Pabcpp,152.736
CRNDtex,38.922 or 41.2198 or 40.3681 or 39.3333
SHGO,46.082
NADHXD,54.65
NADPHHR,35.5325
NADPHHS,35.5325
NADHHS,35.5325
NADHXE,54.65
SELabcpp,141.5029 or 140.5477
PYK2,51.3571
PYK3,51.3571
PYK4,51.3571
NADPHXD,54.65
NADHHR,35.5325
NADPHXE,54.65
ALAtpp,16.949
DHBSZ3FEabcpp,132.8487
FE3DHBZS3R,28.872
DXYLTD,69.399 or 70.017
2DDARAA,32.722 or 32.53
2DGLCptspp,166.32
GNP,24.664 or 20.7798
ALLTAMH2,45.694
UGCIAMH,28.73
METGLCUR,68.447
ACOAD1fr,43.002
23DOGULNt4pp,98.8541
FEENTERES,45.6519
FEENTERR4,28.872
DXYLONtex,39.3333 or 41.2198 or 40.3681
PSURItex,40.3681 or 39.3333 or 41.2198 or 38.922
ALR2x,36.329
OMPHHXy,42.2883
CHLt3pp,11.958
GLYBt3pp,11.958
AI2tpp,37.543
Ftpp,13.777
SQVOSI,47.433
6D6SPA,31.983
DHPStr,50.982
SQtr,51.574
DHPStex,27.2003
FMNtex,40.3681 or 39.3333 or 38.922 or 41.2198
AI2K,57.545
CLBtex,39.3333 or 38.922 or 41.2198 or 40.3681
ACOXT,41.671
2HESR,32.392 or 24.516
CHOLID,26.779
CHOLATEtpp,44.688
4ABZGLUH,98.782
4ABZGLUtr,54.886
PHDA,51.025
TEO2M,22.531
PACOAT,14.851
CYSItpp,32.866
DHPTDNR,23.9052
DHPTDNRN,23.9052
PCNO,34.724
HPACOAT,14.851
PUACGAMtr,66.848
DC6PDA,27.774
5DGLCNR,27.5627
PIt2rpp,53.389 or 53.8087
LEUt2rpp,46.2087
LCTStpp,46.5033
ILEt3pp,44.778
METt3pp,23.201 or 44.778
GSNt3pp,41.842
CLtipp,44.1534
5DKGR,27.07 or 27.5627
PItpp,59.467
LEUt3pp,23.201 or 44.778
INSt3pp,41.842
INDOLEt2rpp,44.3326
ILEt2rpp,46.2087
GLYtpp,29.78
PYK6,51.3571
FADt,60.061
FADtex,41.2198 or 38.922 or 40.3681 or 39.3333
AI2abcpp,163.357
PAI2I,11.255
4HBZt3pp,108.366
CURR,37.61
LKDRA,28.916
METNA,19.248
XYHDL,88.079
2DGLCtex,40.3681 or 41.2198 or 38.922 or 39.3333
E4PP,29.7077 or 23.007 or 30.4128 or 20.7798 or 24.33
PUACGAMS,66.848
RU5PP,23.007
6D6SFK,31.728
3SLAR,31.1581
SQtex,27.2003
URATEtex,39.3333 or 40.3681 or 38.922 or 41.2198
CBL1tonex,136.3158
CBItonex,136.3158
ARHGDx,44.1758
CPL,31.845
INOSTO,61.164
HPYRP,21.436
PSURIK,33.573
Ftex,40.3681 or 38.922 or 39.3333 or 41.2198
CYSItex,41.2198 or 39.3333 or 38.922 or 40.3681
SERtpp,32.3242
QUINDHyi,31.2278
PNSPA,13.241
4HTHRK,33.6236
URATEtpp,51.758
CS1tex,38.922 or 39.3333 or 40.3681 or 41.2198
ADOCBLtonex,136.3158
PETNT181pp,63.8044
ARMEPNS,101.125
RPNTPH,42.01
PRCPD,27.848
MEPNtex,40.3681 or 39.3333 or 38.922 or 41.2198
UDPGPT,52.408
MEPNabcpp,67.802
OMMBLHXy,42.9535
OPHHXy,44.245
PROD3,143.8152
F1PP,30.4128 or 20.7798 or 23.007 or 29.721
ACP1p,49.4386
3HPADHi,53.4186
4ABZGLUtex,40.3681 or 38.922 or 41.2198 or 39.3333
2HPTCOAT,21.325
MC6PH,50.5125
SLNTabcpp,141.5029 or 140.5477
VALt2rpp,46.2087
VALt3pp,38.1312 or 44.778
MN2tipp,20.117
PSURItpp,43.432
CYSTA,43.5734
FE3DCITR5,28.872
4HTHRA,36.4947
GAPP,24.33
METGLCURt2pp,49.908
METGLCURtex,40.3681 or 41.2198 or 38.922 or 39.3333
FMNt,60.061
AI2tex,38.922 or 40.3681 or 39.3333 or 41.2198
PAI2T,31.893
CUt2pp,30.896 or 46.603 or 127.22 or 14.957 or 38.754 or 123.97 or 81.904
DHCURR,37.61
RHMND,44.226
3HBZCT,14.97
CXSAMS,27.777
THRt2rpp,48.879
SERt2rpp,46.9063 or 48.879
ACOAD1f,89.2244
AMPNTAT,16.57
SQGH,77.275
ASPtpp,59.429
FUMt1pp,59.429
SUCCt1pp,59.429
QUINDH,31.2278
LCARSyi,37.978
GTHOr_reverse,48.7725
SHK3Dr_reverse,29.4136 or 31.2278
MAN6PI_reverse,42.85
TMDPP_reverse,47.2071
HCO3E_reverse,25.0968 or 23.7643
IMPC_reverse,57.3292
ECOAH4_reverse,77.0722 or 79.5939
NDPK5_reverse,23.586 or 15.4634
DHORTS_reverse,38.8274
ICDHyr_reverse,45.7567
ACALD_reverse,33.4425 or 96.1272
ALAR_reverse,38.8446 or 39.1529
ALATA_L_reverse,45.5174 or 46.2162
PPM_reverse,44.37
ASPTA_reverse,43.5734 or 43.5378
A5PISO_reverse,35.1961 or 34.0314
IPPMIb_reverse,72.3693
PSCVT_reverse,46.0958
ECOAH6_reverse,77.0722 or 79.5939
ENO_reverse,45.655
FBA_reverse,39.1473 or 38.1092
PGI_reverse,61.5298
PGK_reverse,41.1182
RPE_reverse,24.5542
TALA_reverse,35.2192 or 35.6588
TKT1_reverse,72.2117 or 73.0427
ALCD2x_reverse,96.1272 or 35.3796
RMI_reverse,47.1994
NDPK6_reverse,23.586 or 15.4634
NDPK8_reverse,23.586 or 15.4634
PYNP2r_reverse,27.1591
DURIPP_reverse,47.2071 or 25.9499
TRPAS2_reverse,52.7735
ILETA_reverse,34.0936
VALTA_reverse,34.0936
ORPT_reverse,23.567
PTAr_reverse,77.1721 or 36.0667
ACKr_reverse,42.4337 or 43.2904 or 43.3841
AIRC3_reverse,17.7803
ADSL2r_reverse,51.5428
PUNP5_reverse,29.8346 or 25.9499
PUNP6_reverse,25.9499 or 29.8346
PUNP7_reverse,29.8346
PUNP1_reverse,25.9499
PUNP2_reverse,25.9499
PUNP3_reverse,29.8346 or 25.9499
LYSAM_reverse,38.75
IPPMIa_reverse,72.3693
MDH_reverse,32.3373
FUM_reverse,60.1053 or 60.2986 or 50.4889
OHPBAT_reverse,39.7833
AGPR_reverse,35.9521
G1SAT_reverse,45.3661
GUI1_reverse,53.9872
PGAMT_reverse,47.5436
GLUR_reverse,31.002
UAG2E_reverse,42.2446
HACD5_reverse,79.5939 or 77.0722
GHMT2r_reverse,45.3166
ADK4_reverse,23.586
KARA1_reverse,54.069
KARA2_reverse,54.069
ICHORS_copy2_reverse,48.7646
DHBD_reverse,26.2497
RBP4E_reverse,25.2777 or 25.5189 or 25.5609
HACD6_reverse,79.5939 or 77.0722
ECOAH1_reverse,77.0722 or 79.5939
ECOAH2_reverse,77.0722 or 79.5939
ECOAH3_reverse,77.0722 or 79.5939
UGLT_reverse,39.6457
XYLI2_reverse,49.742
PMANM_reverse,50.4626
UDPG4E_reverse,37.2651
XYLI1_reverse,49.742
LCARS_reverse,40.5134
ALCD19_reverse,35.3796 or 96.1272
RMPA_reverse,30.1455
SBTPD_reverse,27.8579
GLTPD_reverse,37.3901
TGBPA_reverse,78.4861 or 77.9206
MANAO_reverse,53.5802
TAGURr_reverse,54.8083
HACD4_reverse,79.5939 or 77.0722
HACD7_reverse,77.0722 or 79.5939
ADK1_reverse,23.586
SERASr_reverse,141.991
MLTP2_reverse,90.5224
CYTK1_reverse,24.7463
CYTK2_reverse,24.7463
GK1_reverse,23.5927
HACD1_reverse,79.5939 or 77.0722
HACD2_reverse,79.5939 or 77.0722
NDPK7_reverse,23.586 or 15.4634
GLYAT_reverse,43.117
CRNBTCT_reverse,45.1268
CRNCBCT_reverse,45.1268
CRNCDH_reverse,28.1902
NDPK2_reverse,23.586 or 15.4634
NDPK3_reverse,15.4634 or 23.586
NDPK4_reverse,23.586 or 15.4634
DGK1_reverse,23.5927
DTMPK_reverse,23.7831
NDPK1_reverse,23.586 or 15.4634
PGMT_reverse,58.361 or 20.7798 or 23.565
UMPK_reverse,24.7463 or 25.9703
DDPGALA_reverse,21.3906
F6PA_reverse,22.9968 or 23.5552
IDOND_reverse,37.1466
MCOATA_reverse,41.0567
DAPE_reverse,30.2086
SDPTA_reverse,45.7746 or 44.7291 or 43.767 or 43.6654 or 39.7833
ARAI_reverse,56.074
M1PD_reverse,41.139
G3PD2_reverse,36.3616
FCI_reverse,64.9767
FCLPA_reverse,23.2225 or 23.7753
UAGAAT_reverse,36.7195
PRPPS_reverse,34.2183
PRMICI_reverse,26.0326
SERAT_reverse,29.3166
ASPK_reverse,88.8877 or 89.1202 or 48.5317
ASAD_reverse,40.0179
CBMKr_reverse,31.6441
AMANAPEr_reverse,24.0737
NNATr_reverse,24.528
GAPD_reverse,35.5325
ARGSL_reverse,50.3182
ACOATA_reverse,42.1546
MLTP3_reverse,90.5224
OCBT_reverse,36.9071 or 36.8271
GARFT_reverse,23.2383
PHETA1_reverse,43.5734 or 43.5378 or 34.0936
MCITL2_reverse,32.1347
ACOTA_reverse,45.7746 or 43.6654 or 43.767 or 44.7291
PRAGSr_reverse,45.9404
PPAKr_reverse,43.3841
PPM2_reverse,44.37
G6PDH2r_reverse,55.7044
FBA3_reverse,39.1473
ADK3_reverse,23.586
HSDy_reverse,88.8877 or 89.1202
GLUtex_reverse,41.2198 or 38.922 or 39.3333 or 40.3681
GLYtex_reverse,41.2198 or 38.922 or 39.3333 or 40.3681
GLYALDtex_reverse,41.2198 or 38.922 or 39.3333 or 40.3681
GLYBtex_reverse,41.2198 or 38.922 or 39.3333 or 40.3681
GLYCtex_reverse,41.2198 or 38.922 or 39.3333 or 40.3681
GLYC3Ptex_reverse,41.2198 or 38.922 or 39.3333 or 40.3681
GLYCLTtex_reverse,41.2198 or 38.922 or 39.3333 or 40.3681
GTPtex_reverse,38.922 or 41.2198 or 40.3681 or 39.3333
GUAtex_reverse,33.589
Htex_reverse,41.2198 or 38.922 or 39.3333 or 40.3681
H2tex_reverse,41.2198 or 38.922 or 39.3333 or 40.3681
H2Otex_reverse,41.2198 or 40.3681 or 34.9132 or 27.2003 or 37.2008 or 38.922 or 39.3333
DAPtex_reverse,41.2198 or 38.922 or 39.3333 or 40.3681
12PPDStex_reverse,41.2198 or 38.922 or 39.3333 or 40.3681
DDGLCNtex_reverse,41.2198 or 38.922 or 39.3333 or 40.3681
26DAHtex_reverse,41.2198 or 38.922 or 39.3333 or 40.3681
HCINNMtex_reverse,41.2198 or 38.922 or 39.3333 or 40.3681
HPPPNtex_reverse,40.3681 or 39.3333 or 41.2198 or 38.922
ACtex_reverse,41.2198 or 38.922 or 39.3333 or 40.3681
ACALDtex_reverse,41.2198 or 38.922 or 39.3333 or 40.3681
ACMANAtex_reverse,39.3333 or 40.3681 or 38.922 or 41.2198
ACACT7r_reverse,46.5305 or 40.8762
ACACT2r_reverse,46.5305 or 40.8762
ACACT3r_reverse,46.5305 or 40.8762
ACACT4r_reverse,46.5305 or 40.8762
SUCFUMtpp_reverse,48.4122 or 47.9353 or 45.7507
TARTRt7pp_reverse,52.9064
AHGDx_reverse,44.1758
AKGt2rpp_reverse,47.0525
THMDt2pp_copy2_reverse,46.1398
TRPt2rpp_reverse,45.2107 or 44.3326 or 49.6901
TYRt2rpp_reverse,42.8191 or 49.6901
URIt2pp_copy2_reverse,46.1398
XTSNt2rpp_reverse,46.1398
GALtex_reverse,41.2198 or 38.922 or 39.3333 or 40.3681
GALCTtex_reverse,41.2198 or 38.922 or 39.3333 or 40.3681
GALCTNtex_reverse,41.2198 or 38.922 or 39.3333 or 40.3681
GALTtex_reverse,41.2198 or 38.922 or 39.3333 or 40.3681
GALURtex_reverse,41.2198 or 38.922 or 39.3333 or 40.3681
ACACt2pp_reverse,47.5277
TKT2_reverse,72.2117 or 73.0427
GAMtex_reverse,41.2198 or 38.922 or 39.3333 or 40.3681
GBBTNtex_reverse,41.2198 or 38.922 or 39.3333 or 40.3681
ARBt2rpp_reverse,51.6844
ARGAGMt7pp_reverse,46.8426
ASNt2rpp_reverse,54.2331
HIStex_reverse,41.2198 or 38.922 or 39.3333 or 40.3681
HXAtex_reverse,41.2198 or 38.922 or 39.3333 or 40.3681
HYXNtex_reverse,39.3333 or 40.3681 or 38.922 or 41.2198
IDONtex_reverse,41.2198 or 38.922 or 39.3333 or 40.3681
ILEtex_reverse,41.2198 or 38.922 or 39.3333 or 40.3681
INSTtex_reverse,41.2198 or 38.922 or 39.3333 or 40.3681
INStex_reverse,33.589
Ktex_reverse,41.2198 or 38.922 or 39.3333 or 40.3681
D_LACtex_reverse,41.2198 or 38.922 or 39.3333 or 40.3681
FRULYStex_reverse,41.2198 or 38.922 or 39.3333 or 40.3681
GALCTt2rpp_reverse,49.1421 or 49.0092
ASPtex_reverse,41.2198 or 38.922 or 39.3333 or 40.3681
ACt2rpp_reverse,20.071
ATPS4rpp_reverse,240.9805 or 227.3487
INDOLEtex_reverse,41.2198 or 38.922 or 39.3333 or 40.3681
L_LACtex_reverse,40.3681 or 39.3333 or 41.2198 or 38.922
ADEt2rpp_reverse,46.8658 or 48.868 or 46.934
ADNt2pp_copy2_reverse,46.1398
ALLTNt2rpp_reverse,52.4561
ECOAH8_reverse,77.0722 or 79.5939
GUAtpp_reverse,46.758 or 45.712
HYXNtpp_reverse,45.712 or 46.758
GLCRtex_reverse,41.2198 or 38.922 or 39.3333 or 40.3681
GLCNtex_reverse,41.2198 or 38.922 or 39.3333 or 40.3681
GLCURtex_reverse,41.2198 or 38.922 or 39.3333 or 40.3681
GLNtex_reverse,40.3681 or 39.3333 or 41.2198 or 38.922
O2tex_reverse,41.2198 or 38.922 or 39.3333 or 40.3681
OCTAtex_reverse,41.2198 or 38.922 or 39.3333 or 40.3681
ORNtex_reverse,41.2198 or 38.922 or 39.3333 or 40.3681
ECOAH5_reverse,77.0722 or 79.5939
FUCtpp_reverse,47.5449
CYTDt2pp_copy2_reverse,46.1398
DDGLCNt2rpp_reverse,33.6693
RMNtex_reverse,39.3333 or 38.922 or 40.3681 or 41.2198
PHEtex_reverse,41.2198 or 38.922 or 39.3333 or 40.3681
PItex_reverse,41.2198 or 38.922 or 39.3333 or 40.3681
TRSARr_reverse,30.8006 or 30.4274
PNTOtex_reverse,41.2198 or 38.922 or 39.3333 or 40.3681
PPPNtex_reverse,41.2198 or 38.922 or 39.3333 or 40.3681
PPTtex_reverse,41.2198 or 38.922 or 39.3333 or 40.3681
PTRCtex_reverse,41.2198 or 38.922 or 39.3333 or 40.3681
PYRtex_reverse,41.2198 or 38.922 or 39.3333 or 40.3681
DSERtex_reverse,41.2198 or 38.922 or 39.3333 or 40.3681
SERtex_reverse,41.2198 or 38.922 or 39.3333 or 40.3681
SO4tex_reverse,41.2198 or 38.922 or 39.3333 or 40.3681
SPMDtex_reverse,39.3333 or 40.3681 or 38.922 or 41.2198
SUCCtex_reverse,41.2198 or 38.922 or 39.3333 or 40.3681
SUCRtex_reverse,41.2198 or 38.922 or 39.3333 or 40.3681
TARTRtex_reverse,41.2198 or 38.922 or 39.3333 or 40.3681
TAURtex_reverse,41.2198 or 38.922 or 39.3333 or 40.3681
THRtex_reverse,41.2198 or 38.922 or 39.3333 or 40.3681
THMDtex_reverse,41.2198 or 38.922 or 39.3333 or 40.3681
METDtex_reverse,41.2198 or 38.922 or 39.3333 or 40.3681
METtex_reverse,41.2198 or 38.922 or 39.3333 or 40.3681
MNLtex_reverse,38.922 or 41.2198 or 40.3681 or 39.3333
NAtex_reverse,41.2198 or 38.922 or 39.3333 or 40.3681
NACtex_reverse,41.2198 or 38.922 or 39.3333 or 40.3681
NH4tex_reverse,38.922 or 41.2198 or 40.3681 or 39.3333
BUTtex_reverse,41.2198 or 38.922 or 39.3333 or 40.3681
CHLtex_reverse,41.2198 or 38.922 or 39.3333 or 40.3681
CO2tex_reverse,41.2198 or 38.922 or 39.3333 or 40.3681
CRNtex_reverse,41.2198 or 38.922 or 39.3333 or 40.3681
DINStex_reverse,41.2198 or 38.922 or 39.3333 or 40.3681
DMStex_reverse,41.2198 or 38.922 or 39.3333 or 40.3681
CSNtex_reverse,41.2198 or 38.922 or 39.3333 or 40.3681
CYNTtex_reverse,39.3333 or 40.3681 or 38.922 or 41.2198
CYStex_reverse,41.2198 or 38.922 or 39.3333 or 40.3681
CYTDtex_reverse,41.2198 or 38.922 or 39.3333 or 40.3681
DCAtex_reverse,41.2198 or 38.922 or 39.3333 or 40.3681
DCYTtex_reverse,33.589
DGSNtex_reverse,41.2198 or 38.922 or 39.3333 or 40.3681
LCTStex_reverse,41.2198 or 38.922 or 39.3333 or 40.3681
LEUtex_reverse,41.2198 or 38.922 or 39.3333 or 40.3681
LYStex_reverse,41.2198 or 38.922 or 39.3333 or 40.3681
LYXtex_reverse,41.2198 or 38.922 or 39.3333 or 40.3681
MANtex_reverse,41.2198 or 38.922 or 39.3333 or 40.3681
MAN6Ptex_reverse,39.3333 or 40.3681 or 38.922 or 41.2198
MELIBtex_reverse,41.2198 or 38.922 or 39.3333 or 40.3681
DMSOtex_reverse,41.2198 or 38.922 or 39.3333 or 40.3681
DURItex_reverse,33.589
FRUtex_reverse,41.2198 or 38.922 or 39.3333 or 40.3681
FUCtex_reverse,41.2198 or 38.922 or 39.3333 or 40.3681
FUMtex_reverse,41.2198 or 38.922 or 39.3333 or 40.3681
ACACT5r_reverse,40.8762 or 46.5305
FE2tex_reverse,38.922 or 41.2198 or 40.3681 or 39.3333
NMNtex_reverse,41.2198 or 38.922 or 39.3333 or 40.3681
NO2tex_reverse,41.2198 or 38.922 or 39.3333 or 40.3681
MTHFC_reverse,31.0438
MTHFD_reverse,31.0438
BUTt2rpp_reverse,47.5277
GDPtex_reverse,40.3681 or 39.3333 or 41.2198 or 38.922
TMAtex_reverse,41.2198 or 38.922 or 39.3333 or 40.3681
TMAOtex_reverse,41.2198 or 38.922 or 39.3333 or 40.3681
TREtex_reverse,41.2198 or 38.922 or 39.3333 or 40.3681
ACACT6r_reverse,46.5305 or 40.8762
TRPtex_reverse,41.2198 or 38.922 or 39.3333 or 40.3681
TSULtex_reverse,41.2198 or 38.922 or 39.3333 or 40.3681
TYRtex_reverse,41.2198 or 38.922 or 39.3333 or 40.3681
URAtex_reverse,41.2198 or 38.922 or 39.3333 or 40.3681
UREAtex_reverse,41.2198 or 38.922 or 39.3333 or 40.3681
URItex_reverse,33.589
VALtex_reverse,41.2198 or 38.922 or 39.3333 or 40.3681
XANtex_reverse,41.2198 or 38.922 or 39.3333 or 40.3681
XYLtex_reverse,41.2198 or 38.922 or 39.3333 or 40.3681
ABUTtex_reverse,41.2198 or 38.922 or 39.3333 or 40.3681
GGGABADr_reverse,53.4186
MALTATr_reverse,20.096
23CAMPtex_reverse,41.2198 or 38.922 or 39.3333 or 40.3681
23CCMPtex_reverse,41.2198 or 38.922 or 39.3333 or 40.3681
23CUMPtex_reverse,41.2198 or 38.922 or 39.3333 or 40.3681
23CGMPtex_reverse,41.2198 or 38.922 or 39.3333 or 40.3681
3AMPtex_reverse,41.2198 or 38.922 or 39.3333 or 40.3681
3CMPtex_reverse,41.2198 or 38.922 or 39.3333 or 40.3681
ALAGLUE_reverse,34.674
ETHSO3tex_reverse,41.2198 or 38.922 or 39.3333 or 40.3681
BUTSO3tex_reverse,41.2198 or 38.922 or 39.3333 or 40.3681
LIPOtex_reverse,39.3333 or 41.2198 or 40.3681 or 38.922
GALBDtex_reverse,39.3333 or 40.3681 or 38.922 or 41.2198
SULFACtex_reverse,38.922 or 41.2198 or 40.3681 or 39.3333
NOtex_reverse,41.2198 or 38.922 or 39.3333 or 40.3681
N2Otex_reverse,41.2198 or 38.922 or 39.3333 or 40.3681
CRNt2rpp_reverse,54.8458
CRNDt2rpp_reverse,54.8458
CTBTt2rpp_reverse,54.8458
PEAMNtex_reverse,41.2198 or 38.922 or 39.3333 or 40.3681
PACALDtex_reverse,41.2198 or 38.922 or 39.3333 or 40.3681
CYANtex_reverse,41.2198 or 38.922 or 39.3333 or 40.3681
SO3tex_reverse,41.2198 or 38.922 or 39.3333 or 40.3681
TCYNTtex_reverse,41.2198 or 38.922 or 39.3333 or 40.3681
METSOX1tex_reverse,41.2198 or 38.922 or 39.3333 or 40.3681
METSOX2tex_reverse,41.2198 or 38.922 or 39.3333 or 40.3681
3UMPtex_reverse,41.2198 or 38.922 or 39.3333 or 40.3681
3GMPtex_reverse,41.2198 or 38.922 or 39.3333 or 40.3681
DOPAtex_reverse,41.2198 or 38.922 or 39.3333 or 40.3681
4HOXPACDtex_reverse,41.2198 or 38.922 or 39.3333 or 40.3681
ETHAtex_reverse,41.2198 or 38.922 or 39.3333 or 40.3681
G3PStex_reverse,41.2198 or 38.922 or 39.3333 or 40.3681
ACGAL1Ptex_reverse,41.2198 or 38.922 or 39.3333 or 40.3681
ACGALtex_reverse,41.2198 or 38.922 or 39.3333 or 40.3681
GLCUR1Ptex_reverse,41.2198 or 38.922 or 39.3333 or 40.3681
UDPGLCURtex_reverse,41.2198 or 38.922 or 39.3333 or 40.3681
ISETACtex_reverse,41.2198 or 38.922 or 39.3333 or 40.3681
UDPGtex_reverse,41.2198 or 38.922 or 39.3333 or 40.3681
UDPGALtex_reverse,40.3681 or 39.3333 or 41.2198 or 38.922
ACGAM1Ptex_reverse,41.2198 or 38.922 or 39.3333 or 40.3681
UACGAMtex_reverse,41.2198 or 38.922 or 39.3333 or 40.3681
UDPACGALtex_reverse,41.2198 or 38.922 or 39.3333 or 40.3681
CBLAT_reverse,21.9989
MSO3tex_reverse,41.2198 or 38.922 or 39.3333 or 40.3681
ARABDI_reverse,64.9767
GLYC2Ptex_reverse,41.2198 or 38.922 or 39.3333 or 40.3681
PSERtex_reverse,41.2198 or 38.922 or 39.3333 or 40.3681
R5Ptex_reverse,41.2198 or 38.922 or 39.3333 or 40.3681
THRPtex_reverse,41.2198 or 38.922 or 39.3333 or 40.3681
TYRPtex_reverse,41.2198 or 38.922 or 39.3333 or 40.3681
CITtex_reverse,41.2198 or 38.922 or 39.3333 or 40.3681
ACGAtex_reverse,41.2198 or 38.922 or 39.3333 or 40.3681
IDONt2rpp_reverse,46.0413
G6Ptex_reverse,41.2198 or 38.922 or 39.3333 or 40.3681
MOBDtex_reverse,41.2198 or 38.922 or 39.3333 or 40.3681
NI2tex_reverse,41.2198 or 38.922 or 39.3333 or 40.3681
L_LACt2rpp_reverse,59.1682 or 58.9202
NH4tpp_reverse,44.5147
NO2t2rpp_reverse,49.6934 or 28.5625
FRULYSDG_reverse,38.5692
PROt2rpp_reverse,54.8458 or 50.216
H2O2tex_reverse,41.2198 or 38.922 or 39.3333 or 40.3681
ALLPI_reverse,16.0733
ALLULPE_reverse,26.1092
ADEtex_reverse,41.2198 or 38.922 or 39.3333 or 40.3681
ADNtex_reverse,33.589
AGMtex_reverse,41.2198 or 38.922 or 39.3333 or 40.3681
ALAtex_reverse,40.3681 or 38.922 or 41.2198 or 39.3333
BALAtex_reverse,41.2198 or 38.922 or 39.3333 or 40.3681
DALAtex_reverse,41.2198 or 38.922 or 39.3333 or 40.3681
AMPtex_reverse,39.3333 or 40.3681 or 38.922 or 41.2198
ARBtex_reverse,41.2198 or 38.922 or 39.3333 or 40.3681
ARGtex_reverse,41.2198 or 38.922 or 39.3333 or 40.3681
ASCBtex_reverse,41.2198 or 38.922 or 39.3333 or 40.3681
MMETtex_reverse,41.2198 or 38.922 or 39.3333 or 40.3681
FE3tex_reverse,41.2198 or 38.922 or 39.3333 or 40.3681
MG2tex_reverse,41.2198 or 38.922 or 39.3333 or 40.3681
Zn2tex_reverse,41.2198 or 38.922 or 39.3333 or 40.3681
CD2tex_reverse,41.2198 or 38.922 or 39.3333 or 40.3681
GLUABUTt7pp_reverse,55.0767
GLUt2rpp_reverse,47.1592
GLYALDtpp_reverse,29.78
DHPTPE_reverse,14.082
ASO3tex_reverse,41.2198 or 38.922 or 39.3333 or 40.3681
MANGLYCtex_reverse,41.2198 or 38.922 or 39.3333 or 40.3681
FRUURt2rpp_reverse,47.1379
FRUURtex_reverse,41.2198 or 38.922 or 39.3333 or 40.3681
GLYCAt2rpp_reverse,49.0092 or 49.1421
GLYCAtex_reverse,41.2198 or 38.922 or 39.3333 or 40.3681
FALDH2_reverse,39.359
GLYCtpp_reverse,29.78
H2Otpp_reverse,23.7028
HCINNMt2rpp_reverse,41.5508
HISt2rpp_reverse,49.6901
CBIAT_reverse,21.9989
COBALT2tex_reverse,41.2198 or 38.922 or 39.3333 or 40.3681
DIMPtex_reverse,41.2198 or 38.922 or 39.3333 or 40.3681
GALURt2rpp_reverse,46.8923
GLCNt2rpp_reverse,45.9666 or 47.1379 or 46.4159 or 46.0413
GLCRt2rpp_reverse,49.0092 or 49.1421
GLCURt2rpp_reverse,33.6693 or 46.8923
XTSNtex_reverse,41.2198 or 38.922 or 39.3333 or 40.3681
GLUDy_reverse,48.5814 or 215.3123
UREAtpp_reverse,29.78
PPPNt2rpp_reverse,41.5927
PTRCORNt7pp_reverse,46.4949
HG2tex_reverse,41.2198 or 38.922 or 39.3333 or 40.3681
DADNtex_reverse,33.589
DHAtex_reverse,41.2198 or 38.922 or 39.3333 or 40.3681
ETOHtex_reverse,41.2198 or 38.922 or 39.3333 or 40.3681
HACD3_reverse,79.5939 or 77.0722
ACACtex_reverse,41.2198 or 38.922 or 39.3333 or 40.3681
ACNAMtex_reverse,39.3333 or 27.888 or 40.3681
H2Stex_reverse,38.922 or 41.2198 or 40.3681 or 39.3333
E4PD_reverse,37.2994 or 35.5325
DADK_reverse,23.586
4PEPTtex_reverse,41.2198 or 38.922 or 39.3333 or 40.3681
CRNCAR_reverse,28.1902
GLYCLTt2rpp_reverse,59.1682 or 58.9202
HPPPNt2rpp_reverse,41.5508
DHFR_reverse,26.3483 or 17.9994
TYRTA_reverse,43.5734 or 43.5378 or 34.0936
PUNP4_reverse,29.8346 or 25.9499
AMAOTr_reverse,47.3356
ARGORNt7pp_reverse,49.5015
CU2tex_reverse,38.922 or 41.2198 or 40.3681 or 39.3333
GLCATr_reverse,20.096
ALAALAr_reverse,39.3158 or 32.8397
CLtex_reverse,41.2198 or 38.922 or 39.3333 or 40.3681
ACACT1r_reverse,46.5305 or 40.3525 or 40.8762
SUCOAS_reverse,71.1701
GALKr_reverse,41.4421
YUMPS_reverse,32.91
ADSL1r_reverse,51.5428
AICART_reverse,57.3292
PROtex_reverse,38.922 or 41.2198 or 40.3681 or 39.3333
SBTtex_reverse,41.2198 or 38.922 or 39.3333 or 40.3681
PGM_reverse,28.5564 or 56.1939
TPI_reverse,26.9718
RPI_reverse,22.8604 or 16.0733
PERD_reverse,41.3676
AKGtex_reverse,41.2198 or 38.922 or 39.3333 or 40.3681
ALLTNtex_reverse,41.2198 or 38.922 or 39.3333 or 40.3681
ASNtex_reverse,41.2198 or 38.922 or 39.3333 or 40.3681
ATHRDHr_reverse,27.2489
LSERDHr_reverse,27.2489
DSERDHr_reverse,27.2489
TYMtex_reverse,41.2198 or 38.922 or 39.3333 or 40.3681
CMPtex_reverse,41.2198 or 38.922 or 39.3333 or 40.3681
DUMPtex_reverse,41.2198 or 38.922 or 39.3333 or 40.3681
XMPtex_reverse,41.2198 or 38.922 or 39.3333 or 40.3681
3PEPTtex_reverse,41.2198 or 38.922 or 39.3333 or 40.3681
ANHGMtex_reverse,41.2198 or 38.922 or 39.3333 or 40.3681
UDPKAAT_reverse,41.6498
FALDtex_reverse,41.2198 or 38.922 or 39.3333 or 40.3681
MLTP1_reverse,90.5224
CYSDtex_reverse,41.2198 or 38.922 or 39.3333 or 40.3681
G3PItex_reverse,41.2198 or 38.922 or 39.3333 or 40.3681
G3PGtex_reverse,41.2198 or 38.922 or 39.3333 or 40.3681
G3PEtex_reverse,40.3681 or 39.3333 or 41.2198 or 38.922
G3PCtex_reverse,41.2198 or 38.922 or 39.3333 or 40.3681
DAMPtex_reverse,41.2198 or 38.922 or 39.3333 or 40.3681
DCMPtex_reverse,41.2198 or 38.922 or 39.3333 or 40.3681
DGMPtex_reverse,41.2198 or 38.922 or 39.3333 or 40.3681
DTMPtex_reverse,41.2198 or 38.922 or 39.3333 or 40.3681
GMPtex_reverse,39.3333 or 40.3681 or 38.922 or 41.2198
IMPtex_reverse,41.2198 or 38.922 or 39.3333 or 40.3681
UMPtex_reverse,40.3681 or 39.3333 or 41.2198 or 38.922
G1Ptex_reverse,41.2198 or 38.922 or 39.3333 or 40.3681
SKMtex_reverse,41.2198 or 38.922 or 39.3333 or 40.3681
MNtex_reverse,41.2198 or 38.922 or 39.3333 or 40.3681
GAL1Ptex_reverse,41.2198 or 38.922 or 39.3333 or 40.3681
O2Stex_reverse,38.922 or 41.2198 or 40.3681 or 39.3333
HOMtex_reverse,41.2198 or 38.922 or 39.3333 or 40.3681
SO2tex_reverse,41.2198 or 38.922 or 39.3333 or 40.3681
ACSERtex_reverse,38.922 or 41.2198 or 40.3681 or 39.3333
IPDDI_reverse,20.5083
DURADx_reverse,89.3983
ECOAH7_reverse,77.0722 or 79.5939
LDH_D_reverse,36.5348
ALAALAtex_reverse,41.2198 or 38.922 or 39.3333 or 40.3681
T2DECAI_reverse,18.969
MALtex_reverse,41.2198 or 38.922 or 39.3333 or 40.3681
NO3tex_reverse,39.3333 or 41.2198 or 38.922 or 40.3681
HEXt2rpp_reverse,47.5277
CLPNS180pp_reverse,54.8223 or 47.6335
CLPNS181pp_reverse,54.8223 or 47.6335
CLPNS120pp_reverse,47.6335 or 54.8223
CLPNS160pp_reverse,47.6335 or 54.8223
CLPNS161pp_reverse,54.8223 or 47.6335
HPYRI_reverse,29.3774
GSNtex_reverse,41.2198 or 38.922 or 39.3333 or 40.3681
FORtex_reverse,41.2198 or 38.922 or 39.3333 or 40.3681
D_LACt2pp_reverse,59.1682 or 58.9202
RIBtex_reverse,41.2198 or 38.922 or 39.3333 or 40.3681
THMtex_reverse,41.2198 or 38.922 or 39.3333 or 40.3681
XYLUtex_reverse,41.2198 or 38.922 or 39.3333 or 40.3681
ALLtex_reverse,41.2198 or 39.3333 or 38.922 or 40.3681
34dhpactex_reverse,41.2198 or 38.922 or 39.3333 or 40.3681
23DAPPAtex_reverse,41.2198 or 38.922 or 39.3333 or 40.3681
PHEt2rpp_reverse,50.6773 or 49.6901
GUI2_reverse,53.9872
GLCtex_copy2_reverse,38.922 or 39.3333 or 41.2198 or 40.3681
3OAR120_reverse,25.5603
PPALtex_reverse,41.2198 or 38.922 or 39.3333 or 40.3681
CA2tex_reverse,41.2198 or 38.922 or 39.3333 or 40.3681
CUtex_reverse,41.2198 or 38.922 or 39.3333 or 40.3681
12PPDRtex_reverse,41.2198 or 38.922 or 39.3333 or 40.3681
F6Ptex_reverse,41.2198 or 38.922 or 39.3333 or 40.3681
GAMAN6Ptex_reverse,41.2198 or 38.922 or 39.3333 or 40.3681
ACONTb_reverse,93.4981 or 97.6772
PROGLYtex_reverse,41.2198 or 38.922 or 39.3333 or 40.3681
MICITDr_reverse,93.4981
ACONTa_reverse,93.4981 or 97.6772
3OAR140_reverse,25.5603
3OAR160_reverse,25.5603
CLPNS140pp_reverse,54.8223 or 47.6335
CLPNS141pp_reverse,54.8223 or 47.6335
CGLYtex_reverse,41.2198 or 38.922 or 39.3333 or 40.3681
3OAR60_reverse,25.5603
3OAR80_reverse,25.5603
GTHOXtex_reverse,41.2198 or 38.922 or 39.3333 or 40.3681
3OAR40_reverse,25.5603
3OAR100_reverse,25.5603
3OAR180_reverse,25.5603
GTHRDtex_reverse,41.2198 or 38.922 or 39.3333 or 40.3681
ACOAD7f_reverse,89.2244
ACOAD8f_reverse,89.2244
ACOAD5f_reverse,89.2244
ACOAD3f_reverse,89.2244
ACOAD2f_reverse,89.2244
ACOAD4f_reverse,89.2244
ACOAD6f_reverse,89.2244
FRULYSE_reverse,31.1688
TUNGStex_reverse,41.2198 or 39.3333 or 40.3681 or 38.922
CAt6pp_reverse,34.7406
5DGLCNt2rpp_reverse,46.0413
GALCTNLtex_reverse,39.3333 or 40.3681 or 41.2198 or 38.922
MALDtex_reverse,38.922 or 41.2198 or 40.3681 or 39.3333
OROTtex_reverse,40.3681 or 41.2198 or 39.3333 or 38.922
5DGLCNtex_reverse,39.3333 or 41.2198 or 38.922 or 40.3681
PPAtex_reverse,39.3333 or 38.922 or 41.2198 or 40.3681
PSCLYStex_reverse,41.2198 or 39.3333 or 40.3681 or 38.922
THYMtex_reverse,40.3681 or 38.922 or 41.2198 or 39.3333
POR5_reverse,148.5614 or 148.5246
HACD8_reverse,79.5939 or 77.0722
CTECOAI8_reverse,79.5939
CTECOAI6_reverse,79.5939
MINCYCtex_reverse,39.3333 or 41.2198 or 38.922 or 40.3681
DOXRBCNtex_reverse,41.2198 or 39.3333 or 40.3681 or 38.922
REPHACCOAI_reverse,28.4046
DHNPTE_reverse,13.6195
CMtex_reverse,41.2198 or 40.3681 or 39.3333 or 38.922
LALALGLUtex_reverse,39.3333 or 41.2198 or 38.922 or 40.3681
5MTRtex_reverse,40.3681 or 41.2198 or 39.3333 or 38.922
LALADGLUtex_reverse,38.922 or 40.3681 or 41.2198 or 39.3333
3HPPtex_reverse,40.3681 or 41.2198 or 39.3333 or 38.922
FUSAtex_reverse,41.2198 or 40.3681 or 39.3333 or 38.922
QUIN2tex_reverse,38.922 or 40.3681 or 41.2198 or 39.3333
FORCT_reverse,45.8282
HADPCOADH3_reverse,51.7326
ACACT8r_reverse,46.5305 or 40.8762
CTECOAI7_reverse,79.5939
SELtex_reverse,40.3681 or 41.2198 or 39.3333 or 38.922
MEOHtex_reverse,40.3681 or 39.3333 or 41.2198 or 38.922
TTRCYCtex_reverse,41.2198 or 39.3333 or 38.922 or 40.3681
DHACOAH_reverse,27.2374
SLNTtex_reverse,40.3681 or 41.2198 or 39.3333 or 38.922
ALDD19xr_reverse,53.6991
VPAMTr_reverse,46.7112
TARTRDtex_reverse,38.922 or 41.2198 or 40.3681 or 39.3333
BTNtex_reverse,38.922 or 40.3681 or 41.2198 or 39.3333
PYDXtex_reverse,41.2198 or 40.3681 or 39.3333 or 38.922
SUCASPtpp_reverse,47.9353 or 45.7507 or 48.4122
SUCMALtpp_reverse,47.9353 or 45.7507 or 48.4122
PYDXNtex_reverse,41.2198 or 40.3681 or 39.3333 or 38.922
PYDAMtex_reverse,41.2198 or 40.3681 or 39.3333 or 38.922
13PPDH2_reverse,42.097
SUCTARTtpp_reverse,47.9353
CHTBStex_reverse,38.922 or 39.3333 or 40.3681 or 41.2198 or 52.78
GHBDHx_reverse,31.1581
APPLDHr_reverse,38.7122
DHNPA2r_reverse,13.6195
CRNDtex_reverse,38.922 or 41.2198 or 40.3681 or 39.3333
NADHXE_reverse,54.65
NADPHXE_reverse,54.65
DXYLTD_reverse,69.399 or 70.017
2DDARAA_reverse,32.722 or 32.53
DXYLONtex_reverse,39.3333 or 41.2198 or 40.3681
PSURItex_reverse,40.3681 or 39.3333 or 41.2198 or 38.922
DHPStex_reverse,27.2003
FMNtex_reverse,40.3681 or 39.3333 or 38.922 or 41.2198
CLBtex_reverse,39.3333 or 38.922 or 41.2198 or 40.3681
ACOXT_reverse,41.671
4ABZGLUH_reverse,98.782
4ABZGLUtr_reverse,54.886
PCNO_reverse,34.724
5DKGR_reverse,27.07 or 27.5627
GLYtpp_reverse,29.78
FADtex_reverse,41.2198 or 38.922 or 40.3681 or 39.3333
LKDRA_reverse,28.916
METNA_reverse,19.248
2DGLCtex_reverse,40.3681 or 41.2198 or 38.922 or 39.3333
PUACGAMS_reverse,66.848
SQtex_reverse,27.2003
URATEtex_reverse,39.3333 or 40.3681 or 38.922 or 41.2198
ARHGDx_reverse,44.1758
INOSTO_reverse,61.164
Ftex_reverse,40.3681 or 38.922 or 39.3333 or 41.2198
CYSItex_reverse,41.2198 or 39.3333 or 38.922 or 40.3681
CS1tex_reverse,38.922 or 39.3333 or 40.3681 or 41.2198
MEPNtex_reverse,40.3681 or 39.3333 or 38.922 or 41.2198
UDPGPT_reverse,52.408
4ABZGLUtex_reverse,40.3681 or 38.922 or 41.2198 or 39.3333
4HTHRA_reverse,36.4947
METGLCURtex_reverse,40.3681 or 41.2198 or 38.922 or 39.3333
AI2tex_reverse,38.922 or 40.3681 or 39.3333 or 41.2198
RHMND_reverse,44.226
ASPtpp_reverse,59.429
FUMt1pp_reverse,59.429
SUCCt1pp_reverse,59.429
