,kcat,MW,kcat_MW
TPI,259200.0,53.9436,4805.018574956065
TPI_reverse,132458.5014,53.9436,2455.499844281805
HYD2pp,7210616.458,181.7482,39673.660911084684
ATPS4rpp,6754830.2710000025,530.0127,12744.657384624936
MDH,3527782.8494399996,64.6746,54546.65122691133
PPTHpp,6160798.267000001,98.8772,62307.57208942001
GGGABAH,5814339.581,56.0261,103779.12403326307
PSP_L,5331600.0,35.0427,152145.81068239606
HYD1pp,5271939.547,181.7482,29006.832238228497
PGK,81612.68645,41.1182,1984.8312049165568
RPI_reverse,85593.19064,32.1466,2662.5892206329754
RPI,71002.38272000001,32.1466,2208.705826432656
PDH,1215397.782,4079.7264,297.91159083609136
RPE_reverse,108366.9572,24.5542,4413.377638041557
RPE,198533.1876,24.5542,8085.508287787832
THD2pp,2171332.143,206.6929,10505.112381702516
FUM,4014125.33112,120.2106,33392.44069258452
CYTBO3_4pp,2052552.006,143.9313,14260.636887181594
MDH_reverse,11663.48336,64.6746,180.3410204315141
CFAS180E,1612231.501,87.818,18358.781810107263
NO3R2pp,1547926.092,250.963,6167.945442156812
SDPDS,1540800.0,82.538,18667.7651505973
DHAD1,1512000.0,131.0631,11536.427873291568
GMHEPK,1502082.994,102.1012,14711.70754114545
ICL,694642.9091040001,190.0863,3654.355464354875
AKGDH,1991168.2908,2418.391,823.3442362297908
ACOAD3f_reverse,1281600.0,89.2244,14363.783897678213
ACOAD2f_reverse,1281600.0,89.2244,14363.783897678213
ACOAD5f_reverse,1281600.0,89.2244,14363.783897678213
ACOAD4f_reverse,1281600.0,89.2244,14363.783897678213
GHMT2r,11520.0,90.6332,127.10574050127329
GUI2_reverse,1106757.021,53.9872,20500.35973341829
FADRx,1090800.0,26.242,41566.953738282136
MC6PH,1075510.261,202.05,5322.990650829002
NTRIR3pp,1003797.469,134.0271,7489.511218253622
PFK,1000800.0,64.91199999999999,15417.796401281734
ACOAD6f_reverse,1000800.0,89.2244,11216.662706613886
NADH16pp,700176.037,540.4142,1295.6284956982995
G6PDH2r,558000.0,55.7044,10017.16201951731
NADPHXE_reverse,922865.2178,54.65,16886.829236962487
RPNTPH,863642.4721,42.01,20558.021235420143
ACGS,820800.0,295.1711,2780.760040532424
UPLA4FNF,772257.6065,33.1118,23322.731065662392
NTRIR4pp,752249.2273,134.0271,5612.66510504219
MMM,728300.542,155.7425,4676.312130600189
GLUDy_reverse,666000.0,291.4882,2284.826624199539
PGL,662400.0,36.3076,18244.114179951303
UDPGALM,651626.1936,42.9659,15166.124615101744
HSDy_reverse,638760.4157,177.7754,3593.075395695918
ASPK,631361.1827,97.0635,6504.619993097303
PGK_reverse,151200.0,41.1182,3677.203768647461
AMANAPEr_reverse,586980.0616,24.0737,24382.62758113626
AGPAT161,576000.0,27.4532,20981.160666151853
ACONTa,1258347.6345600002,186.9962,6729.268480108153
ACONTb_reverse,58615.67725,186.9962,313.4591892776432
ACONTa_reverse,34269.90152,186.9962,183.26522956081462
ACONTb,1258347.6345600002,186.9962,6729.268480108153
AIRC2,554400.0,78.9222,7024.639455058273
PTAr,547821.7643,72.1335,7594.554046316899
CS,340263.363096,288.0899,1181.1013266900366
ME2,979321.2631199999,494.5043,1980.4100047663892
DHAD2,500400.0,131.0631,3818.008272351257
AGPAT160,489600.0,27.4532,17833.986566229076
XTSNH,482024.5754,32.5608,14803.830845679466
GND,79200.0,102.9626,769.2113447018628
FA141ACPHi,467514.5519,22.9611,20361.15656044353
ACOAD7f_reverse,460800.0,89.2244,5164.506569951717
ACOAD1f,434993.0386,89.2244,4875.269977719099
PYK,427444.7782,202.9177,2106.4933132989386
ACOAD2f,426233.6705,89.2244,4777.097638090029
GAPD,838827.95328,142.13,5901.836018293112
PTAr_reverse,420628.6411,72.1335,5831.252345997354
ENO,86400.0,91.3099,946.2281746010016
MI1PP,404041.0784,29.1721,13850.256868720457
GARFT,403200.0,23.2383,17350.66678715741
NO3R1pp,401469.1895,250.963,1599.714657140694
ATPS4rpp_reverse,394887.4078,530.0127,745.0527276044518
SUCDi,849427.47936,355.0752,2392.24671100657
MCTP1Bpp,374951.4102,36.082,10391.647087190287
ACOAD3f,374885.7826,89.2244,4201.606092055536
PPS,370888.9427,174.8702,2120.938517254512
SUCOAS_reverse,514908.776592,142.3403,3617.4490048988227
PGI,255600.0,123.0595,2077.044031545716
PGI_reverse,323462.6992,123.0595,2628.506528955505
GMHEPAT,348334.2784,102.1012,3411.6570461463725
ACALD,347838.2822,33.4425,10401.084912910219
CYANST,331771.8227,24.1649,13729.49288844564
TKT2,324065.5255,73.0427,4436.658632553287
ACOAD8f_reverse,323145.3704,89.2244,3621.7152527783883
LPLIPAL1A160pp,313499.2089,94.4886,3317.852194867952
PPA,303342.6722,26.9004,11276.511583470876
DAPE,302400.0,60.4171,5005.205479905524
HSK,291600.0,67.2473,4336.233573689949
GMHEPPA,283427.0473,21.2942,13310.058480713056
DHQS,280800.0,38.881,7222.036470255394
DASYN161,280800.0,31.4538,8927.379203784598
FBP,274394.2568,29.721,9232.335951011071
UGCIAMH,257942.8563,28.73,8978.171120779672
GLCP2,256439.2924,181.0448,1416.441081986337
PAPPT3,252000.0,39.8748,6319.78091426164
MTHFC,248400.0,62.0875,4000.8053150795254
MTHFD,248400.0,62.0875,4000.8053150795254
PGM_reverse,242966.3202,56.1939,4323.713431529045
ACLS,241177.3205,143.0927,1685.4620850679314
X5PL3E,240986.0357,32.0066,7529.26070560447
DASYN160,237600.0,31.4538,7553.936249356198
AADDGT,231887.7737,40.6396,5705.956104390791
LALGP,231021.2838,105.8308,2182.9305249511485
ACOAD5f,223003.5589,89.2244,2499.356217581738
GLBRAN2,221256.5004,84.3369,2623.4839127357063
GLUPRT,219600.0,225.9522,971.886974324658
NTPP9,219466.3262,42.0777,5215.739600786165
ALLTAMH2,218031.9588,91.388,2385.7832406880552
DHQTi,212400.0,54.9333,3866.507200550486
MOAT,212400.0,47.2911,4491.331349873443
MOAT2,212400.0,47.2911,4491.331349873443
PGM,164087.7094,56.1939,2920.0270741130266
PFK_3,208800.0,139.3682,1498.1896874609847
ACOAD6f,208640.9014,89.2244,2338.383910679141
PFL,66265.40938,114.1398,580.5635666086678
CRNCAR,203054.0799,28.1902,7203.002458301112
CTECOAI7_reverse,198000.0,159.1878,1243.8139103624776
MDDEP2pp,194468.9023,21.04,9242.818550380229
NTRIR2x,194253.4062,105.4053,1842.9187735341586
ICDHyr,948166.2432000001,91.5134,10360.955261196723
CAT,190740.2702,320.0953,595.8858821107339
G6PDH2r_reverse,27844.11588,55.7044,499.8548746598114
LPADSS,187200.0,84.7649,2208.46128527256
ACOAD4f,185797.065,89.2244,2082.3571242843886
GDPTPDP,184851.3609,79.3424,2329.792908961665
TKT1,182904.1236,73.0427,2504.071229568458
GLUDy,180117.9189,291.4882,617.9252501473472
ACKr_reverse,178357.4108,42.4337,4203.201955049878
DSBGGT,176926.5936,54.99,3217.4321440261865
ACONMT,176845.203,29.006,6096.849031234917
P5CD,176721.467,287.6303,614.4049044902432
XYHDL,174757.0033,528.474,330.68231038802287
NO3R1bpp,174653.5775,189.2373,922.9342074738963
MAN1PT2,174021.8972,53.0163,3282.422522884472
RNDR4b,173713.9787,242.982,714.9252977586818
DDGLK,171581.3307,33.9624,5052.096751112995
ACOAD7f,168849.2482,89.2244,1892.4111364155995
ACKr,168823.2518,42.4337,3978.5182955999603
4HTHRA,168654.009,145.9788,1155.3322057723449
3OAR120_reverse,168004.9209,102.2412,1643.2213324960974
FHL,166094.0433,311.4924,533.2202111512191
PPC,165600.0,396.2504,417.9175591999402
PHETA1,163144.9555,87.0756,1873.6012786590047
PPM,158919.1397,44.37,3581.679957178274
TDP,157841.5063,17.4329,9054.231154885303
UAPGR,154800.0,37.851,4089.7202187524767
FACOAE161,154800.0,127.8653,1210.649018928513
MDDCP5pp,152010.8959,41.849,3632.3662668164116
G6PDA,151224.2552,178.6452,846.5061205114945
GK1,151200.0,47.1854,3204.38101616178
CHORS,151200.0,156.5498,965.8268487088452
ALLTN,150250.7634,198.4064,757.2878868826813
TKT2_reverse,149806.8491,73.0427,2050.948953146584
FACOAE100,148841.6558,127.8653,1164.0504171186394
ALCD19_reverse,147353.7592,141.5183,1041.2346615243398
PPM2,146884.0402,44.37,3310.4358846067157
CITL,144633.9099,614.1003,235.5216401946067
DAPDC,144000.0,92.3545,1559.2093509249685
ACALD_reverse,142688.5307,33.4425,4266.682535695597
GUAD,142271.6549,50.2442,2831.6035462799687
DDPA,140719.9588,77.4701,1816.44219899032
MDH3,139494.2586,60.2296,2316.041590845697
SERAT,136800.0,175.8998,777.7154948442238
GLUSy,135501.647,861.2489999999998,157.33155800471175
GHBDHx_reverse,135145.7337,124.6326,1084.352999937416
NADH17pp,134714.4577,540.4142,249.2800109619621
SERASr_reverse,133230.4814,141.991,938.3022966244338
GAPD_reverse,56839.88531000001,142.13,399.9147633152748
ASPK_reverse,131867.8614,97.0635,1358.5731134772595
GDMANE,130011.786,72.2823,1798.6669765627264
FACOAE160,129600.0,127.8653,1013.5666204982899
U23GAAT,129600.0,108.1154,1198.7191463935758
FORCT_reverse,129064.0685,91.6564,1408.1293668527235
CRNBTCT_reverse,128941.3418,90.2535,1428.6575235309433
CDGUNPD,126921.3273,29.601,4287.737823046519
MCTP2App,125796.3953,228.3702,550.8441788814829
PDE1,123619.6494,30.938,3995.722069946344
IPPMIb_reverse,123242.3232,72.3693,1702.964146399095
CHORM,123098.1309,84.085,1463.9725385027054
G3PD2_reverse,122400.0,72.7232,1683.0942532781835
GLNS,119723.2776,622.8451,192.219987923161
GLYCTO4,117077.84199999999,137.2828,852.8223637629767
YUMPS_reverse,117059.4818,98.73,1185.6526060974375
FBA,37445.931789999995,78.2945,478.2702717304537
P5CR,115200.0,281.4488,409.3106810190699
CFAS160G,114927.3368,87.818,1308.6990913024665
ALAR,113967.7232,77.6892,1466.9699675115714
ECAP2pp,113152.0132,135.966,832.2081490960976
AGDC,112916.4612,163.7964,689.3708359890694
ADK1,111600.0,23.586,4731.62045281099
PGMT,111558.8515,20.7798,5368.620078152821
GDPMNH,111348.1079,36.547,3046.709932415794
ALLULPE_reverse,110777.1111,26.1092,4242.8381987958255
DAPE_reverse,109969.7887,60.4171,1820.1765510095647
CFAS180G,107777.6323,87.818,1227.2840681864764
IPPMIa_reverse,106566.4071,72.3693,1472.5361043978594
UAMAGS,104400.0,46.9736,2222.524992761892
ALAR_reverse,104292.6285,77.6892,1342.434064194251
SADT2,102441.8063,350.9871,291.86772476823216
FA140ACPHi,100253.0484,22.9611,4366.212785972798
TMAOR1,100063.9026,144.0938,694.4358646936928
ADMDC,99039.6036,30.3846,3259.5329081179284
PPCK,97061.54587,59.6435,1627.361671766412
G3PD7,97058.71558999999,148.4235,653.9309178802547
ADD,96905.20187,127.4787,760.1677917173614
ARMEPNS,96018.1492,101.125,949.4996212608156
GALT1,95078.50661,40.8259,2328.8771738038845
DMSOR2,94768.54027,144.0938,657.686453338034
NADTRHD,94594.50652000001,412.4831,229.3294113625504
ACODA,93600.0,84.6947,1105.1458946073367
L_LACD2,93550.12703999999,42.7282,2189.4235432337423
SELNPS,91807.86884,73.3745,1251.2230930364094
UGLYCH,91417.25945,18.1696,5031.330323727545
PPGPPDP,90720.84686,79.3424,1143.4094111093186
GLU5K,90000.0,156.2261,576.0881184385962
PTA2,89932.12319,463.0325,194.22421361351525
GLUR,88419.50993,31.002,2852.058252048255
ECAtpp,86843.56536000001,44.9597,1931.586851335752
MALS,1008216.0,60.2736,16727.32340527196
CYTK1,86400.0,24.7463,3491.4310422164117
AGPR_reverse,86400.0,35.9521,2403.19758790168
OMPDC,86400.0,52.7005,1639.4531361182533
ALCD2x_reverse,86341.98017000001,141.5183,610.1117676653832
ARABDI,86322.63719,389.86,221.4195793105217
GUI1,86159.1663,53.9872,1595.9184084375556
RBP4E,84320.75084,25.2777,3335.7762312235686
2AGPEAT160,83842.72261,80.7,1038.9432789343246
PUACGAMS_reverse,82566.7816,66.848,1235.1421373863093
DHAPT,81935.07541,360.8342,227.0712571313917
AMPTASECG,81038.05956000001,98.9189,819.2373708158908
MANPGH,80637.61097000001,100.015,806.2551714242865
SUCOAS,28613.059839999998,142.3403,201.0186843782119
DMSOR2pp,79462.90645,129.2504,614.7981472397762
BPNT,79200.0,27.1759,2914.3469029544567
PRATPP,79200.0,22.7558,3480.4313625537225
PRAMPC,79200.0,22.7558,3480.4313625537225
ADSK,79200.0,44.6426,1774.09021875966
FACOAE120,79200.0,127.8653,619.4018236378439
PPND,79200.0,84.085,941.9040256882917
SERD_L,78829.0727,48.7529,1616.9104340459744
WCOS,78540.19837,88.1345,891.1402273797435
MLTP1_reverse,78285.20605,181.0448,432.40792361890533
AP4AH,77148.74713999999,31.2967,2465.076098758016
DXYLTD,77138.03722,69.399,1111.5151114569373
SGDS,76498.5343,35.8002,2136.818629504863
NHFRBO,76271.50746000001,258.3403,295.2365831424675
ACOAD8f,76148.30066000001,89.2244,853.4470465478054
PSCVT,75600.0,46.0958,1640.0626521288275
ASPTA_reverse,75600.0,87.0756,868.2110717583342
UHGADA,75600.0,33.9559,2226.417205846407
GLUR_reverse,75600.0,31.002,2438.552351461196
GTHRDHpp,75119.99162,61.768,1216.1635736951173
S4FE4SR,74931.37607,156.7328,478.08356687304763
THRD,74588.90951,40.351,1848.5021315456866
LACZ,74153.44238,465.9314,159.1509874200365
OXCOAHDH,73883.66932999999,73.0026,1012.069013021454
ALAGLUE,73466.26981,34.674,2118.771119859261
GALCTD,72941.9405,56.4016,1293.2601291452725
MLTGY2pp,72155.37283,22.2266,3246.3522459575456
FA161ACPHi,72014.93431,22.9611,3136.388688259709
DHORD2,72000.0,36.7745,1957.8784211885952
PRAGSr,72000.0,45.9404,1567.2479995820672
PGCD,72000.0,176.7031,407.4631401486448
FESR,71840.53476000001,24.8826,2887.17958573461
DXYLTD_reverse,71697.11216,69.399,1033.11448522313
SULR,71599.20646,786.1512,91.07561809992785
MLDCP2Bpp,71515.31566000001,34.411,2078.2690319955827
ETHAAL,71428.12397999999,487.1078,146.63720018443553
GAPP,71411.82725,24.33,2935.1346999588977
AGPAT181,71164.94731,27.4532,2592.2277661620506
HSDy,70415.01259,177.7754,396.0897435190696
PETNT181pp,70069.97275,63.8044,1098.1996970428372
ALTRH,69858.52128,54.0931,1291.449764942294
TYRTA,69547.95976,87.0756,798.7077867967606
GSNK,69004.44076,96.8976,712.1377697693234
G3PD2,68644.24347999999,72.7232,943.911206877585
ASNS2,68400.0,73.3011,933.1374290426744
FCLK,68205.67506000001,52.2587,1305.1544538995422
UGLT,67891.37389,79.2914,856.2261971664012
UDPGPT,67455.14386,52.408,1287.1153995573195
F6PA,67194.11527000001,23.5552,2852.6234237026233
ACHBS,67064.87156,143.0927,468.6812923370654
ALCD19,66988.94494,141.5183,473.35888673055
MANAO_reverse,66372.21763,53.5802,1238.7452385396098
HEPT4,66050.8024,41.7295,1582.8323464215964
CYTD,65944.35572,63.0797,1045.4132743180453
SFGTHi,65737.54738999999,31.4245,2091.9202338939363
XAND,65517.635120000006,129.7994,504.7606931927266
ALCD2x,65388.1289,141.5183,462.0471620984706
FRUK,65166.15067,67.5114,965.2614324395585
NADHXD,65061.63673,54.65,1190.5148532479413
PDE4,64875.806710000004,180.5208,359.3813383831669
DTMPK,64800.0,23.7831,2724.623787479345
PSSA161,64800.0,52.8018,1227.2308898560275
UAG2E_reverse,64758.73007000001,84.4892,766.4734672597209
ACACT1r,64745.49694,46.5305,1391.46359785517
MLTG1,64611.20243,69.041,935.8381603684767
HXAND,64608.619179999994,129.7994,497.7574563518784
EDTXS4,63673.51745,37.4104,1702.0271755982294
FACOAE140,63347.75856,127.8653,495.4257219120434
GLUDC,63196.410489999995,316.0088,199.9830716423087
ALATA_L,63159.7104,91.0347,693.7981934361293
CDAPPA180,63141.67922000001,28.4508,2219.328778804111
SADH,62717.07204,98.5971,636.094490000213
GLYCLTDy,62636.424479999994,35.3434,1772.2240780456889
MLDCP2App,61771.372879999995,34.411,1795.1054279154919
GLYCK2,61745.26025,39.1043,1578.9890178317985
PROD3,61607.806489999995,287.6303,214.1909475114409
ENO_reverse,51877.320980000004,91.3099,568.1456334964773
SHKK,61262.159289999996,19.1508,3198.93473327485
UAGPT3,61200.0,37.8147,1618.4182341787714
L_LACD3,61053.04188,42.7282,1428.8699706517007
ME1,60940.100379999996,252.7893,241.07072720245674
G3PD5,60326.17992,113.5011,531.5030419969498
FCI_reverse,60125.13198,389.86,154.2223669522393
MAN6PI_reverse,59947.568960000004,42.85,1399.0097773628934
UDPG4E_reverse,59585.79647,74.5302,799.4852619475059
RBK,59351.153829999996,64.581,919.0188109505893
GGPTRCO,59111.19011,47.1695,1253.1655012243084
XYLI2_reverse,58957.93451,198.968,296.31867692292235
DCYTD,58808.63711,63.0797,932.2910082007364
NTPTP2,58754.90664,356.2976,164.90402023477003
SERASr,58615.064139999995,141.991,412.80830573768753
GDPMNP,58494.91914,43.4973,1344.794254815816
GSPMDA,57857.65322000001,141.0639,410.1520886633648
DRPA,57740.0409,27.7338,2081.9375960019897
FEOXAMR3,57714.151970000006,30.1128,1916.598654724901
UAGDP,57600.0,147.5702,390.3227074300909
G1PACT,57600.0,147.5702,390.3227074300909
UGMDDS,57600.0,47.4472,1213.981014685798
23PDE7pp,57434.65448,70.8322,810.8551545765907
AMALT1,57278.02975,78.5035,729.6238989344424
UAG2E,57209.157139999996,84.4892,677.1179883346036
GLYCTO3,57086.12156,137.2828,415.8286512221487
THRD_L,57035.45056000001,140.928,404.7134037238874
SERAT_reverse,56837.93429,175.8998,323.12677041133645
O16AUNDtpp,56567.01265,45.3826,1246.4471548567074
ASNNpp,56027.20567999999,147.4028,380.09593901879737
3NTD7pp,55966.42332,70.8322,790.1268536061282
ECOAH1_reverse,55686.49906,77.0722,722.5238031352421
CPL,55622.715879999996,31.845,1746.6703055424716
A5PISO,55549.16712000001,136.1257,408.07259114186377
IPDDI_reverse,55097.27431,20.5083,2686.5841786008605
MNNH,54841.495429999995,44.838,1223.1030694946248
MDDCP1pp,54493.1509,41.849,1302.1374680398576
AM4PCP,54473.38639,33.5675,1622.8014117822297
ECAP3pp,54306.83617,135.966,399.4148255446215
LEUTAi,54098.62261000001,87.0756,621.2833745618751
ADSL2r,54000.0,206.1712,261.91825046369235
PSSA160,54000.0,52.8018,1022.6924082133563
MTHFC_reverse,53981.9901,62.0875,869.4502130058386
TRSARr,53910.27997,30.4274,1771.7675506287094
DDPGALA_reverse,53869.172439999995,21.3906,2518.357242901088
ECAP1pp,53500.34426000001,135.966,393.4832550784755
SQVOSI,53182.41289,284.598,186.86854050274425
THRA,53168.689510000004,90.6332,586.6359072613567
POR5_reverse,52980.56892,148.5246,356.71241612500563
GALM2pp,52658.36885,38.1905,1378.8342349537188
23PDE2pp,52628.11949,70.8322,742.9971042830803
CFAS160E,52560.31961000001,87.818,598.514195381357
BSORy,52282.98518,85.8507,608.9989386225158
CTECOAI8_reverse,51918.91394,159.1878,326.1488250984058
DMSOR1,51527.57551,144.0938,357.59745048017334
FADRx2,51368.76695,530.1587,96.89318868104964
MLTG5,51313.46702,69.041,743.2318045798872
HOPNTAL,50874.6321,36.4704,1394.9567896156884
GLXCL,50871.83922,129.4635,392.9434877011667
NTPP3,50618.48846,15.0461,3364.226507865825
GLYCTO2,50485.46818,137.2828,367.7479493425251
DHDPRy,50400.0,115.0264,438.1602832045513
G5SD,50400.0,178.5202,282.3209922462556
PRFGS,50400.0,141.4027,356.42883763888517
UAMAS,50400.0,107.2519,469.9217449760797
2HPTCOAT,50248.122189999995,63.975,785.4337192653377
HPYRI,50196.10612,58.7549,854.3305514944285
GLYAT_reverse,50081.79355,86.2341,580.7655388065742
ICHORS_copy1,50074.22462,42.9316,1166.3721971694506
TALA,49937.71597,35.6588,1400.4317579391345
GAL1PPpp,49931.64198,91.3658,546.5025423079534
4PEPTabcpp,49599.60815,201.75,245.84688054522925
AAMYLpp,49598.11858,75.7127,655.0832103464809
UDPGD,49328.26859,87.3138,564.9538628487136
RNTR1c2,49229.876410000004,179.7453,273.8868633004591
CYTBDpp,49127.83924,100.3437,489.5956521435825
ACACT1r_reverse,49056.7815,46.5305,1054.293022855976
ACACT5r,48979.49998,46.5305,1052.6321440775405
MLTG3,48889.46887,69.041,708.1222588027404
ALATA_L_reverse,48870.10901,91.0347,536.8294618425721
TAGURr_reverse,48756.38965,54.8083,889.5804038804341
GSPMDS,48666.399769999996,141.0639,344.9954224291261
ACACT2r_reverse,48623.593,46.5305,1044.9832475473077
ECOAH2,48500.51292,77.0722,629.2867326999879
METGLCUR,48441.851389999996,273.788,176.9319743378088
EDD,48328.78694,64.639,747.6722557589073
23PDE4pp,48310.69378,70.8322,682.0442366607277
HEX1,47562.8567,34.7231,1369.7756450316933
CYSS,47534.80306000001,65.3283,727.629573400808
APG3PAT180,47472.73186,22.1934,2139.0472780195914
LYXI,47448.98608,188.7978,251.32171074027352
FLDR2,47286.67079,47.4511,996.5347650528647
SHCHCS3,47273.152389999996,27.6824,1707.6970345779266
3NTD4pp,46917.55912,70.8322,662.3761385358637
BUTCT,46897.97526,92.9717,504.43280331541746
3KGK,46839.28669,110.3097,424.6162095445822
KARA1_reverse,8280.0,216.2761,38.284396657790666
KARA1,15966.4598,216.2761,73.82442997631269
AIRC3_reverse,46800.0,142.2426,329.0153582681982
ARAI,46557.9562,336.4439,138.38252439708373
AGM4PCP,46441.373439999996,33.5675,1383.521961421017
UDPGPT_reverse,46403.30621,52.408,885.4240995649519
SHK3Dr,46104.63948,29.4136,1567.4599328201919
ECOAH6_reverse,46056.25922,77.0722,597.5729150069675
OCBT,45832.3358,110.4814,414.8420983079505
GLYK,45670.44197,224.9231,203.0491397726601
ADNUC,45598.68659,32.5608,1400.4166540748386
DTARTD,45441.45666,120.2106,378.0153884931945
ECOAH2_reverse,45311.23192,77.0722,587.9062998071937
S4FE4ST,45270.43078,183.333,246.93007140012986
ALR4x,45141.94591,309.6976,145.7613682185461
ARABDI_reverse,45079.5164,389.86,115.63001179910736
ACACT2r,45028.02067,46.5305,967.7097961552099
ECOAH5,45024.423839999996,77.0722,584.1850088618205
PYK3,45020.638080000004,205.4286,219.15467505498265
KDUI,45006.1627,186.456,241.37685405672119
PYNP2r,44972.730110000004,162.9545,275.98335799256853
3NTD2pp,44836.482560000004,70.8322,632.9957640734017
FACOAE180,44832.338639999994,127.8653,350.62162009552236
MLTG2,44577.3078,69.041,645.6642835416637
XYLK2,44532.4874,110.3097,403.7041837662508
LDGUNPD,44519.35518,74.665,596.254673273957
GALKr,44343.2048,41.4421,1070.0038077220986
EDA,44337.53138,66.8521,663.2182291954928
EAR40x,44179.31434,111.4558,396.38416609992487
UDPKAAT_reverse,44134.30026,41.6498,1059.6521534317094
ECOAH3,44125.78766,77.0722,572.5253419520917
GLUN,43731.73602,67.0312,652.4086696941125
PSCVT_reverse,43650.2925,46.0958,946.9472815310723
GLCDpp,43571.8008,41.0545,1061.3160749735111
23PDE9pp,43543.38935,70.8322,614.7400384288501
SBTPD_reverse,43431.09995,111.4315,389.7560380143855
PPNDH,43200.0,86.2227,501.02815151926353
ECOAH1,43149.26455,77.0722,559.8551040452978
SPODM,43146.08622,42.5316,1014.4477569618823
AMALT2,43134.18746,78.5035,549.4555970115982
MCTP1App,42697.940689999996,228.3702,186.96809255323154
MICITDr_reverse,42684.56006,186.9962,228.2643179914886
MLDEP1pp,42680.98235,60.2733,708.1242001018692
MDH2,42664.64483000001,60.2296,708.3667304780374
GTHS,42649.46597,142.2436,299.8339888051202
MANAO,42550.179410000004,53.5802,794.1399884658888
AB6PGH,42497.06141,53.161,799.4029722917177
ACOAD1fr,42460.6505,43.002,987.4110622761732
TREHpp,42399.81511,63.6367,666.2792871094825
AP5AH,42259.28724,31.2967,1350.2793342429072
TMAOR2,42205.22924,144.0938,292.90107721498083
UMPK,42025.02012,24.7463,1698.234488388163
ACACT4r,41966.54604,46.5305,901.9147879347954
LDH_D,41919.84126,146.1392,286.84871177616964
FRULYSDG,41650.55762,462.8308,89.99089433978897
HACD1_reverse,41623.13358,77.0722,540.0537882660675
ECOAH4,41618.871830000004,77.0722,539.9984927120287
FE3Ri,41567.57582,26.242,1584.0094436399663
NNATr_reverse,41349.30422,24.528,1685.8000742009133
LPLIPAL2ATG160,41172.89897,38.9783,1056.303096081666
GPDDA2pp,41162.26921000001,81.6867,503.9041754655288
GPDDA4pp,41144.26043,81.6867,503.6837138726378
3OAR80_reverse,41062.49348000001,102.2412,401.62374346154
CU1Opp,40900.17532,56.5562,723.1775706288612
MLTG4,40858.37928,69.041,591.798775799887
ACACT6r,40632.79266,46.5305,873.2507207100717
GDPDPK,40330.378939999995,79.3424,508.3080287462945
TARTD,40271.4679,110.826,363.3756329742119
HACD5,40209.19967,77.0722,521.7082121698875
FRD3,40135.54568,121.2166,331.1060174926537
GARFT_reverse,40052.3476,23.2383,1723.5489515153863
ACPPAT161,40006.80572,46.854,853.861051777863
FRD2,39705.41401,121.2166,327.55756233057184
HACD2_reverse,39702.90928,77.0722,515.1391718414682
DHDPS,39600.0,125.0799,316.59763079439625
ARGSL,39600.0,50.3182,786.9915855495627
CTPS2,39600.0,241.4966,163.9774638649157
HACD3,39593.4512,77.0722,513.7189700047488
HCYSMT,39542.54746,33.4228,1183.1009807676194
PGPP120pp,39502.05577,19.4181,2034.2904697163985
3NTD9pp,39469.58003000001,70.8322,557.2265160477863
MAN6PI,39462.133969999995,42.85,920.936615402567
6D6SPA,39442.55994,31.983,1233.2351543007221
CRNCDH,39436.11997,28.1902,1398.9301235890487
PPK2,39038.030569999995,160.863,242.6787425946302
HACD2,39035.142139999996,77.0722,506.4749953939293
ECOAH3_reverse,38981.49761000001,77.0722,505.7789658268482
APG3PAT140,38886.36066000001,22.1934,1752.1587796371896
ASCBPL,38846.75555,240.364,161.61636330731724
HACD1,38780.61833000001,77.0722,503.17258791107565
ABUTD,38704.04507,203.32,190.3602452783789
DHORD5,38657.17404,36.7745,1051.1950955145549
PSD120,38651.46836,35.9344,1075.611902800659
MCITL2,38608.8206,128.5386,300.36752072918165
HACD4,38552.38416,77.0722,500.2112844838996
PRMICI_reverse,38487.189889999994,26.0326,1478.4228194648251
FCI,38459.23614,389.86,98.6488384035295
INSK,38426.53993,96.8976,396.56854173890787
HKNDDH,38363.58101,63.8749,600.6049482660637
AGMHE,38346.39454,174.4658,219.79318892298664
DURADx,38271.108239999994,178.7966,214.0482997998843
MLDCP1Bpp,38207.63549,34.411,1110.332030164773
PHYTSpp,38198.7126,94.1137,405.8783428980053
ADA,38158.03206000001,36.3975,1048.369587471667
G1SAT_reverse,38145.117739999994,90.7322,420.41433735763036
ARAI_reverse,37923.43532,336.4439,112.71845118903923
DXYLK,37749.01216000001,105.2365,358.70645793047095
AGM4Pt2pp,37678.09115,53.2452,707.6335735427797
OMBZLM,37665.373999999996,28.0732,1341.6843822578114
MCITD,37457.914639999995,53.9518,694.2847993950155
GPDDA1pp,37449.60109,81.6867,458.4540823659176
BGLA1,37406.12216,53.161,703.6384221515773
FORCT,37350.27356,91.6564,407.50317010050577
4PCPpp,37289.77556,21.04,1772.327735741445
DHORTS,37265.83384,77.6548,479.89092548045966
DSBDR,37200.94625,73.6017,505.43596479429146
XYLI2,37166.12269,198.968,186.79447293032044
DADA,37137.1001,36.3975,1020.320079675802
DHMPTR,37100.23214,26.3483,1408.0692925160254
CBMKr,37048.794839999995,31.6441,1170.796288723648
ECOAH7,37020.63211000001,77.0722,480.3370360519099
ACACT3r_reverse,36960.01261000001,46.5305,794.3179765959962
ALR2x,36956.8215,36.329,1017.2815519282117
ULA4Ntppi,36865.93205,26.2771,1402.9680615440827
HACD3_reverse,36814.26424,77.0722,477.6594445208519
PAPA120,36805.00327,29.0213,1268.206567934586
GPDDA3pp,36706.06811,81.6867,449.35182973482836
GHMT2r_reverse,36640.106139999996,90.6332,404.2680401883637
ACPPAT141,36607.03398,46.854,781.3000806761429
ECOAH6,36593.980489999994,77.0722,474.8012965764568
GLYCL,36542.3134,364.0876,100.36681666719768
ACACT7r,36389.7463,46.5305,782.0622237027327
PTRCTA,36125.7943,99.3227,363.721428233425
INSH,36111.155,32.5608,1109.0377079187242
MOADSUx,36042.55733,107.6949,334.67283343965215
PGAMT,36035.4739,47.5436,757.9458412909413
TRDR,36024.44087,81.0527,444.4570121661585
SHSL1,36000.0,166.2016,216.60441295390652
KDOPP,36000.0,79.9884,450.06525946262207
IMPC_reverse,36000.0,57.3292,627.9522477201845
IPPS,36000.0,57.2979,628.2952778374076
AICART,36000.0,57.3292,627.9522477201845
ADSL1r,36000.0,206.1712,174.61216697579488
PRAIS,36000.0,73.7081,488.4130780741872
PRMICI,36000.0,26.0326,1382.88146401051
ORNDC,35745.33522,158.8324,225.0506522598664
TRPS3,35739.90722,143.4143,249.2074166941512
ACACT5r_reverse,35501.71811,46.5305,762.9773613006523
HPPPNDO,35492.100589999995,136.7842,259.4751483723997
3HAD60,35394.22481,37.9381,932.9466897393387
ACACT3r,35394.186480000004,46.5305,760.6663689408023
MCITS,35244.93913,86.2044,408.8531342947691
PRCPD,35200.69678,55.69600000000001,632.0148086038495
DSBCGT,35098.21691,51.2433,684.9327992147267
AGMT,34948.097239999996,67.1141,520.7266020106058
RMI,34888.97517,188.7978,184.79545402541763
GUI2,34845.046780000004,53.9872,645.4316352765103
ASPCT,34791.89775,206.5642,168.43140171433384
RNTR3c2,34677.14107,179.7453,192.92377085798628
FA160ACPHi,34673.13241000001,22.9611,1510.081503499397
G1PPpp,34600.56248,91.3658,378.7036558537221
ACACT4r_reverse,34554.87723,46.5305,742.628538915335
NODOx,34540.483980000005,43.8677,787.3785035458893
CINNDO,34531.83732,126.9954,271.91407972257264
UACMAMO,34516.73316,91.6775,376.5016842736769
ECOAH4_reverse,34389.94493,77.0722,446.20427248735604
HACD7,34363.09202,77.0722,445.8558600896302
FBA_reverse,34326.333119999996,78.2945,438.4258552005568
AGMt2pp,34185.31625,53.2452,642.0356435885301
AGM4PCPpp,34105.01658,21.04,1620.9608640684412
NDP3,34101.47047,17.4329,1956.1559161126377
RHAT1,34002.42145,36.7305,925.7271599896544
DAPAL,33933.614669999995,86.6551,391.59397046451966
RMK,33912.966389999994,54.069,627.2164528657825
MALTATr,33857.47486,60.288,561.5955888402336
ABTA,33853.97349,44.7291,756.8668605002111
NDP7,33721.60938,35.353,953.8542522558198
2AGPEAT140,33704.87601,80.7,417.65645613382895
CDAPPA160,33511.40562,28.4508,1177.8721730144666
CLPNS160pp,33484.59677,47.6335,702.9631828440068
QMO3,33447.80076000001,23.0648,1450.1665204120566
A5PISO_reverse,33180.190389999996,136.1257,243.74670168821902
MDDEP3pp,33111.5862,21.04,1573.7445912547528
PAPA140,33006.15625,29.0213,1137.3079858586625
PAPSR,32950.32997,67.7583,486.2921585990203
FDH4pp,32853.997489999994,170.1061,193.13826776347236
HCO3E,32760.0,47.5285,689.2706481374333
PUNP7_reverse,32703.33227,179.0077,182.6923214476249
ACOTA_reverse,32625.37856,44.7291,729.3993968132602
S7PI,32534.6772,83.259,390.7646885021439
AMAOTr_reverse,32523.361289999997,94.6712,343.54018212508134
DMSOR1pp,32437.32175,129.2504,250.96496219740902
PPM_reverse,32423.2523,44.37,730.7471782736084
SPMDAT1,32401.65086,87.54799999999999,370.10155411888337
UPLA4FNT,32384.40508,36.3391,891.1724583162488
CDAPPA181,32332.59317,28.4508,1136.438805587189
CHOLD,32331.58284,61.8776,522.5086758374597
CLPNS141pp,32295.07812,47.6335,677.9908702908667
IG3PS,32266.5357,50.1073,643.9487998754672
3SLAR,32163.079719999998,124.6326,258.06313693207073
ACOATA,32149.38905,75.6698,424.8642001168233
AMALT4,32028.928910000002,78.5035,407.9936424490628
ACS,32028.81133,72.0936,444.2670546345307
PHDA,32025.200460000004,204.1,156.90936041156297
DURIPP,31920.232389999997,94.4142,338.08719864172974
CDAPPA120,31900.48775,28.4508,1121.250992942202
ADNCYC,31838.44056000001,97.586,326.2603299653639
GLDBRAN2,31696.232539999997,73.5767,430.79171177832114
VALTA_reverse,31680.0,204.5619,154.8675486490886
MLTGY1pp,31677.55986,22.2266,1425.2094274427936
HACD4_reverse,31565.19803,77.0722,409.55361375437576
NNDMBRT,31557.09164,73.97399999999998,426.5970697812745
HEX7,31530.95853,32.4998,970.1893097803676
HACD6,31487.30375,77.0722,408.5429473921855
SQGH,31386.495689999996,77.275,406.16623345195717
TRE6PH,31368.074460000003,63.8377,491.3722527597329
TGBPA,31362.76788,77.9206,402.4964884767315
4ABZGLUH_reverse,31226.50825,197.564,158.05768383916097
ECOAH5_reverse,31162.6381,77.0722,404.33046026972113
PHETA1_reverse,31007.86386,87.0756,356.1027872331628
SSALy,30829.92795,99.4357,310.048885360087
LALDO2x,30808.04378,309.6976,99.47782540129471
COLIPAKpp,30763.48947,26.7591,1149.645895041313
NTP5,30671.513039999998,39.1933,782.570312783052
TEO2M,30564.75775,45.062,678.282316586037
THFAT,30546.824460000003,90.6332,337.0379117144712
NADPHQR3,30528.293210000003,43.7818,697.2827341498066
HXCT,30493.608119999997,92.9717,327.9880664761427
TMDPP,30479.00062,94.4142,322.82220915921545
ACACT8r_reverse,30393.775830000002,46.5305,653.2011439808298
ICDHyr_reverse,30368.822819999998,91.5134,331.851103991328
LA4NTpp,30335.10919,62.5426,485.03114980829065
ACGK,30240.0,54.3191,556.7102547722625
HACD8,30181.25367,77.0722,391.5971474798954
AICART_reverse,30129.89223,57.3292,525.5592652609839
RNTR2c2,30111.14447,179.7453,167.52117841189732
F1PP,30106.44206,20.7798,1448.8321379416548
SCYSDS,30061.010639999997,120.4682,249.53482030942604
CDAPPA141,30059.94402,28.4508,1056.55883208908
INOSTO,30029.78275,61.164,490.9715314564122
MDDEP1pp,30020.38301,21.04,1426.8242875475287
ACACT6r_reverse,29980.30132,46.5305,644.3150475494568
PPK,29958.53743,160.863,186.2363466427954
FDH5pp,29922.56645,170.1061,175.90531115580217
ASAD,29917.338410000004,80.0358,373.79945486894616
MLDEP2pp,29895.315189999998,60.2733,495.9959914257225
PSERT,29880.0,79.5666,375.5344579258131
CTECOAI8,29862.203610000004,159.1878,187.5910315363364
GLYCK,29775.876080000002,38.7345,768.7171921671895
AMPTASEPG,29612.1696,98.9189,299.35805594279765
3HBZCT,29600.996339999998,59.88,494.3386162324649
SHK3Dr_reverse,29504.42482,29.4136,1003.0878511980852
G3PD6,29478.253230000002,148.4235,198.6090695206622
PGMT_reverse,29407.45925,20.7798,1415.194527858786
PYDXPP,29369.903639999997,27.163,1081.2466826197399
3HPADHi,29369.091119999997,53.4186,549.7914793723535
FALDH2,29317.27206000001,78.718,372.4341581340989
NTPP1,29218.073669999998,14.9271,1957.3844665072247
PERD_reverse,29134.958939999997,82.7353,352.14665251712387
CTECOAI6_reverse,29128.12964,159.1878,182.97966075289688
BWCOGDS2,29065.07453,21.6429,1342.9380780764136
HYD3pp,29005.97007,181.7482,159.5942632169122
PMANM,28985.11675,50.4626,574.3880963327297
HACD6_reverse,28885.7992,77.0722,374.7888239858211
CDPPH,28855.36431,35.353,816.2069501881027
PRPPS,28800.0,34.2183,841.6549039549013
UAAGDS,28800.0,53.3436,539.8960700065237
HSST,28800.0,71.4546,403.0531274403608
MTHFD_reverse,28796.287310000003,62.0875,463.8016881014698
NTD2pp,28742.741639999997,60.824,472.5559259502828
PFK_2,28729.97065,139.3682,206.1443761919864
TAGURr,28666.34973,54.8083,523.0293537657618
DHNAOT4,28638.76395,33.594,852.4963966779782
LPLIPAL2ATG161,28569.380760000004,38.9783,732.9560488784787
ACCOAC,28564.88644,252.4556,113.14815928028533
GPDDA5pp,28550.56261,81.6867,349.51298816086336
HACD5_reverse,28543.868110000003,77.0722,370.3523204216307
AHGDx_reverse,28540.16407,176.7031,161.51478989332952
CYTBD2pp,28476.710769999998,100.3437,283.7917155735736
PSD161,28440.0,35.9344,791.4421835344406
2DDARAA,28422.219910000003,32.722,868.5966600452298
ALLULPE,28397.97262,26.1092,1087.6615376955247
INOSTO_reverse,28380.97591,61.164,464.0143860767772
ATHRDHr_reverse,28339.932010000004,108.9957,260.00963349930316
FACOAE181,28297.738269999998,127.8653,221.308973349298
NTPTP1,28199.90188,356.2976,79.1470441563457
RHMND,28119.95353000001,353.80800000000005,79.47800369126759
SGSAD,28118.214060000002,53.0263,530.2692071670097
O16GLCT1,28037.51536,43.1882,649.1938853668363
ALPATG160pp,27918.59867,82.0363,340.32006160687405
UMPK_reverse,27813.81124,24.7463,1123.9583792324506
GK1_reverse,27785.557419999997,47.1854,588.8592111119118
RNDR2b,27735.009710000002,242.982,114.14429756113623
NADPHQR2,27721.051180000002,43.7818,633.1638073354682
4PCP,27706.1783,33.5675,825.3870052878527
PYK2,27680.85888,205.4286,134.74686036900414
CYSDDS,27651.34377,70.3066,393.29655779116035
PPDOy,27609.905660000004,37.978,726.997357944073
ADK4_reverse,27584.11545,23.586,1169.5122297125415
SERD_D,27507.133319999997,47.9006,574.2544627833472
DAAD,27473.023760000004,95.2146,288.53793178777215
BMOGDS1,27337.89485,21.6429,1263.1345545190338
GALS3,27314.257639999996,101.3141,269.59976587661544
CLPNS120pp,27301.68336000001,47.6335,573.1613960762909
MLTP2,27243.36347,181.0448,150.47857475055898
CBLAT_reverse,27183.75746,21.9989,1235.6871234470814
2HESR,27159.73869,49.032,553.9186386441507
LPLIPAL2ATE160,27150.846639999996,38.9783,696.5631297414203
AGPR,27140.71295,35.9521,754.9131469371747
TDPADGAT,27137.47252,24.2204,1120.438659972585
ACACCT,27123.738889999997,57.562,471.20911174038423
GALKr_reverse,27093.8564,41.4421,653.7761455138615
METNA_reverse,27085.975430000002,38.496,703.6049311616791
NTP1,27027.32662,39.1933,689.590481536385
SDPTA_reverse,27000.0,44.7291,603.6338759331172
GLCP,26911.79951,181.0448,148.64718296244908
TDSK,26884.71438,35.5893,755.415655267173
GNK,26754.97352,21.004,1273.8037288135592
PPM2_reverse,26740.7499,44.37,602.6763556457066
FRULYSK,26674.19432,28.3318,941.4931038620912
ACACT7r_reverse,26653.29045,46.5305,572.8133256681101
TMDS,26640.0,60.9594,437.0121753166862
MDDCP3pp,26609.07923000001,41.849,635.8354854357333
FRULYSE_reverse,26511.74296,249.3506,106.32315687229143
MDDCP2pp,26499.7787,41.849,633.2237018805706
RBK_L1,26478.88451,122.1788,216.72241428136468
PSD141,26441.03704,35.9344,735.8140678569839
TRE6PS,26430.17295,53.6112,492.99722725848335
MLTGY3pp,26411.449959999998,22.2266,1188.2811568121076
AMALT3,26398.095119999998,78.5035,336.26647372410144
TMAOR1pp,26365.14013,129.2504,203.9849790019992
G2PPpp,26350.74038000001,98.8772,266.49966200499205
MDDEP4pp,26327.99993,21.04,1251.3307951520915
LYSAM,26321.80499,38.75,679.2723868387097
DHNCOAS,26258.64932,189.7985,138.350141439474
OP4ENH,26173.1843,144.4494,181.1927519255878
3PEPTabcpp,26082.635140000002,200.7513,129.92511201670922
FEOXAMR1,26079.923469999998,30.1128,866.0743428043887
GLTPD_reverse,26014.787080000002,74.7803,347.88289268697775
HEPK2,26010.86203,27.461,947.1928199992717
2AGPGAT140,26004.844269999998,80.7,322.24094510532836
2AGPGAT181,25994.16807,80.7,322.1086501858736
CLPNS140pp_reverse,25952.24174,47.6335,544.8317201129457
AMANAPEr,25940.03066,24.0737,1077.5257089687086
LADGMDH,25938.68088,53.11600000000001,488.34025303110167
RMPA,25917.542,120.582,214.93707186810641
OXDHCOAT,25910.35692,70.6812,366.5806030457887
GTHOr,25901.616140000002,97.545,265.53504679891336
4HTHRK,25833.20273,67.2473,384.15226678245824
DDPGALA,25821.72449,21.3906,1207.1528844445693
BWCOGDS1,25790.66276,21.6429,1191.645424596519
DHPTDNRN,25764.69374,47.8104,538.8930805849774
NDPK4_reverse,25751.50973,23.586,1091.8133524124482
CYTK2,25750.10172,24.7463,1040.5637093222017
NTPP10,25719.40426,42.0777,611.2359815294087
LIPATPT,25688.03264,37.9259,677.3216361378372
APG3PAT141,25623.64564,22.1934,1154.5615200915586
LYSAM_reverse,25606.02051,38.75,660.8005292903225
DDGALK,25598.32552,31.3736,815.9192926536963
SUCBZS,25537.98661,35.4766,719.8544000834352
PAPSR2,25460.24801,65.0891,391.1599332299878
AMMQLT8,25407.58414,28.0732,905.0476661014777
LPLIPAL2A161,25406.02561,38.9783,651.7992218747355
ECOAH7_reverse,25171.19057,77.0722,326.592345489035
CXSAMS,25116.46412,55.554,452.10901321236986
S2FE2SS2,25109.73651,277.201,90.58313826429196
PEAMNOpp,25099.97591,168.7573,148.73416385543027
NTD4,25068.67115,26.9004,931.9070032415874
NTP3,24885.86102,31.565,788.4004758434975
DC6PDA,24868.36004,27.774,895.3827334917547
XYLK,24801.49779,105.2365,235.67391342357448
GLCRAL,24765.1176,164.305,150.72650010650923
ICHORS_copy2,24753.81242,97.5291,253.80950321493785
GLUCYS,24739.04104,58.2693,424.56389625411657
MICITDr,24735.85224,186.9962,132.27997274810932
MLTP1,24684.35694,181.0448,136.34391564960717
TDPGDH,24678.10401,39.7538,620.7734609018509
FCLPA,24648.803369999998,23.2225,1061.4190276671332
NDPK2,24602.14215,23.586,1043.0824281353346
QMO2,24600.84318,23.0648,1066.5968566820436
ECOAH8_reverse,24530.3731,77.0722,318.277836885414
M1PD_reverse,24491.614559999998,41.139,595.3381112812657
DHORTS_reverse,24480.0,77.6548,315.24129867052653
CTECOAI6,24446.506719999998,159.1878,153.5702278692211
SOTA,24429.86623,87.3307,279.73972761010737
AGM4PApp,24410.50695,31.072,785.611063014933
GMPS,24356.93407,117.3584,207.5431675108045
DASYN140,24327.98376,31.4538,773.4513400606603
FACOAL60t2pp,24310.91002,60.7731,400.0274795921222
EAR181x,24255.17127,111.4558,217.62143621058758
AGM3PA,24213.93207,20.5362,1179.0853259122916
CTECOAI7,24212.59768000001,159.1878,152.10083737572856
LPLIPAL2ATE141,24162.76916,38.9783,619.9031040348093
3OXCOAT,24123.2729,42.2765,570.6071434484878
PSD160,24120.0,35.9344,671.2231176811079
TYRTA_reverse,24103.01587,87.0756,276.80562488228617
SEPHCHCS,24093.615719999998,122.7341,196.30742980149768
OHPHM,24071.53907,53.1109,453.23161667379003
ALDD19xr,24043.862390000002,214.7965,111.93786858724421
6D6SFK,24036.902319999997,31.728,757.5927357539081
AST,24033.07158,38.4559,624.9514789668166
PYK4,23979.27789,205.4286,116.72804025340193
CLPNS161pp,23978.23534,47.6335,503.3901632254611
XYLI1,23950.64821,198.968,120.3743728137188
HACD7_reverse,23943.32058,77.0722,310.6609202799453
CRNCBCT_reverse,23925.28542,90.2535,265.089834964849
TRPAS2,23909.43164,211.0938,113.26449019345905
PYK6,23858.79456,205.4286,116.14154290103714
DASYN141,23858.220409999998,31.4538,758.5163131322763
HACD8_reverse,23805.65727,77.0722,308.874759900457
CYTDH,23757.87457,32.5608,729.6465249625318
ALDD3y,23752.9732,36.502,650.7307325625993
AP4AS,23738.36358,115.6531,205.25488361314999
ACACT8r,23737.87625,46.5305,510.15734303306436
NMNDA,23640.84149,35.164,672.302397053805
AGM3PApp,23614.90817,31.072,760.0060559346034
PETNT161pp,23599.624219999998,63.8044,369.87455755402436
R5PPpp,23570.470540000002,98.8772,238.38125007585168
E4PP,23567.45492,20.7798,1134.15215353372
5DKGR_reverse,23521.17739,27.07,868.9020092353159
AAMYL,23490.41652,56.6394,414.7363234780029
PSD140,23485.34589,35.9344,653.5616537356963
NDPK3_reverse,23476.2708,23.586,995.3476977868228
ACP1_FMN,23467.23572,27.122,865.2472428287
PGSA161,23465.32539,20.7006,1133.5577418045855
METS,1116.0,84.6735,13.180038618930359
URACPAH,23399.769659999998,25.2087,928.2418236561186
TPRDCOAS,23356.11375,31.6444,738.0804739543173
AMPNTAT,23261.955019999998,16.57,1403.8596873868435
IPPMIb,23255.094569999997,72.3693,321.3392221563564
O16AT,23247.17566,21.6751,1072.5291075935056
PSP_Lpp,23226.39009,98.8772,234.901373521904
ALLK,23208.86213,33.8209,686.2284010774403
AHGDx,23135.45055,176.7031,130.92837958134294
FMNRx,23127.606,26.242,881.3202499809465
DHACOAH,23116.399980000002,27.2374,848.7006828845633
MMCD,22988.03684,175.0355,131.33356856180606
NO3R2bpp,22948.30134,132.4391,173.27436791702755
RNDR1b,22837.66644,242.982,93.98912857742548
DMQMT,22755.67142,53.1109,428.4557674601635
DOGULNR,22733.58578,73.1454,310.79993793184536
LCADi,22726.49816,209.0912,108.6917964983701
EDTXS2,22707.38756,37.4104,606.9806139469238
PDXPP,22698.00031,30.2013,751.5570624443318
LPLIPAL2E160,22686.53673,38.9783,582.0299174155876
ASAD_reverse,22680.0,80.0358,283.3731904972525
2AGPEAT180,22628.369880000002,80.7,280.40111375464693
FEENTERES,22628.10623,45.6519,495.6662533213295
PSSA180,22589.431230000002,52.8018,427.8155523107167
ACNML,22534.19094,130.3739,172.84280780125468
ALATA_L2,22488.04715,90.6332,248.1215178323175
DTMPK_reverse,22465.87078,23.7831,944.614906383104
CYTK1_reverse,22437.44545,24.7463,906.6989994463817
GLTPD,22429.04508,74.7803,299.93253677773424
FALDH2_reverse,22410.33031,78.718,284.69130707080967
HEPT3,22408.296609999998,38.7307,578.5667857797561
OCTNLL,22382.26906,37.9259,590.1578884087128
PYROX,22380.99194,59.9682,373.21433593137687
SHGO,22357.77247,46.082,485.1736571763378
AMPN,22311.571369999998,323.9695,68.86935767101532
UDCPDPpp,22302.93351,22.3986,995.7289076102973
GNP,22285.817619999998,20.7798,1072.4750777197085
ALAGLUE_reverse,22236.80583,34.674,641.3106601488148
ILETA,22229.68578,204.5619,108.66972676730124
PACCOAE,22170.16111,131.963,168.00285769495997
RBP4E_reverse,22153.75973,25.2777,876.4151694972252
ALDD2y,22093.1682,29.41,751.212791567494
CRNCBCT,22065.27,90.2535,244.48104505642442
FACOAE141,22065.15168000001,127.8653,172.56559582623277
O16GALFT,22063.755869999997,37.7572,584.3589002892162
KAS15,22049.2422,67.0302,328.9448964794973
NDPK1,22045.90831,23.586,934.7031421182056
FACOAL161t2pp,21999.510440000002,60.7731,361.99421191283653
ILETA_reverse,21960.0,204.5619,107.35136894993641
GTPDPK,21923.85937,83.8756,261.38542520113117
OBTFL,21920.42484,114.1398,192.04891580325184
ANHMK,21852.99274,39.4963,553.2921498975853
GALCTLO,21845.1942,36.4479,599.3539874725294
TRSARr_reverse,21843.31589,30.4274,717.8830885977771
PSSA120,21806.892219999998,52.8018,412.9952429652019
ACGAMK,21792.22839,33.0427,659.5171820099448
TKT1_reverse,21768.90264,73.0427,298.0298187224733
GHBDHx,21755.70782,124.6326,174.55872556618408
SSALx,21752.970019999997,99.4357,218.76418650444455
O16A4Lpp,21752.964519999998,46.8777,464.03651459009285
NADPHXE,21725.95795,54.65,397.54726349496804
KG6PDC,21707.18087,23.4448,925.8846682419985
3AMACHYD,21702.14096,28.8981,750.9885065108087
NADH10,21675.04155,40.34,537.3089129895885
G3PAT161,21670.12086,100.021,216.65571090071083
ACPS1,21613.678930000002,21.7678,992.9197681897116
PLIPA1A161pp,21566.392330000002,66.3263,325.1559687484452
HADPCOADH3,21560.118169999998,51.7326,416.76076922482144
THIORDXi,21554.20653,20.4696,1052.9862102825653
PTHRpp,21548.48395,98.8772,217.93177749774463
CRNBTCT,21541.32361,90.2535,238.67577002553918
PUACGAMS,21535.02252,66.848,322.14909226902824
OMMBLHXy,21532.4983,42.9535,501.2978756096709
MALDDH,21531.68437,40.3149,534.0875053640217
LACZpp,21454.23258,83.46,257.0600596693027
MLTP3,21419.81586,181.0448,118.31224017480754
LPLIPAL1A140pp,21414.67088,94.4886,226.6376142730446
M1PD,21414.05704,41.139,520.5293526823693
LPLIPAL2E180,21392.64662,38.9783,548.8347778122701
ALAALAD,21385.38081,21.213,1008.1261872436712
3OAR100_reverse,21350.28,102.2412,208.8226664006291
2AGPEAT181,21320.30109,80.7,264.19208289962825
S2FE2SR,21311.918230000007,277.201,76.8825445434901
NTPP5,21294.567769999998,17.3058,1230.4873377711515
GTHPi,21215.21356,20.4696,1036.4254093875797
PGSA180,21211.67154,20.7006,1024.688730761427
CLPNS181pp,21182.30828,47.6335,444.69350939989715
CBIAT_reverse,21148.313869999998,21.9989,961.3350608439513
PACCOAL,21124.09373,48.9529,431.5187400542154
G3PAT140,21089.53063,100.021,210.85102758420726
BETALDHy,21034.4954,211.6445,99.38597695664193
HEPK1,20974.877959999998,30.8723,679.4076877977992
VPAMTr,20916.2244,46.7112,447.777500899142
DSBAO1,20873.21805,43.2467,482.65458520534514
DHBS,20871.0962,118.2243,176.53812456491605
AACPS3,20818.497330000002,89.3395,233.0267947548397
CRNCAR_reverse,20738.592380000002,28.1902,735.6667345389533
FACOAL160t2pp,20734.33515,60.7731,341.1761971990897
SPMS,20729.78166,64.6428,320.68198871336017
AM4PA,20712.18859,20.5362,1008.569676473739
GLUNpp,20661.074930000002,147.4028,140.16745224649736
PCNO,20632.68563,69.44800000000001,297.0954617843566
GGGABADr,20624.58608,53.4186,386.0937216624922
FACOAL181t2pp,20613.48472,60.7731,339.1876458498908
ASPT,20574.12224,209.4245,98.2412384415386
CHOLID,20571.09954,107.116,192.04506833712986
DHFR_reverse,20559.74064,17.9994,1142.2458881962732
HPYRP,20546.33029,21.436,958.4964680910615
GLYCLTDx,20514.68636,35.3434,580.4389605980183
MOGDS,20487.08051,21.6429,946.5959048925977
USHD,20475.119430000002,26.8942,761.3210071316494
LCARS_reverse,20440.77639,81.0267,252.27210771264285
GALCTND,20418.461369999997,42.5229,480.1756552351792
PPPNDO,20380.61275,126.9954,160.4830785209543
MCITL2_reverse,20380.450419999997,128.5386,158.55509877966617
FRULYSE,20347.52166,249.3506,81.60205614103194
APPLDHr_reverse,20318.82558,309.6976,65.60859877506316
PNSPA,20269.59981,26.482,765.4104603126652
CRNDCAL2,20216.420140000002,58.5591,345.2310595620493
HPACOAT,20199.22046,59.404,340.03131876641305
FUM_reverse,2156.14877,120.2106,17.936427985552022
MLTP2_reverse,20152.04116,181.0448,111.30969329138424
ACPPAT160,20129.327719999997,46.854,429.6181269475391
AGM4PA,20099.44301,20.5362,978.7323365569092
2DGULRx,20094.4938,70.791,283.85661736661444
GGGABADr_reverse,20083.16025,53.4186,375.9581915287934
ALAALAr_reverse,20079.23664,39.3158,510.7167255912381
ACMAMUT,20034.19254,27.9282,717.346357445163
OHPBAT_reverse,20025.08515,79.5666,251.6770246560743
CPMPS,19871.439980000006,142.1499,139.79214885131822
IDOND_reverse,19846.427490000002,37.1466,534.2730556766974
APH160,19803.85527,10.2998,1922.7417299365038
AACPS4,19801.47101,89.3395,221.64295759434518
F6PA_reverse,19796.270809999998,23.5552,840.4204086571118
FDMO3,19785.56126,166.9451,118.51537577323325
FCLPA_reverse,19739.33073,23.2225,850.0088590806331
TREH,19724.518930000002,63.6967,309.6631211664027
FACOAL180t2pp,19696.916390000002,60.7731,324.10583613473733
G3PAT160,19657.24406,100.021,196.53116905449852
FACOAL120t2pp,19622.55997,60.7731,322.882327378396
IDOND,19621.3609,37.1466,528.2141811094419
GLCTR1,19615.952869999997,42.2841,463.9084873510373
RNDR3b,19613.29221,242.982,80.71911586043409
PUNP6,19606.602909999998,155.6995,125.92592082826212
LPLIPAL2ATG181,19600.746890000002,38.9783,502.8630517493068
2DGULRy,19562.416230000006,70.791,276.3404420053397
OCBT_reverse,19557.83972,110.4814,177.02382229044892
DHNPTE,19512.83723,108.9562,179.08881945222026
DHCINDO,19495.60768,136.7842,142.52821363870973
GLYCDx,19473.16795,309.6976,62.87800728840004
PAPA181,19467.0968,29.0213,670.7865188671767
URIK1,19423.5383,24.3531,797.5797044318792
FACOAL100t2pp,19405.05356,60.7731,319.3033358508945
E4PD_reverse,19375.48784,142.13,136.32229536339972
AACPS8,19300.13799,89.3395,216.0314081677197
AACPS7,19220.43512,89.3395,215.1392734456763
ALLPI,19201.33747,32.1466,597.305390616737
DKGLCNR2x,19157.06075,70.791,270.6143542258197
REPHACCOAI,19156.915780000007,28.4046,674.4300493582027
CLPNS160pp_reverse,19150.79185,47.6335,402.0446083113777
PUNP7,19138.3919,179.0077,106.91379141791107
NADH5,19111.97638,40.34,473.77234457114525
AMANK,18940.18921,29.6439,638.9236642277164
NTD5pp,18932.087880000006,60.824,311.2601584900698
CDGR,18930.249659999998,65.175,290.45262232451086
ECOAH8,18863.035219999998,77.0722,244.74499521228145
LPLIPAL2A180,18839.70967,38.9783,483.33841316835264
GLGC,18829.61562,194.7906,96.66593572790472
MPTG,18797.02545,128.5965,146.17058356953729
PUNP5,18776.87584,155.6995,120.59689234711736
PSURIK,18771.63941,33.573,559.1290444702588
PCNO_reverse,18766.78821,69.44800000000001,270.2279145547748
PGSA141,18750.23108,20.7006,905.7820101832796
TMAOR2pp,18727.86361,129.2504,144.89598183061716
NODOy,18721.97778,43.8677,426.7827531418333
CLPNS141pp_reverse,18706.27168,47.6335,392.7125170310812
F6PP,18699.030430000006,20.7798,899.8657556858102
2AGPEAT141,18684.28389,80.7,231.5276814126394
SPMDAT2,18678.29696,87.54799999999999,213.34921368849086
AGPAT141,18651.920019999998,27.4532,679.4078657497122
PSSA140,18624.88315,52.8018,352.73197409936785
TDPDRE,18583.91096,21.2701,873.7105589536487
FACOAL141t2pp,18524.51186,60.7731,304.81433166976836
EAR140x,18506.45411,111.4558,166.04298843128842
ARHGDx,18504.6326,176.7031,104.72160703462477
CCGS,18471.57179,25.5142,723.9722111608438
APG3PAT160,18407.655069999997,22.1934,829.4202361963464
O16AP1pp,18394.40465,81.199,226.53486680870446
NTD1,18381.74158,20.255,907.5162468526293
GMAND,18347.65327,84.0937,218.18106790401657
HKNTDH,18327.29297,63.8749,286.924800978162
PSSA181,18305.1176,52.8018,346.67601483282766
HADPCOADH3_reverse,18258.39275,51.7326,352.93785253399216
SARCOX,18240.219530000002,40.902,445.9493308395678
DAGK120,18231.9674,39.734,458.85054109830367
GUI1_reverse,18227.31552,53.9872,337.62290913401694
G3PAT181,18222.06537,100.021,182.18239539696663
CLPNS180pp,18171.28853,47.6335,381.48127956165314
NTD6pp,18118.8497,60.824,297.88980829935554
RMI_reverse,18114.759319999997,188.7978,95.94793646959869
MOCDS,18106.421459999998,21.5138,841.6189357528655
DAGK161,18097.76754,39.734,455.47308451200485
PSD181,18069.53214,35.9344,502.847748675364
NTD1pp,18062.0881,60.824,296.95659772458237
LPLIPAL1E120pp,18049.24557,94.4886,191.02035134397164
BETALDHx,18043.37702,211.6445,85.25322897594788
CYNTAH,18024.119290000002,170.4884,105.72050233329658
IGPS,18000.0,49.4923,363.69293809340036
PRAIi,18000.0,49.4923,363.69293809340036
ANPRT,18000.0,113.7399,158.25580996642339
TRPAS2_reverse,18000.0,211.0938,85.2701500470407
GMPS2,18000.0,117.3584,153.37632414893181
ACOTA,17996.38411,44.7291,402.34174418890603
YUMPS,17972.16522,98.73,182.03347736250385
NTD9pp,17969.264030000002,60.824,295.43048845850325
ORPT_reverse,17956.83112,47.13399999999999,380.9740552467433
PAPA141pp,17942.63231,29.0213,618.2573595945048
ACP1p,17920.62895,98.8772,181.24126643958363
THRA2,17869.47753,90.6332,197.1626018942286
R15BPK,17862.195880000007,20.7296,861.6758586755172
MACPD,17858.85608,85.2266,209.54556535166247
DHPTPE_reverse,17788.09141,112.6563,157.89699652837882
PAPA161,17767.63809,29.0213,612.2275049704872
DHPTPE,17759.952240000002,112.6563,157.64721759901582
PUNP1,17754.490680000006,155.6995,114.03049258347008
ALAALAr,17736.16695,39.3158,451.1205914670437
POAACR,17716.71901,13.7629,1287.2809516889606
MCOATA,17706.542980000002,41.0567,431.2704864248709
CBIAT,17689.46963,21.9989,804.107006713972
DGUNC,17685.97519,38.546,458.827769158927
FA120ACPHi,17684.13687,22.9611,770.178121692776
HXPRT,17665.84585,67.8824,260.24191616678263
FMNRx2,17654.45437,26.242,672.7556729669993
PRAGSr_reverse,17654.101469999998,45.9404,384.2827112955046
IPMD,17640.0,40.3149,437.55534554221884
DSERDHr_reverse,17622.70624,108.9957,161.68258234040425
APH181,17581.02807,10.2998,1706.9290733800656
DHFR,17578.90389,17.9994,976.6383262775424
AGMH,17554.432530000002,37.5947,466.9390241177612
UAGAAT,17547.896930000006,92.8795,188.9318625746263
T2DECAI_reverse,17543.29767,37.9381,462.41898434555236
ANS,17526.9833,228.7288,76.62779370153649
PGPP141pp,17501.08267,19.4181,901.2767814564764
2DGULRGx,17496.28312,70.791,247.1540608269413
FACOAL80t2pp,17459.32014,60.7731,287.2869763102425
OAADC,17454.564169999998,66.8521,261.092234499739
2AGPGAT120,17444.69856,80.7,216.16726840148698
PGPP180,17375.97622,19.4181,894.8340064166937
NDPK3,17317.196809999998,23.586,734.2150771644195
SDPTA,17299.467119999998,44.7291,386.76090330456003
DASYN180,17275.5872,31.4538,549.236887116978
IMPC,17248.07481,57.3292,300.86020404959424
PGPP181,17233.97969,19.4181,887.5214202213399
2AGPEAT120,17213.08318,80.7,213.2971893432466
CLPNS120pp_reverse,17185.48773,47.6335,360.7857438567395
GUAPRT,17179.199959999998,67.8824,253.07296088529569
DKGLCNR2y,17120.400569999998,70.791,241.84431029368145
NTD3pp,17056.30725,60.824,280.42067687097204
HCO3E_reverse,17055.96902,47.5285,358.85771736957827
TALA_reverse,17007.888619999998,35.6588,476.9618893512962
NTD12pp,17007.54339,60.824,279.6189561686176
3OAR181,16993.44901,102.2412,166.20940491700017
EAR181y,16968.83979,111.4558,152.24725667035725
O16AP3pp,16964.838490000002,81.199,208.92915540831783
2AGPEAT161,16922.379390000002,80.7,209.6949118959108
AACPS6,16920.24286,89.3395,189.39262991174115
MSAR,16893.06136,21.5704,783.1593925008345
ADSL1r_reverse,16835.379419999994,206.1712,81.65728006627499
3OAS180,16822.95266,85.2266,197.3908692825948
NADPHQR4,16809.95379,43.7818,383.94843953423566
GLCRD,16806.78677,48.8496,344.05167636991905
HPYRRx,16797.03153,35.3434,475.25228274585925
CYSTL,16792.149409999998,87.2837,192.3858568094616
3HAD181,16748.6226,37.9381,441.472361557379
DHPPD,16735.64013,28.4996,587.223684893823
FEENTERR4,16687.14684,28.872,577.9698960931007
EDTXS3,16672.68023,35.4934,469.7402962240868
NTD10pp,16669.85067,60.824,274.06699115480734
ASR,16666.55749,40.2035,414.55488925093584
IPDDI,16631.67284,20.5083,810.9727690739846
3HPPPNH,16534.68041,62.1857,265.8920042710784
RHMND_reverse,16526.487559999998,353.80800000000005,46.71032752227196
NTD4pp,16503.42699,60.824,271.33083963567015
4HTHRA_reverse,16492.0015,145.9788,112.97531901892602
LPLIPAL2ATE161,16457.649019999993,38.9783,422.22593135154676
RNTR4c2,16403.761469999998,179.7453,91.2611426835639
PUNP2,16381.18715,155.6995,105.21027459946885
SBTPD,16357.75901,111.4315,146.796543257517
LPLIPAL2G140,16311.887169999998,38.9783,418.4863672864132
NTD7pp,16283.31909,60.824,267.7120723727476
PAPA180pp,16282.170180000001,29.0213,561.0420684118217
POR5,16213.797690000001,148.5246,109.16573880690471
PAPA160,16190.81334,29.0213,557.8941446454845
3OAR60_reverse,16171.498430000001,102.2412,158.170076544485
ALPATE160pp,16171.43159,82.0363,197.12531635385798
ADK1_reverse,16170.04165,23.586,685.5779551428814
ACCOAL,16156.30072,69.351,232.96420700494582
NTD11pp,16148.022930000001,60.824,265.4876846310667
GPDDA3,16136.670869999998,27.4096,588.7233257690735
SUCBZL,16127.31824,200.7387,80.33985594207795
ACOXT,16076.64152,83.34200000000001,192.89963667778545
PUNP3,16041.29791,155.6995,103.02729238051502
ADSL2r_reverse,15978.08037,206.1712,77.4990899310864
EAR120x,15973.78694,111.4558,143.31947677913578
CPH4S,15951.343980000001,82.6373,193.0283779842759
HMPK1,15927.764809999999,61.6948,258.1702965241803
PUNP4,15875.68535,155.6995,101.96362448177419
NTD8pp,15863.734390000001,60.824,260.81373125739844
DSERDHr,15835.521830000005,108.9957,145.28574824511426
DHPTDNR,15829.23579,47.8104,331.08352555092614
EAR40y,15779.792,111.4558,141.5789218685793
3OAR160_reverse,15760.16442,102.2412,154.146903792209
LPLIPAL1A181pp,15755.14779,94.4886,166.74125545303878
LIPAMPL,15754.36386,37.9259,415.3985498036962
DHBD_reverse,15751.76703,104.9986,150.01882910819762
PPCSCT,15747.6871,53.8244,292.5752465424603
PAPA120pp,15536.054769999999,29.0213,535.3328338151633
3OAR40_reverse,15479.59285,102.2412,151.4026913807741
PMANM_reverse,15462.384880000001,50.4626,306.41276668265215
LPLIPAL1G161pp,15394.04218,94.4886,162.9195710381993
FACOAL140t2pp,15392.79644,60.7731,253.28305516750007
CSND,15341.805559999999,285.5459,53.72798404739833
LPLIPAL2ATG120,15263.39692,38.9783,391.5870348373325
EAR140y,15246.014640000001,111.4558,136.78978249673864
GLCTR2,15230.70238,39.4232,386.3385615576616
3OAS140,15220.88429,85.2266,178.59311869768356
LPLIPAL2ATE120,15214.42477,38.9783,390.3306396122972
DADK,15176.868180000001,23.586,643.4693538539813
PAPA180,15173.4659,29.0213,522.8389458776829
NDPK8,15171.87038,23.586,643.2574569659969
ASPO6,15120.0,60.3374,250.590844153046
KDOCT2,15120.0,27.6144,547.5404136972014
NNATr,15120.0,24.528,616.4383561643834
OMPHHXy,15108.67816,42.2883,357.2779742860318
UDCPDP,15096.38615,22.3986,673.9879345137642
UDPGALPpp,15095.453940000001,60.824,248.18252564777058
LPLIPAL1E160pp,15013.90298,94.4886,158.8964486721149
ACPPAT120,14929.359019999998,46.854,318.6357412387416
FDMO4,14910.811580000001,166.9451,89.31565874050811
DHCIND,14890.464409999999,28.4996,522.4797684879786
CYSTA,14883.03104,87.1467,170.7813496093369
PAPA161pp,14822.92706,29.0213,510.7602712490482
EAR141x,14822.30279,111.4558,132.98816921147218
PLIPA2A160pp,14809.585509999999,66.3263,223.28375787583505
LPLIPAL2ATG140,14782.19516,38.9783,379.24165907697363
LKDRA,14748.353990000001,173.49599999999995,85.00688194540508
ACPPAT181,14737.83642,46.854,314.5480945063388
EAR80x,14706.89696,111.4558,131.95272888445464
3OAR60,14676.623309999999,102.2412,143.5490126289597
DURADx_reverse,14611.841519999998,178.7966,81.72326274660702
MLTGY4pp,14600.99625,22.2266,656.9154189124743
DHBD,14589.980730000001,104.9986,138.9540501492401
CRNCDH_reverse,14573.285080000001,28.1902,516.9628126086371
NDPK8_reverse,14417.88494,23.586,611.2899576019672
FBA3,14400.0,78.2945,183.92096507417503
PGAMT_reverse,14400.0,47.5436,302.87988288644533
THRS,14400.0,47.1138,305.64293264393865
LPLIPAL1A161pp,14398.00521,94.4886,152.37822562721848
UGLCURPpp,14359.62176,60.824,236.08479810601082
TDPAGTA,14344.149919999998,167.6041,85.58352641731318
LPLIPAL2ATG180,14302.36908,38.9783,366.93157680042486
EAR60y,14300.646719999999,111.4558,128.30778407225105
TDPDRR,14288.31244,32.6941,437.0303033269
ULA4NFT,14287.535280000002,445.7333,32.05400018351781
LPLIPAL1G180pp,14240.04696,94.4886,150.7065080866898
GLCTR3,14212.741919999999,39.0403,364.05309180513467
3OAS60,14210.826309999999,85.2266,166.74167818497978
RZ5PP,14207.16538,23.3085,609.527227406311
AGM3Pt2pp,14196.18975,53.2452,266.6191459511844
LSERDHr,14125.37111,108.9957,129.59567313205937
LIPAabcpp,14115.54858,128.9214,109.48956945860037
NTD6,14096.05511,20.255,695.9296524314984
EAR121x,14092.40007,111.4558,126.43936044602434
ACANTHAT,14042.58626,64.5492,217.5485716321813
UDPGPpp,13977.353340000001,60.824,229.79996941996586
3HCINNMH,13931.45469,62.1857,224.02987648285702
ASPTA,13921.649019999999,87.0756,159.88002402510003
ICHORT,13917.92539,32.5543,427.5295549282277
UACGALPpp,13846.870869999999,60.824,227.6547229711956
LPLIPAL1E161pp,13796.972919999998,94.4886,146.01732822795557
NADHXE,13737.72351,54.65,251.3764594693504
APCS,13709.81887,64.6428,212.0857832581509
IGPDH,13680.0,80.5559,169.81996352843183
HISTP,13680.0,80.5559,169.81996352843183
CLPNS161pp_reverse,13654.34394,47.6335,286.65422318326387
3HAD40,13622.609569999999,37.9381,359.0746392149317
UDPG4E,13617.812890000001,74.5302,182.71536759595443
EAR60x,13560.4688,111.4558,121.66678450112065
ATHRDHr,13509.715890000001,108.9957,123.94723727633291
DAGK181,13406.265309999999,39.734,337.4003450445462
DADK_reverse,13343.777090000001,23.586,565.7498978207412
EAR100x,13324.879190000001,111.4558,119.55303528394217
SELR,13273.523720000001,233.0425,56.95752371348575
DUTPDP,13211.96805,16.3707,807.0496710586598
FOMETRi,13204.69489,21.1054,625.6548035100022
3OAS181,13204.15682,86.0915,153.3735249124478
CYSDS,13182.37802,172.8495,76.26506307510292
CYSSADS,13159.474390000001,86.4684,152.18824900194755
NADHXE_reverse,13156.18454,54.65,240.73530722781337
NDPK2_reverse,13143.65765,23.586,557.2652272534555
LPLIPAL2A181,13091.78521,38.9783,335.87368381894544
ADPRDP,13031.08768,42.3063,308.01766356311003
DURIK1,13012.21128,23.4566,554.7356087412497
MEPCT,12960.0,51.4745,251.77515080282467
KARA2,2700.0,216.2761,12.484042388410002
GLCS1,12943.08398,52.8224,245.0302140758466
ACM6PH,12910.85677,62.4398,206.7728719502625
EAR180x,12882.05534,111.4558,115.57994595166876
O16AP2pp,12811.16978,81.199,157.7749698887917
CBPS,12764.65483,318.5455,40.0716846729902
PLIPA1A160pp,12745.09621,66.3263,192.1575032830114
NDPK4,12739.59929,23.586,540.1339476808276
EDTXS1,12691.75649,35.4068,358.45533880497527
APH120,12612.9599,10.2998,1224.5829919027553
PRASCSi,12600.0,80.985,155.5843674754584
RNDR3,12566.47479,270.3917,46.47507593613266
LCARS,12525.20682,81.0267,154.5812284098945
TYROXDApp,12377.02951,168.7573,73.34218733056291
URIH,12358.14336,32.5608,379.5405321736567
42A12BOOXpp,12329.96585,168.7573,73.06330363190216
ASNN,12284.90508,33.394,367.8776151404445
ADK3_reverse,12279.193459999999,23.586,520.6136462308149
PLIPA1A180pp,12246.46773,66.3263,184.6396939072434
TMDPP_reverse,12184.75745,94.4142,129.05640729890206
PLIPA1E161pp,12158.281340000001,66.3263,183.31010986592048
XYLI1_reverse,12143.93448,198.968,61.03461099272246
DHACOAH_reverse,12132.60569,27.2374,445.43920087820425
FE3DCITR5,12098.3979,28.872,419.03567123857016
PLIPA2A181pp,12083.64247,66.3263,182.1847814517017
MLDCP1App,12050.76394,34.411,350.2009223794716
NADH18pp,12049.1586,540.4142,22.29615469023575
PPAKr,12000.389220000001,43.3841,276.608002009953
AIRC3,11996.22974,142.2426,84.33640653362636
IPPMIa,11963.94288,72.3693,165.31793011677604
TGBPA_reverse,11962.53261,77.9206,153.52208029712298
GRXR,11950.26729,9.1375,1307.8267896032833
LDH_D2,11899.87868,64.6123,184.17358119119731
HSTPT,11880.0,78.7203,150.9140590165434
DXPRIi,11880.0,86.77600000000002,136.9042131464921
UAGCVT,11880.0,44.8176,265.07443504337584
ADSS,11880.0,94.6899,125.46216650350249
DSBAO2,11874.51671,43.2467,274.5762499797673
3OAR40,11866.89778,102.2412,116.06766919793584
PLIPA2G161pp,11859.91282,66.3263,178.81161500038445
ORPT,11843.91592,47.13399999999999,251.28179063945342
LPLIPAL2G161,11808.07575,38.9783,302.93973185079915
PLIPA2E141pp,11806.14603,66.3263,178.00097442492645
KARA2_reverse,11785.948120000001,216.2761,54.494917006548576
MDDCP4pp,11770.529209999999,41.849,281.2618989701068
3OAR180_reverse,11764.099559999999,102.2412,115.06222110069127
UACGAMPpp,11672.57338,60.824,191.90736189661976
PLIPA2G180pp,11670.73496,66.3263,175.95938504032338
GTPDPDP,11616.65916,109.7423,105.85397936802856
MCPST,11568.74394,30.8118,375.46472260627417
MN6PP,11553.01474,24.33,474.84647513358004
HETZK,11542.766020000001,54.6783,211.10323510423697
ARGDCpp,11541.49804,295.5938,39.04512895737327
DHNCOAT,11519.68616,59.78,192.70134091669453
MLDCP3App,11472.2901,34.411,333.3901979018337
POX,11451.84521,248.0455,46.1683248033123
NNAM,11380.499609999999,23.362,487.1372147076449
LYSDC,11370.9205,805.903,14.109539857774449
LDH_D_reverse,11290.79911,146.1392,77.26057833900829
OXCDC,11287.64711,242.3249,46.580632489686366
FTHFD,11273.54495,191.6083,58.83641235791977
NTD3,11259.288059999999,20.255,555.8769716119476
BSORx,11186.78545,85.8507,130.30511632403696
LSERDHr_reverse,11184.7652,108.9957,102.61657294737316
FLVR,11168.07223,26.242,425.5800712598125
HISTD,11160.0,92.2207,121.01404565352465
MPTG2,11151.79658,128.5965,86.71928536157671
ICHORS_copy2_reverse,11143.4815,97.5291,114.2580163253839
MOAT3C,11125.6214,32.9201,337.9583111837449
PLIPA1E180pp,11091.56683,66.3263,167.2272813348551
DHNPA2r_reverse,11082.16412,108.9562,101.71210192719644
ASNS1,11068.89723,125.318,88.3264752868702
ENTERES,11061.15945,45.6519,242.29351790396458
APH180,11053.154040000001,10.2998,1073.1425891764889
GMPR,11043.44409,149.5347,73.85204965803925
PSD180,11039.19848,35.9344,307.2041965359099
MTRPOX,11031.882029999999,40.902,269.71497799618595
AGPAT140,11008.28694,27.4532,400.9837447000714
RNDR2,10997.84578,270.3917,40.67375507458254
GPDDA5,10984.70162,27.4096,400.76110632771
5DKGR,10950.243709999999,27.07,404.5158370890284
CYTK2_reverse,10897.88195,24.7463,440.3842978546288
CTBTCAL2,10877.64559,58.5591,185.75499947915867
DCTPD,10867.18117,63.7478,170.47146991739322
RNDR4,10859.48639,270.3917,40.16205523320428
UDPKAAT,10842.16108,41.6498,260.3172423396992
HEPT2,10836.90288,39.0421,277.5696717133556
GP4GH,10828.74747,31.2967,346.0028523774071
NADPHXD,10822.867470000001,54.65,198.03966093321137
GALUi,10809.57201,131.769,82.03425699519612
CLPNS140pp,10794.75856,47.6335,226.6211502409019
SPODMpp,10789.89295,17.680999999999994,610.2535461795146
FBA3_reverse,10772.90842,78.2945,137.5947023098685
ENTCS,10772.53122,23.2586,463.1633554900123
PLIPA1G180pp,10731.71028,66.3263,161.80173294756378
PSSA141,10725.55609,52.8018,203.128607168695
REPHACCOAI_reverse,10703.34754,28.4046,376.8174007027032
FE3DHBZS3R,10690.26984,28.872,370.26426433915213
FRULYSDG_reverse,10651.82164,462.8308,23.01450473909688
NADDP,10638.00544,59.3779,179.15765697338574
GLYOX,10623.003359999999,28.4344,373.5968882761725
G2PP,10610.83138,29.1721,363.7321749205576
UGLT_reverse,10608.99987,79.2914,133.79761071188048
PGLYCP,10590.845879999999,27.3892,386.6796357688431
PGSA160,10557.806929999999,20.7006,510.02419881549315
LPLIPAL2E161,10543.91586,38.9783,270.50732997590967
CLPNS181pp_reverse,10525.550870000001,47.6335,220.9695040255283
PLIPA2E120pp,10490.577440000001,66.3263,158.16617902702248
PYNP2r_reverse,10466.8948,162.9545,64.23200832134124
GLYAT,10460.27884,86.2341,121.30095681406776
13PPDH2_reverse,10451.444790000001,84.194,124.13526842767892
3OAR140_reverse,10447.04323,102.2412,102.18036593858444
ASPO3,10440.93368,60.3374,173.0424857551038
XPPT,10439.90187,67.8824,153.79394172863658
GPDDA1,10438.37512,27.4096,380.8291664234428
TRPS1,10429.37243,143.4143,72.72198400020082
UDPGDC,10429.01417,445.7333,23.397431087154583
GGPTRCS,10428.39012,638.1259,16.342214161813526
ARGSL_reverse,10424.18161,50.3182,207.1652326593559
GLCATr,10408.43895,60.288,172.64528513136943
G1PTT,10400.149,130.7742,79.52752913036363
ARGDC,10396.28729,844.2524,12.31419335023507
ACGAMT,10386.84518,81.9145,126.80105695572823
LPLIPAL1A141pp,10375.35393,94.4886,109.80535143922123
NDPK7_reverse,10352.40646,23.586,438.9216679386077
URDGLYCD,10345.53972,75.9342,136.24348080311637
HEPT1,10345.03235,35.5438,291.0502633370658
5DGLCNR,10326.6768,27.5627,374.66129225366166
CDAPPA161,10309.94605,28.4508,362.3780719698568
MLTP3_reverse,10299.24688,181.0448,56.88783593894992
HEMEOS,10296.6826,32.2485,319.29183062778117
NADH9,10293.426459999999,40.34,255.16674417451657
NTPP6,10261.67914,60.8246,168.7093567405293
ALLPI_reverse,10258.17606,32.1466,319.1060970678081
BMOGDS2,10255.58751,21.6429,473.8545901889303
HPYRI_reverse,10252.32424,58.7549,174.4930931718035
LIPACabcpp,10250.91946,128.9214,79.51293935684842
FACOAE60,10237.32554,127.8653,80.06335995770549
BWCOS,10232.073129999999,88.1345,116.09611593643804
NDPK5_reverse,10223.940779999999,23.586,433.47497583312133
VPAMTr_reverse,10207.799,46.7112,218.53000993337795
MALTATr_reverse,10202.84671,60.288,169.23511660695328
NTP10,10200.0983,36.4253,280.02784603009445
NTD5,10199.23647,20.255,503.54166724265616
NADHPO,10193.77953,319.964,31.85914518508332
FLVRx,10178.43535,26.242,387.8681255239692
NTPP2,10172.32877,14.9271,681.4671818370615
2MAHMP,10170.48834,17.4329,583.4077141496824
APH161,10164.79521,10.2998,986.8924843200841
CYANSTpp,10162.25352,11.4753,885.5762829729941
UPPRT,10152.73567,67.5998,150.18884183089295
APPLDHr,10147.77107,309.6976,32.766708783019304
CRNCAL2,10143.28302,58.5591,173.21446231243308
LPLIPAL2G160,10136.74444,38.9783,260.0612248353571
RMPA_reverse,10127.96802,120.582,83.99237050306016
LPLIPAL2A160,10123.72369,38.9783,259.7271735811978
ADPT,10116.3237,39.7178,254.70503653273846
FEOXAMR2,10115.68801,30.1128,335.92651663080153
LPLIPAL2G181,10096.07048,38.9783,259.0177221684886
LPLIPAL2G180,10096.050009999999,38.9783,259.01719700448706
MGSA,10091.64245,101.5115,99.4137851376445
ARGSS,10080.0,199.5936,50.50262132653552
ACOXT_reverse,10077.21241,83.34200000000001,120.91397386671787
ALKP,10071.37347,20.7798,484.67133803020243
DHNPTE_reverse,10065.04768,108.9562,92.37700727448278
CBMKr_reverse,10062.30195,31.6441,317.98350877414737
DKGLCNR1,10057.9245,29.4368,341.67859617893237
DGK1_reverse,10053.54912,47.1854,213.06482767974842
GTHOr_reverse,10041.29653,97.545,102.94014588138808
ADOCBLS,10035.97058,26.3856,380.3578686859499
NTP11,10027.83356,36.4253,275.29858532393695
GOFUCR,10022.30239,72.2823,138.6550011551929
ADK3,10020.99778,23.586,424.8705918765369
ALR2,10013.59023,29.4368,340.172512976954
GLCATr_reverse,10000.12983,60.288,165.87264181926753
TMDK1,9983.48333,23.4566,425.61510747508163
CYTDK1,9981.4541,24.3531,409.86379968053353
IDOND2,9973.965222,37.1466,268.5027760817949
DHCURR,9968.97298,75.22,132.53088247806434
CURR,9968.899921,75.22,132.52991120712576
AGM3PH,9954.457142,37.5947,264.78352379457743
AGM4PH,9954.435204000001,37.5947,264.7829402548764
ECA4OALpp,9951.766805,46.8777,212.29213047995103
CBLAT,9949.384616,21.9989,452.2673686411593
AI2K,9941.061581999998,57.545,172.75282964636367
NTD8,9939.384184,20.255,490.7126232535177
PPAKr_reverse,9938.898806000001,43.3841,229.0908145149952
G1PP,9921.660322,22.732,436.4622700158368
PGPP140,9921.214537,19.4181,510.9261223806655
NDPK7,9921.020926000001,23.586,420.63176994827455
PPPGO,9913.181558,84.9052,116.75588253722977
DGK1,9898.287581,47.1854,209.77437048324268
PUNP5_reverse,9894.50248,155.6995,63.54871068950125
G3PAT120,9886.455119,100.021,98.84379399326141
RNDR1,9882.905270000001,270.3917,36.550327802221744
NDPK6_reverse,9881.818517,23.586,418.9696649283474
R5PP,9881.341639,20.7798,475.5263110809536
UAGAAT_reverse,9875.081682,92.8795,106.32143456844622
G3PT,9873.825329000001,27.163,363.50275481353316
G6PP,9870.743437000001,23.007,429.03218311818136
2DOXG6PP,9865.296,23.007,428.7954100925805
NDPK5,9864.913493,23.586,418.25292516747226
NDPK6,9855.575546,23.586,417.85701458492326
NTP12,9852.661984,36.4253,270.489521953148
METNA,9848.755829000002,38.496,255.8384203293849
COLIPAabcpp,9847.991952,128.9214,76.38756600533348
PUNP2_reverse,9843.444108,155.6995,63.220781749459704
FDMO2,9825.639001000001,166.9451,58.855509991009036
CLPNS180pp_reverse,9824.361941,47.6335,206.24900418822887
LKDRA_reverse,9819.411113,173.49599999999995,56.59733430741919
ARHGDx_reverse,9808.834359999999,176.7031,55.51025624338225
NDPK1_reverse,9805.867045,23.586,415.7494719325024
PUNP3_reverse,9803.384518,155.6995,62.96349389689753
ACOATA_reverse,9801.989935,75.6698,129.53635314220472
LPLIPAL2ATE140,9795.360190000001,38.9783,251.30290931107825
APG3PAT120,9785.075695,22.1934,440.9002539043137
13PPDH2,9783.379271,84.194,116.2004331781362
THZPSN3,9779.036108,600.7306,16.278571639267252
LPLIPAL2ATE181,9769.098535,38.9783,250.6291586600749
PGSA181,9766.998331,20.7006,471.8219921644783
NTPP11,9764.884213,42.0777,232.06791751925599
MPTS,9753.689326,51.478,189.4729656552313
LPLIPAL1G160pp,9751.655563,94.4886,103.20457243519323
RU5PP,9743.191204,23.007,423.4881211805104
PPA2,9737.917049,26.9004,361.9989683796524
2AGPGAT180,9737.355798,80.7,120.66116230483273
PRPPS_reverse,9727.446006,34.2183,284.27613312175066
LPLIPAL2ATE180,9726.60245,38.9783,249.5389088287586
LPLIPAL2ATG141,9726.546006,38.9783,249.53746074097648
FDMO,9726.121987,166.9451,58.25940376207508
NTD9,9725.196348000001,20.255,480.13805717106897
NTD2,9722.766341,25.3006,384.2899512659778
MTHFR2,9720.0,132.4109,73.40785388514088
NTD7,9716.829343000001,20.255,479.7249737348803
G3PAT141,9708.960668000002,100.021,97.06922214334992
FDMO6,9703.843927,166.9451,58.12595833600387
ACPPAT180,9699.07613,46.854,207.0063629572715
ACPPAT140,9697.481201,46.854,206.9723225551714
APG3PAT161,9694.949292,22.1934,436.8392987104274
3HAD140,9689.000825,37.9381,255.38972233717558
2DDARAA_reverse,9688.408474,32.722,296.0824055375588
GLUTRR,9680.98199,92.6136,104.53088952378485
PAI2I,9678.496108,11.255,859.9285746779207
DURIPP_reverse,9672.277903,94.4142,102.445160823266
MECDPDH5,9667.011089,60.3838,160.09279126189475
QUINDHyi,9660.842064,62.4556,154.68336008300298
PLIPA2E140pp,9652.145284999999,66.3263,145.52515796901076
2AGPGAT160,9649.160262000001,80.7,119.56828081784387
ASPO5,9646.312734000001,60.3374,159.87286051437417
2AGPGAT141,9645.640135,80.7,119.52466090458486
2AGPGAT161,9645.635293000001,80.7,119.52460090458487
2DGULRGy,9611.080776,70.791,135.76698698987158
LPLIPAL1E141pp,9609.131398,94.4886,101.69619825037094
LPLIPAL1E140pp,9607.460154999999,94.4886,101.67851100556044
LPLIPAL1G120pp,9607.452793,94.4886,101.67843309139938
LPLIPAL1A120pp,9607.451501000001,94.4886,101.6784194177922
HCYSMT2,9603.528682,33.4228,287.3346542479984
DASYN181,9600.275596,31.4538,305.2183073587293
HPYRRy,9598.25048,35.3434,271.5712263109944
DPR,9584.979242,33.8708,282.98650288744284
TRE6PP,9577.301641,29.1753,328.26746052311375
CYTDK2,9559.089353,24.3531,392.52043284017225
LGTHL,9557.43858,29.8397,320.2927167498333
NTPP4,9555.079144,15.0461,635.0535450382491
PGPP161,9547.694856,19.4181,491.6904772351568
DASYN120,9544.492519,31.4538,303.44481490312774
PAPA141,9542.900549,29.0213,328.82402059866376
PGPP160pp,9538.650497,19.4181,491.22470772114684
PGSA120,9537.672938,20.7006,460.743791870767
PGSA140,9537.624373999999,20.7006,460.7414458518109
TYRPpp,9537.079284,104.4142,91.33891064625307
ADCS,9527.577685,71.7414,132.80445718929377
FCLT,9524.036689,33.052,288.15311294324096
PAI2T,9523.524841,318.93,29.860862386730627
PGPP180pp,9522.983344,19.4181,490.41787528130976
NTD12,9521.232462,20.255,470.06825287583314
NTPP8,9521.203809999999,43.03,221.2689707181036
MCOATA_reverse,9518.869696,41.0567,231.8469262264137
NTPP7,9517.851461,16.3707,581.3955091107895
METSOXR1,9516.09821,35.1216,270.9471723953351
NTP3pp,9514.245618,94.1137,101.0930992831012
PGPP160,9509.750323,19.4181,489.73639660934913
PGPP140pp,9509.043636,19.4181,489.70000339889083
PGPP181pp,9508.83052,19.4181,489.6890282777409
PGPP161pp,9508.609454000001,19.4181,489.6776437447537
FA100ACPHi,9507.909798,22.9611,414.08773090139397
FA80ACPHi,9507.786649,22.9611,414.0823675259461
I4FE4ST,9505.115485,60.0728,158.2266097967799
OPHBDC,9504.978952,333.6225,28.49022158877174
APH140,9504.202723,10.2998,922.756046039729
APH141,9504.151620999999,10.2998,922.7510845841666
LCARSyi,9500.890252,37.978,250.16826194112375
I2FE2SS2,9497.407543000001,104.0276,91.29699755641771
DNTPPA,9493.606192,14.9271,635.9980298919414
PAPA140pp,9492.458215999999,29.0213,327.08590642045664
FEROpp,9485.933331999999,56.5562,167.72579013441498
APG3PAT181,9481.372614,22.1934,427.21586660899186
VALTA,9473.113026,204.5619,46.309273750390474
PMDPHT,9471.620437,27.122,349.2227872944473
PUNP6_reverse,9464.634994,155.6995,60.78783165006954
METSOXR2,9462.184355,27.2578,347.1367592028704
HBZOPT,9461.03602,32.5118,291.003144089223
UPP3MT,9455.38735,99.9028,94.645869284945
4ABZGLUH,9451.478628,197.564,47.84008537992752
3HAD180,9449.861839,37.9381,249.08632322124728
PAPA160pp,9448.303558,29.0213,325.56444949054656
PDX5PS,9443.526638,281.3019,33.570788672241456
QUINDH,9439.253176,62.4556,151.13541741653268
URIK2,9433.623334,24.3531,387.36848015242407
MTAN,9431.398223999999,48.7079,193.6317973881033
TAUDO,9422.360968,129.6381,72.68203535843243
I2FE2SS,9421.285561,104.0276,90.56524961644794
UM3PL,9421.28154,49.8741,188.9012842337005
ADK4,9420.738358,23.586,399.42077325532097
DAGK160,9418.996138,39.734,237.0512945588161
DAGK140,9418.972615,39.734,237.05070254693715
EAR161y,9387.626342,111.4558,84.22734700212999
EAR141y,9385.00781,111.4558,84.20385309692273
CPPPGO2,9383.577178,52.729,177.95856507804058
PUNP4_reverse,9382.349419,155.6995,60.2593419953179
ACBIPGT,9379.708193,40.328,232.58550369470345
PLIPA2E160pp,9379.556975,66.3263,141.41535069798857
AM3PA,9367.161455,20.5362,456.12924762127363
KAS14,9362.983381,85.2266,109.85987216432429
I2FE2ST,9353.641428,60.0728,155.70510161004646
3OAR180,9346.605887,102.2412,91.41721622007566
PLIPA2A161pp,9331.848079000001,66.3263,140.6960448419405
PLIPA1G161pp,9331.310401,66.3263,140.6879382839085
PLIPA1G181pp,9331.151328,66.3263,140.685539944185
PLIPA2G120pp,9331.096327,66.3263,140.68471069545564
PLIPA1G140pp,9331.088461,66.3263,140.68459209996635
PLIPA2G160pp,9331.087626,66.3263,140.68457951069186
PLIPA1A181pp,9331.086136,66.3263,140.6845570459983
PLIPA1G160pp,9331.083133,66.3263,140.68451176984092
PLIPA2E161pp,9331.080116,66.3263,140.68446628260583
NTD10,9327.137795999999,26.9004,346.7285912477137
NTD11,9325.752358,25.399,367.1700601598488
ADOCBIK,9323.058784,40.328,231.18078714540766
E4PD,9322.452154999999,142.13,65.59102339407585
UM4PCP,9321.330906000001,33.5675,277.68916082520303
PLIPA1E160pp,9319.15782,66.3263,140.5047141179291
PLIPA2A141pp,9319.146347,66.3263,140.50454113978918
PLIPA2A140pp,9319.145036,66.3263,140.5045213738743
PLIPA2A120pp,9319.130597,66.3263,140.50430367742507
ASPO4,9316.275055,60.3374,154.40299142820209
TRPS2,9309.205093999999,143.4143,64.91127519361736
NAMNPP,9308.699779999999,45.8973,202.8158471195473
UM4PL,9308.520536,49.8741,186.64037117461768
NMNAT,9306.715666,24.528,379.43230862687545
I2FE2SR,9301.724046,104.0276,89.41592467768169
TMK,9301.67635,32.3973,287.1127022930923
MALCOAMT,9301.412639,28.2762,328.9484668732008
S2FE2ST,9301.245664,183.333,50.734159502108184
GLYOX3,9301.150228,62.38,149.10468464251363
OPHHXy,9301.138592,44.245,210.2189759746864
PYDXK,9301.044856,61.6948,150.75897573215246
PACOAT,9300.979223999999,59.404,156.5715982762103
PYDXNK,9300.850736,61.6948,150.75582927572503
PYAM5PO,9300.846143,51.0903,182.04720158229645
S2FE2SS,9300.815543,277.201,33.55260458295605
ALDD19xr_reverse,9300.75871,214.7965,43.30032710030192
PYDAMK,9300.695926,61.6948,150.7533199880703
LIPOS,9300.554147,72.1434,128.91760226160676
ALATA_D2,9300.506998,90.6332,102.61699904670697
LIPOCT,9300.465425,23.8825,389.4259572909034
DAGK180,9300.360268999999,39.734,234.06554258317811
DAGK141,9300.306841,39.734,234.0641979413097
GPDDA2,9300.301081,27.4096,339.30816505895734
GPDDA4,9300.271378,27.4096,339.307081387543
PLIPA2G181pp,9300.262651000001,66.3263,140.21983211787784
AGPAT120,9300.241951,27.4532,338.76713647225085
CDAPPA140,9300.229927,28.4508,326.88816929576666
AGPAT180,9300.222929000001,27.4532,338.76644358399034
LPLIPAL2E140,9300.115008,38.9783,238.59724533907328
LPLIPAL2E120,9300.089592,38.9783,238.59659328395543
FACOAE80,9300.085783,127.8653,72.73346078255791
AACPS1,9300.085484000001,89.3395,104.0982486358218
AACPS5,9300.083540000001,89.3395,104.09822687612984
AACPS2,9300.082612,89.3395,104.09821648878716
AACPS9,9300.081581999999,89.3395,104.09820495973223
LPLIPAL2A141,9300.07818,38.9783,238.596300505666
PAPA181pp,9300.075756999999,29.0213,320.45689741672487
LPLIPAL2A120,9300.075429999999,38.9783,238.59622995358959
PLIPA1A141pp,9300.070328,66.3263,140.21693246871902
3OAS100,9300.069292,85.2266,109.12167435988295
3OAS121,9300.067401999999,85.2266,109.12165218370787
PGPP141,9300.062779,19.4181,478.9378352670962
G3PAT180,9300.061724,100.021,92.98109121084572
PLIPA2E181pp,9300.059373999999,66.3263,140.2167673155294
LPLIPAL1E180pp,9300.057685,94.4886,98.42518235004007
3OAS80,9300.057325,85.2266,109.1215339459746
3OAS141,9300.05716,85.2266,109.12153200995931
LPLIPAL1G141pp,9300.056692,94.4886,98.42517184083582
3OAR161,9300.055921,102.2412,90.96192064451513
PLIPA1E120pp,9300.055576,66.3263,140.21671005317648
PGPP120,9300.055518000001,19.4181,478.937461337618
PLIPA1G141pp,9300.055363,66.3263,140.2167068417807
PLIPA2G140pp,9300.054092,66.3263,140.21668767894482
LPLIPAL2E181,9300.052673999999,38.9783,238.59564614157105
LPLIPAL1G181pp,9300.05235,94.4886,98.42512588820236
LPLIPAL2E141,9300.051787999999,38.9783,238.5956234109748
PLIPA2G141pp,9300.051727,66.3263,140.2166520218978
LPLIPAL1E181pp,9300.051662,94.4886,98.42511860690071
LPLIPAL2G120,9300.050474,38.9783,238.59558969991002
T2DECAI,9300.050359,37.9381,245.13748340059203
3OAS161,9300.049776,85.2266,109.12144537034212
3HAD160,9300.049708,37.9381,245.1374662410611
3OAS160,9300.048851000001,85.2266,109.12143451692312
LPLIPAL2G141,9300.047494,38.9783,238.59551324711444
PLIPA1G120pp,9300.04673,66.3263,140.21657668225123
PLIPA2E180pp,9300.046288,66.3263,140.21657001822805
PLIPA1E140pp,9300.046259,66.3263,140.21656958099578
LPLIPAL1A180pp,9300.046054,94.4886,98.42505925582556
3HAD120,9300.045229000001,37.9381,245.1373481803253
3OAS120,9300.044909,85.2266,109.12138826375799
PLIPA1E181pp,9300.044405,66.3263,140.21654162828318
LPLIPAL2A140,9300.044372,38.9783,238.59543315126626
PLIPA2A180pp,9300.042994,66.3263,140.21652035467076
PLIPA1A140pp,9300.04132,66.3263,140.21649511581379
PLIPA1E141pp,9300.040567,66.3263,140.21648376285123
PLIPA1A120pp,9300.040452,66.3263,140.21648202899902
3HAD121,9300.039797,37.9381,245.1372049997232
LPLIPAL1G140pp,9300.039358,94.4886,98.42498839013383
3OAR100,9300.038342,102.2412,90.96174870795728
EAR160y,9300.034724,111.4558,83.44146041749285
3OAR141,9300.034418000001,102.2412,90.96171032812605
EAR160x,9300.034296,111.4558,83.44145657740556
3OAR80,9300.033619,102.2412,90.96170251327251
EAR180y,9300.032341,111.4558,83.44143903681999
EAR121y,9300.032309,111.4558,83.44143874971066
3HAD100,9300.031517,37.9381,245.1369867494682
3OAR160,9300.030959,102.2412,90.96167649636351
3HAD80,9300.030918999999,37.9381,245.13697098694976
EAR100y,9300.030649,111.4558,83.4414238559142
3OAR120,9300.029854,102.2412,90.96166568858736
EAR80y,9300.029087,111.4558,83.44140984139004
3HAD161,9300.028072,37.9381,245.1368959436556
3OAR121,9300.02693,102.2412,90.961637089549
EAR161x,9300.026639,111.4558,83.44138787752634
EAR120y,9300.025246,111.4558,83.44137537929835
3HAD141,9300.023712,37.9381,245.13678101960826
THDPS,8640.0,59.7842,144.51978950960287
GF6PTA,7920.0,133.7887,59.197824629434315
ATPPRT,7920.0,66.7334,118.6812001186812
IMPD,6480.0,208.0898,31.14040188418653
MPTSS,6120.0,53.4377,114.52588715457442
DHNPA2r,6120.0,108.9562,56.16935979779031
ADCL,5040.0,18.7769,268.4149140699477
3OAR140,4680.0,102.2412,45.77411063250431
CDPMEK,4680.0,61.8507,75.6660797695095
NADK,3960.0,195.3983,20.266297096750588
DXPS,3960.0,135.2339,29.282598520045642
UPP3S,3600.0,27.7979,129.50618571906514
IPDPS,3096.0,69.5491,44.51531364172936
UPPDC1,2916.0,39.2481,74.2965901534087
KDOPS,2592.0,123.3308,21.01664790952463
MPTAT,2448.0,63.667,38.45006047088759
DPCOAK,2304.0,22.6217,101.84910948337216
PTPATi,1980.0,107.0198,18.50124930153112
PMPK,1800.0,114.5344,15.715802413947252
NNDPR,1656.0,65.5241,25.27314377458065
QULNS,1656.0,76.4816,21.652266688981403
DB4PS,1224.0,46.7069,26.20597813171073
SHCHD2,1224.0,99.9028,12.251908855407455
SHCHF,1224.0,99.9028,12.251908855407455
APRAUR,1152.0,80.6766,14.279233383657715
DHPPDA2,1152.0,80.6766,14.279233383657715
OCTDPS,1080.0,70.4339,15.33352547565874
PNTK,972.0,72.7196,13.366410156271488
CPPPGO,900.0,68.6453,13.110875762798035
PPBNGS,864.0,284.9983,3.031597030578779
TMPK,828.0,35.0708,23.60938444517947
CHRPL,828.0,18.7769,44.09673588291997
DHFS,828.0,45.4057,18.235595971430897
DHPS2,720.0,61.2302,11.75890328628683
HPPK2,576.0,18.0788,31.8605217160431
PPNCL2,540.0,521.2577,1.0359559196919297
PPCDC,540.0,521.2577,1.0359559196919297
UDCPDPS,504.0,56.8883,8.85946670932336
HMBS,468.0,33.8518,13.824966471502256
PPPGO3,432.0,84.9052,5.0880275884162565
GART,432.0,42.4337,10.180587599007394
GRTT,432.0,32.1596,13.433002898045995
DMATT,432.0,32.1596,13.433002898045995
GTPCII2,432.0,43.672,9.891921597362154
DMPPS,396.0,69.5491,5.693819186732828
MECDPS,324.0,50.6926,6.391465420988468
G1SAT,324.0,90.7322,3.570948351301962
FMNAT,324.0,34.7343,9.327955364006183
RBFK,324.0,34.7343,9.327955364006183
GLUTRS,324.0,53.8157,6.020547907023415
ASP1DC,252.0,13.8337,18.216384625949672
NADS1,180.0,61.2737,2.937638823834696
RBFSa,36.0,969.3906,0.03713673311872428
RBFSb,108.0,70.3347,1.5355151866717285
AHCYSNS,108.0,48.7079,2.2172994524502183
PDX5POi,108.0,51.0903,2.1139042049077807
TMPPP,72.0,23.0153,3.128353747289846
MOCOS,72.0,88.1345,0.8169332100369322
BMOCOS,72.0,88.1345,0.8169332100369322
PERD,72.0,82.7353,0.8702452278531655
GCALDD,72.0,209.0912,0.34434734699499553
PANTS,72.0,63.1953,1.1393252346297904
5DOAN,36.0,48.7079,0.7390998174834061
ICYSDS,36.0,90.179,0.3992060235753335
MOHMT,36.0,282.3744,0.12749031073638406
PUNP1_reverse,36.0,155.6995,0.2312146153327403
ADNK1,28.8,23.586,1.2210633426609006
GTPCI,28.8,248.3062,0.11598582717628478
AMPMS2,25.2,70.8504,0.3556790081636801
TYRL,21.6,26.8961,0.8030904108774135
METAT,21.6,167.8065,0.1287196860669879
PMEACPE,14.4,28.505,0.505174530784073
RHCCE,10.8,19.4162,0.5562365447409895
BTS5,7.2,77.2962,0.09314817546011316
I4FE4SR,7.2,13.8486,0.5199081495602444
OHPBAT,3.6,79.5666,0.04524511541274857
AOXSr2,3.6,83.1885,0.043275212319010437
AMAOTr,3.6,94.6712,0.038026348034037816
DBTS,1.8,48.2792,0.03728313642313874
OGMEACPS,0.2448,67.0302,0.0036520851795160993
OPMEACPR,0.1224,102.2412,0.0011971690473116512
OGMEACPR,0.1224,102.2412,0.0011971690473116512
EPMEACPR,0.10800000000000001,111.4558,0.0009689939868539816
EGMEACPR,0.10800000000000001,111.4558,0.0009689939868539816
OPMEACPS,0.0864,85.2266,0.0010137680020087623
OGMEACPD,0.0792,102.1977,0.0007749685169040007
OPMEACPD,0.0792,102.1977,0.0007749685169040007
NADPHHR,36321.85019,142.13,255.5537197635967
NADHHS,309125.5263,142.13,2174.9491754028004
NADPHHS,34672.70059,142.13,243.95061274889187
NADHHR,18063.29674,142.13,127.08996510237108
