,kcat,MW,kcat_MW,source
HCO3E,12149915296.0,47.5285,255634309.85619155,
HCO3E_reverse,10142154781.0,47.5285,213391013.4130048,
ACACT1r_reverse,1638647607.0,46.5305,35216634.401091754,
ACACT1r,1200988584.0,46.5305,25810781.83127196,
ACACT5r,1200988584.0,46.5305,25810781.83127196,
ACACT2r_reverse,1200988584.0,46.5305,25810781.83127196,
ACACT2r,1200988584.0,46.5305,25810781.83127196,
ACACT4r,1200988584.0,46.5305,25810781.83127196,
ACACT6r,1200988584.0,46.5305,25810781.83127196,
ACACT3r_reverse,1200988584.0,46.5305,25810781.83127196,
ACACT7r,1200988584.0,46.5305,25810781.83127196,
ACACT5r_reverse,1200988584.0,46.5305,25810781.83127196,
ACACT3r,1200988584.0,46.5305,25810781.83127196,
ACACT4r_reverse,1200988584.0,46.5305,25810781.83127196,
ACACT6r_reverse,1200988584.0,46.5305,25810781.83127196,
ACACT7r_reverse,1200988584.0,46.5305,25810781.83127196,
LALDO2x,764378496.0,309.6976,2468144.7192357965,
CHORM,530847524.9,84.085,6313225.009216864,
GLYCLTDx,431185812.1,35.3434,12199896.221076636,
GLYCLTDy,339299496.0,35.3434,9600080.80716626,
SPODM,181871280.0,42.5316,4276144.795869424,
SPODMpp,181871280.0,17.680999999999994,10286255.302301906,
QUINDH,81180237.31,62.4556,1299807.1799806585,
HPYRRy,69938682.34,35.3434,1978832.889308895,
MAN6PI_reverse,61907781.6,42.85,1444755.6966161027,
MAN6PI,61907781.6,42.85,1444755.6966161027,
GTHPi,55713829.86,20.4696,2721784.0045726346,
TKT2,44816115.1,73.0427,613560.494067169,
TKT1,44816115.1,73.0427,613560.494067169,
TKT2_reverse,44816115.1,73.0427,613560.494067169,
TKT1_reverse,44816115.1,73.0427,613560.494067169,
TPI,43367760.0,53.9436,803946.3439592463,
TPI_reverse,43367760.0,53.9436,803946.3439592463,
LALGP,23962536.0,105.8308,226423.08288324386,
RPI_reverse,21427852.32,32.1466,666566.6764136797,
RPI,21427852.32,32.1466,666566.6764136797,
ALLPI,21427852.32,32.1466,666566.6764136797,
ALLPI_reverse,21427852.32,32.1466,666566.6764136797,
GLUR_reverse,21087435.6,31.002,680195.9744532611,
GALM2pp,19093275.0,38.1905,499948.28556840046,
CAT,16882933.33,320.0953,52743.45899486809,
NTPTP1,14400000.0,356.2976,40415.65253316329,
GLYK,11826000.0,224.9231,52577.96998174042,
MTHFC,10664400.0,62.0875,171764.0426816992,
MTHFC_reverse,10664400.0,62.0875,171764.0426816992,
CYSDDS,10198224.0,70.3066,145053.57960703547,
PYK,9246683.099,202.9177,45568.63742788333,
HACD1,8698746.686,77.0722,112864.90700927186,
IPDDI_reverse,7745920.456,20.5083,377696.8571749,
IPDDI,7745920.456,20.5083,377696.8571749,
ACKr_reverse,7147440.0,42.4337,168437.8218255773,
DHQS,6943569.232000003,38.881,178585.15038193465,
FALDH2,6786759.139,78.718,86216.1022764806,
FALDH2_reverse,6786759.139,78.718,86216.1022764806,
PTAr_reverse,6554477.6460000025,72.1335,90865.93116929027,
PGI_reverse,6432480.0,123.0595,52271.29965585753,
SERAT,6335188.062999999,175.8998,36015.89122329871,
DXPRIi,6249426.001,86.77600000000002,72017.90818890018,
PPA2,5993539.2,26.9004,222804.83561582727,
PLIPA1A160pp,5803020.0,66.3263,87491.99035676647,
PLIPA1A180pp,5803020.0,66.3263,87491.99035676647,
PLIPA1E180pp,5803020.0,66.3263,87491.99035676647,
PLIPA1E160pp,5803020.0,66.3263,87491.99035676647,
PLIPA1A141pp,5803020.0,66.3263,87491.99035676647,
PLIPA1A140pp,5803020.0,66.3263,87491.99035676647,
PLIPA1A120pp,5803020.0,66.3263,87491.99035676647,
GLUDy_reverse,5621226.353999998,291.4882,19284.576027434385,
PTAr,5578598.999,72.1335,77337.14569513472,
G6PDH2r_reverse,5155319.999,55.7044,92547.80590043156,
RPE,5061641.4,24.5542,206141.57252119802,
RPE_reverse,5032284.368,24.5542,204945.97127986245,
HACD1_reverse,4965491.502,77.0722,64426.492327973,
HACD5,4965491.502,77.0722,64426.492327973,
HACD2_reverse,4965491.502,77.0722,64426.492327973,
HACD3,4965491.502,77.0722,64426.492327973,
HACD2,4965491.502,77.0722,64426.492327973,
HACD4,4965491.502,77.0722,64426.492327973,
HACD3_reverse,4965491.502,77.0722,64426.492327973,
HACD7,4965491.502,77.0722,64426.492327973,
HACD4_reverse,4965491.502,77.0722,64426.492327973,
HACD6,4965491.502,77.0722,64426.492327973,
HACD8,4965491.502,77.0722,64426.492327973,
HACD6_reverse,4965491.502,77.0722,64426.492327973,
HACD5_reverse,4965491.502,77.0722,64426.492327973,
HACD7_reverse,4965491.502,77.0722,64426.492327973,
HACD8_reverse,4965491.502,77.0722,64426.492327973,
HADPCOADH3,4965491.502,51.7326,95983.79942241454,
HADPCOADH3_reverse,4965491.502,51.7326,95983.79942241454,
PGI,4876854.001,123.0595,39630.04888692056,
GHBDHx_reverse,4784400.0,124.6326,38388.030098064235,
GHBDHx,4784400.0,124.6326,38388.030098064235,
PUNP5,4521917.455,155.6995,29042.594581228583,
SERAT_reverse,4283662.255,175.8998,24352.854608134858,
ECOAH2,4002840.0,77.0722,51936.23641209152,
ECOAH6_reverse,4002840.0,77.0722,51936.23641209152,
ECOAH2_reverse,4002840.0,77.0722,51936.23641209152,
ECOAH5,4002840.0,77.0722,51936.23641209152,
ECOAH3,4002840.0,77.0722,51936.23641209152,
ECOAH4,4002840.0,77.0722,51936.23641209152,
ECOAH3_reverse,4002840.0,77.0722,51936.23641209152,
ECOAH7,4002840.0,77.0722,51936.23641209152,
ECOAH6,4002840.0,77.0722,51936.23641209152,
ECOAH4_reverse,4002840.0,77.0722,51936.23641209152,
ECOAH5_reverse,4002840.0,77.0722,51936.23641209152,
ECOAH7_reverse,4002840.0,77.0722,51936.23641209152,
ECOAH8_reverse,4002840.0,77.0722,51936.23641209152,
DHACOAH,4002840.0,27.2374,146961.16369403835,
ECOAH8,4002840.0,77.0722,51936.23641209152,
DHACOAH_reverse,4002840.0,27.2374,146961.16369403835,
GLUCYS,3868431.43,58.2693,66388.84335318941,
LPLIPAL1A160pp,3725460.0,94.4886,39427.61348988132,
LPLIPAL2E160,3725460.0,38.9783,95577.7958505117,
LPLIPAL1A140pp,3725460.0,94.4886,39427.61348988132,
LPLIPAL2E180,3725460.0,38.9783,95577.7958505117,
LPLIPAL2A180,3725460.0,38.9783,95577.7958505117,
LPLIPAL1A141pp,3725460.0,94.4886,39427.61348988132,
LPLIPAL2A160,3725460.0,38.9783,95577.7958505117,
LPLIPAL1A120pp,3725460.0,94.4886,39427.61348988132,
LPLIPAL2A141,3725460.0,38.9783,95577.7958505117,
LPLIPAL2A120,3725460.0,38.9783,95577.7958505117,
LPLIPAL1A180pp,3725460.0,94.4886,39427.61348988132,
LPLIPAL2A140,3725460.0,38.9783,95577.7958505117,
IGPDH,3600000.0,80.5559,44689.464086429434,
UAMAGS,3596400.0,46.9736,76562.15406100448,
UGMDDS,3596400.0,47.4472,75797.93960444452,
TMPPP,3596400.0,23.0153,156261.26967712786,
THIORDXi,3429289.137,20.4696,167530.83289365695,
ECOAH1_reverse,3345870.0,77.0722,43412.151203676556,
ECOAH1,3345870.0,77.0722,43412.151203676556,
PGK_reverse,3322215.0,41.1182,80796.7031630762,
AOXSr2,3285398.123,83.1885,39493.417034806494,
PGCD,3259812.857,176.7031,18447.96643069646,
ACKr,3147120.0,42.4337,74165.58065876887,
LGTHL,2805359.999,29.8397,94014.34997670887,
G1PACT,2764202.4,147.5702,18731.440358554777,
XYLK,2569370.4,105.2365,24415.20194989381,
ALLTN,2533727.454,198.4064,12770.39175147576,
G6PP,2520000.0,23.006999999999998,109531.8816012518,
RMI_reverse,2387438.64,188.7978,12645.479131642423,
HEX7,2310746.4,32.4998,71100.32677124169,
P5CR,2268260.219,281.4488,8059.228602147174,
FUM,2095740.0,120.2106,17433.903499358625,
NDP3,2073051.733,17.4329,118916.057167769,
ACS,2071300.0,72.0936,28730.705638225863,
OCBT,2039312.58,110.4814,18458.424494982868,
OCBT_reverse,2039312.58,110.4814,18458.424494982868,
PUNP7_reverse,1935298.286,179.0077,10811.257202902443,
PUNP5_reverse,1935298.286,155.6995,12429.701354211154,
PUNP2_reverse,1935298.286,155.6995,12429.701354211154,
PUNP3_reverse,1935298.286,155.6995,12429.701354211154,
PUNP1_reverse,1935298.286,155.6995,12429.701354211154,
LACZ,1911960.0,465.9314,4103.522535720924,
LACZpp,1911960.0,83.46,22908.698777857666,
ADNCYC,1870508.31,97.586,19167.793638431744,
GLYOX,1867911.0,28.4344,65691.94356132009,
MDH,1866049.412,64.6746,28852.894521187598,
LDH_D,1857960.0,146.1392,12713.631934484385,
NTP10,1849675.211,36.4253,50779.95818840201,
NDP7,1828990.311,35.353,51735.08078522332,
CDPPH,1828990.311,35.353,51735.08078522332,
PPBNGS,1827180.0,284.9983,6411.196136959414,
ACODA,1825759.416,84.6947,21556.950033473167,
GLBRAN2,1800270.0,84.3369,21346.172316032484,
GLDBRAN2,1800270.0,73.5767,24467.93618088335,
HPPK2,1798506.0,18.0788,99481.49213443368,
PRFGS,1798290.0,141.4027,12717.508222968867,
MCPST,1722768.546,30.8118,55912.62263158919,
MDH_reverse,1711311.935,64.6746,26460.340458232447,
UDPG4E,1635710.96,74.5302,21946.955194001897,
LDH_D_reverse,1632000.0,146.1392,11167.434884001008,
FUM_reverse,1599415.7140000004,120.2106,13305.113808599242,
G6PDH2r,1595032.941,55.7044,28633.877054595327,
HISTP,1550718.771,80.5559,19250.219673543463,
PYK2,1540743.0,205.4286,7500.138734333973,
PYK4,1540743.0,205.4286,7500.138734333973,
PYK3,1452685.846,205.4286,7071.48783567624,
PPNDH,1451180.975,86.2227,16830.613921855846,
ARGSL_reverse,1445385.6,50.3182,28724.906693800654,
CBPS,1443093.231,318.5455,4530.257784209792,
NNDPR,1443067.2,65.5241,22023.457018104786,
PPS,1416119.76,174.8702,8098.119405135922,
THRS,1343411.116,47.1138,28514.174530604614,
PTA2,1302064.364,463.0325,2812.0366583339182,
ASNNpp,1294539.408,147.4028,8782.325763146968,
ASNN,1294539.408,33.394,38765.628795592034,
UDPGALPpp,1256580.0,60.824,20659.279231882152,
UACGALPpp,1256580.0,60.824,20659.279231882152,
UACGAMPpp,1256580.0,60.824,20659.279231882152,
TYRTA,1209339.343,87.0756,13888.383691872352,
PUNP6_reverse,1200916.8,155.6995,7713.042109961818,
PUNP4_reverse,1200916.8,155.6995,7713.042109961818,
UPPDC1,1199329.2,39.2481,30557.63718498475,
GTHOr,1168424.727,97.545,11978.314900815007,
DURIPP_reverse,1138459.5,94.4142,12058.1385003527,
PGM,1132837.636,56.1939,20159.441434034656,
ALCD2x_reverse,1127205.0,141.5183,7965.082961002216,
TREHpp,1125766.8,63.6367,17690.5276357825,
TREH,1125766.8,63.6967,17673.863795141664,
CYSS,1100813.539,65.3283,16850.484996548206,
GLCS1,1093500.0,52.8224,20701.44484158236,
DADK,1088371.89,23.586,46144.827016026466,
PGM_reverse,1087829.223,56.1939,19358.49305707559,
CBMKr,1082160.0,31.6441,34197.84414788223,
CBMKr_reverse,1082160.0,31.6441,34197.84414788223,
ZNabcpp,1080000.0,178.747,6042.059447151562,
ZN2abcpp,1080000.0,76.8399,14055.197885473564,
AKGDH,207000000000.0,2418.391,85594099.54800527,gene-GO
UGLT,1062332.308,79.2914,13397.825085696555,
UGLT_reverse,1062332.308,79.2914,13397.825085696555,
ASPTA_reverse,1057800.0,87.0756,12148.064440555105,
BUTCT,1044000.0,92.9717,11229.22351640338,
HXCT,1044000.0,92.9717,11229.22351640338,
ACACCT,1044000.0,57.562,18136.965359091068,
G6PDA,1036669.091,178.6452,5802.949595063287,
GK1,1034562.857,47.1854,21925.486633577337,
GK1_reverse,1034562.857,47.1854,21925.486633577337,
DGK1_reverse,1034562.857,47.1854,21925.486633577337,
DGK1,1034562.857,47.1854,21925.486633577337,
UPP3S,1029909.6,27.7979,37049.90664762446,
PGK,994061.6572,41.1182,24175.70947171812,
GLYCK,990000.0,38.7345,25558.61054099059,
HSTPT,965513.5286,78.7203,12265.114952559888,
HYD3pp,963614.7,181.7482,5301.921559608293,
ORPT_reverse,945441.648,47.13399999999999,20058.59142020622,
U23GAAT,943200.0,108.1154,8724.011565419913,
SERD_L,940849.8545,48.7529,19298.336191282982,
DCTPD,927756.0,63.7478,14553.537533844306,
SULR,917432.3077,786.1512,1166.992186363132,
THD2pp,912480.0001,206.6929,4414.665429243094,
HCYSMT,899817.75,33.4228,26922.27311894874,
HCYSMT2,899817.75,33.4228,26922.27311894874,
UDPG4E_reverse,886123.6362,74.5302,11889.457377009587,
MGSA,877072.5,101.5115,8640.12944346207,
TRSARr,874800.0,30.4274,28750.40259765868,
TRSARr_reverse,874800.0,30.4274,28750.40259765868,
ILETA,860344.6154,204.5619,4205.791085241191,
AGDC,852525.0,163.7964,5204.784720543308,
GTHOr_reverse,841320.0,97.545,8624.942334307243,
ARGSL,829718.7998,50.3182,16489.437217547533,
ASAD,826400.0002,80.0358,10325.379395220642,
ARAI,810853.0909,336.4439,2410.0692296694933,
CPPPGO2,810072.0,52.729,15362.93121432229,
NTPP10,809014.9090000001,42.0777,19226.690360927525,
NTPP11,809014.9090000001,42.0777,19226.690360927525,
UDPGPpp,769471.8001,60.824,12650.792451992636,
LSERDHr,765907.2,108.9957,7026.948769538614,
LSERDHr_reverse,765907.2,108.9957,7026.948769538614,
ASAD_reverse,765074.9999,80.0358,9559.1597747508,
PAPPT3,734587.2,39.8748,18422.34193024165,
TRE6PS,734256.0,53.6112,13695.944131077087,
VALTA,733943.9999,204.5619,3587.8822004488625,
PRAGSr,732024.0,45.9404,15934.210411750879,
PRAGSr_reverse,732024.0,45.9404,15934.210411750879,
ACONTa,730008.0,186.9962,3903.86542614235,
ACONTb_reverse,730008.0,186.9962,3903.86542614235,
ACONTa_reverse,730008.0,186.9962,3903.86542614235,
ACONTb,730008.0,186.9962,3903.86542614235,
TAUDO,726019.2,129.6381,5600.353599751924,
NAMNPP,719735.04,45.8973,15681.424397513581,
GLUTRR,719683.2,92.6136,7770.815517375418,
MCOATA,718809.3137,41.0567,17507.722581210863,
MCOATA_reverse,718809.3137,41.0567,17507.722581210863,
GLYCK2,701501.5386,39.1043,17939.2429630501,
NDPK4_reverse,701471.8001,23.586,29741.024340710585,
NDPK2,701471.8001,23.586,29741.024340710585,
NDPK3_reverse,701471.8001,23.586,29741.024340710585,
NDPK1,701471.8001,23.586,29741.024340710585,
NDPK3,701471.8001,23.586,29741.024340710585,
NDPK8,701471.8001,23.586,29741.024340710585,
NDPK8_reverse,701471.8001,23.586,29741.024340710585,
NDPK2_reverse,701471.8001,23.586,29741.024340710585,
NDPK4,701471.8001,23.586,29741.024340710585,
NDPK7_reverse,701471.8001,23.586,29741.024340710585,
NDPK5_reverse,701471.8001,23.586,29741.024340710585,
NDPK7,701471.8001,23.586,29741.024340710585,
NDPK6_reverse,701471.8001,23.586,29741.024340710585,
NDPK5,701471.8001,23.586,29741.024340710585,
NDPK6,701471.8001,23.586,29741.024340710585,
NDPK1_reverse,701471.8001,23.586,29741.024340710585,
GALS3,696979.0588,101.3141,6879.38854315441,
OP4ENH,695360.0002,144.4494,4813.865617994952,
THRD_L,687060.0,140.928,4875.255449591281,
PHETA1,676971.0461,87.0756,7774.520601638118,
SDPDS,674179.9801,82.538,8168.116262812281,
NADH16pp,672908.5332,540.4142,1245.1718204295887,
NADH17pp,672908.5332,540.4142,1245.1718204295887,
NADH18pp,672908.5332,540.4142,1245.1718204295887,
NODOx,663895.3846,43.8677,15134.0367650914,
UGLYCH,662593.5,18.1696,36467.148423740764,
NHFRBO,660250.2856,258.3403,2555.738634661336,
HXAND,657600.0001,129.7994,5066.279197746677,
PDH,653121.1638,4079.7264,160.0894520279595,
TALA,641124.0,35.6588,17979.404803302412,
TALA_reverse,641124.0,35.6588,17979.404803302412,
PHETA1_reverse,635971.2001,87.0756,7303.667159342,
CBLAT_reverse,634775.2272,21.9989,28854.86216128988,
CBIAT_reverse,634775.2272,21.9989,28854.86216128988,
CBIAT,634775.2272,21.9989,28854.86216128988,
MTHFD,630387.6923,62.0875,10153.2142911214,
MTHFD_reverse,630387.6923,62.0875,10153.2142911214,
3OXCOAT,623180.0002,42.2765,14740.576920984473,
UMPK,614868.0001,24.7463,24846.86600016972,
UMPK_reverse,614868.0001,24.7463,24846.86600016972,
ALCD2x,614130.9232,141.5183,4339.586634378734,
METS,613235.0401,84.6735,7242.3490241929285,
L_LACD2,608580.0,42.7282,14243.052597581924,
L_LACD3,608580.0,42.7282,14243.052597581924,
OAADC,600704.6036,66.8521,8985.575675259268,
PSP_L,600507.702,35.0427,17136.456437432047,
PSP_Lpp,600507.702,98.8772,6073.267669391934,
GALUi,596285.3142,131.769,4525.232142613209,
HEX1,589223.9999,34.7231,16969.2222151824,
CYSTA,581166.0,87.1467,6668.823948583251,
MLDCP2Bpp,576000.0,34.411,16738.833512539593,
MLDCP2App,576000.0,34.411,16738.833512539593,
MLDCP1Bpp,576000.0,34.411,16738.833512539593,
MLDCP1App,576000.0,34.411,16738.833512539593,
MLDCP3App,576000.0,34.411,16738.833512539593,
ASPTA,574227.6923,87.0756,6594.587832871666,
NODOy,564859.3846,43.8677,12876.43037132104,
GLYCL,562976.4704,364.0876,1546.26653146111,
THRD,560148.0001,40.351,13881.886448910807,
3OAR181,553971.2728,102.2412,5418.278275294108,
3OAR40,553971.2728,102.2412,5418.278275294108,
3OAR180,553971.2728,102.2412,5418.278275294108,
3OAR161,553971.2728,102.2412,5418.278275294108,
3OAR141,553971.2728,102.2412,5418.278275294108,
3OAR121,553971.2728,102.2412,5418.278275294108,
MLTG3,549960.0361,69.041,7965.7020625425475,
NADTRHD,548539.2,412.4831,1329.8464834074416,
CYTK1,544525.2,24.7463,22004.307714688657,
RMI,539316.0,188.7978,2856.579896587777,
URIK1,526466.952,24.3531,21618.06718651835,
CYTDK1,526466.952,24.3531,21618.06718651835,
CYTDK2,526466.952,24.3531,21618.06718651835,
CYANST,524520.0,24.1649,21705.862635475423,
CYANSTpp,524520.0,11.4753,45708.608925256856,
ADK3_reverse,523137.6,23.586,22180.00508776393,
ADK3,523137.6,23.586,22180.00508776393,
TYRTA_reverse,522925.2,87.0756,6005.415983352397,
TMDPP,518695.9999,94.4142,5493.8346128018875,
TMDPP_reverse,518695.9999,94.4142,5493.8346128018875,
UAGDP,507204.0,147.5702,3437.035390614094,
MALS,504108.0,60.2736,8363.66170263598,
GLNS,503402.6668,622.8451,808.2309177675156,
ICDHyr,498080.0002,91.5134,5442.700196911052,
TDPDRE,498055.95,21.2701,23415.778487172134,
GUAD,495432.0,50.2442,9860.481408799424,
ACCOAL,494948.5715,69.351,7136.8627921731495,
3OAR60,491674.1537,102.2412,4808.96305696725,
3OAR100,491674.1537,102.2412,4808.96305696725,
3OAR80,491674.1537,102.2412,4808.96305696725,
3OAR160,491674.1537,102.2412,4808.96305696725,
3OAR120,491674.1537,102.2412,4808.96305696725,
3OAR140,491674.1537,102.2412,4808.96305696725,
ME2,489660.6316,494.5043,990.2050024640836,
CA2tex_reverse,484674.75,41.2198,11758.299409507084,
CA2tex,484674.75,41.2198,11758.299409507084,
ASPT,474852.857,209.4245,2267.4178856819517,
ME1,472238.3999,252.7893,1868.1107147335752,
EDTXS1,471600.0,35.4068,13319.475355016553,
MLTG1,469809.0,69.041,6804.782665372752,
MLTG5,469809.0,69.041,6804.782665372752,
MLTG4,469809.0,69.041,6804.782665372752,
NTRIR2x,468000.0,105.4053,4440.00444000444,
AMALT1,466469.1691,78.5035,5942.0174782016065,
AMALT2,466469.1691,78.5035,5942.0174782016065,
AMALT4,466469.1691,78.5035,5942.0174782016065,
AMALT3,466469.1691,78.5035,5942.0174782016065,
ETHAAL,463839.3817,487.1078,952.2314807933686,
AMPTASECG,463205.4545,98.9189,4682.678987534233,
GAPD,450842.4,142.13,3172.0424963061987,
GAPD_reverse,450842.4,142.13,3172.0424963061987,
ADSL2r,443916.0,206.1712,2153.1426309785265,
ADSL1r,443916.0,206.1712,2153.1426309785265,
ADSL1r_reverse,443916.0,206.1712,2153.1426309785265,
ADSL2r_reverse,443916.0,206.1712,2153.1426309785265,
GLCRAL,431236.8,164.305,2624.6115456011685,
LYSDC,426512.291,805.903,529.2352690088013,
A5PISO,424938.4614,136.1257,3121.662268036087,
A5PISO_reverse,424938.4614,136.1257,3121.662268036087,
SHCHCS3,422550.0,27.6824,15264.211195561082,
3OAR40_reverse,422143.5427,102.2412,4128.89855263827,
3OAR180_reverse,422143.5427,102.2412,4128.89855263827,
PRAIi,411930.0,49.4923,8323.112888267467,
G3PT,410860.0001,27.163,15125.722493833522,
DRPA,387265.32,27.7338,13963.658784587758,
ATPS4rpp,1404000.0,530.0127,2648.99312790052,BRENDA
ATPS4rpp_reverse,386596.0001,530.0127,729.4089369933963,
PPM2,381420.0,44.37,8596.348884381341,
PPM2_reverse,381420.0,44.37,8596.348884381341,
PFK_3,380121.9599,139.3682,2727.465518676427,
PFK_2,380121.9599,139.3682,2727.465518676427,
GTPDPDP,375635.88,109.7423,3422.8905353724126,
NADDP,375317.55,59.3779,6320.828961617032,
ALAALAD,373601.52,21.213,17611.91344929996,
ASPCT,371765.9999,206.5642,1799.7600741077108,
PPA,370525.8463,26.9004,13773.990212041455,
SHSL1,365432.7272,166.2016,2198.7317041472525,
SHK3Dr,353525.8909,29.4136,12019.130296869474,
CHOLD,348103.0588,61.8776,5625.671629151746,
NTD2pp,347934.6,60.824,5720.350519531764,
NTD4,347934.6,26.9004,12934.17941740643,
NTD9pp,347934.6,60.824,5720.350519531764,
NTD10pp,347934.6,60.824,5720.350519531764,
NTD4pp,347934.6,60.824,5720.350519531764,
NTD7pp,347934.6,60.824,5720.350519531764,
NTD11pp,347934.6,60.824,5720.350519531764,
NTD9,347934.6,20.255,17177.714144655638,
NTD2,347934.6,25.3006,13752.029596136059,
NTD7,347934.6,20.255,17177.714144655638,
NTD10,347934.6,26.9004,12934.17941740643,
NTD11,347934.6,25.399,13698.751919366905,
ICL,347321.4546,190.0863,1827.1777324299546,
PPAKr,347142.8571,43.3841,8001.614810495092,
PPAKr_reverse,347142.8571,43.3841,8001.614810495092,
CTECOAI7_reverse,343538.2373,159.1878,2158.068880278513,
CTECOAI8_reverse,343538.2373,159.1878,2158.068880278513,
CTECOAI8,343538.2373,159.1878,2158.068880278513,
CTECOAI6_reverse,343538.2373,159.1878,2158.068880278513,
CTECOAI6,343538.2373,159.1878,2158.068880278513,
CTECOAI7,343538.2373,159.1878,2158.068880278513,
TDPGDH,340896.96,39.7538,8575.204382977226,
DHPTDNRN,323785.1613,47.8104,6772.274678730988,
DHPTDNR,323785.1613,47.8104,6772.274678730988,
APCS,322629.0,64.6428,4990.950268243331,
SUCBZS,322400.0,35.4766,9087.680330133102,
ADD,320762.82,127.4787,2516.2071781403483,
GMPS,317886.9,117.3584,2708.6846787277264,
GMPS2,317886.9,117.3584,2708.6846787277264,
3OAR120_reverse,316796.9835,102.2412,3098.5256775155212,
3OAR80_reverse,316796.9835,102.2412,3098.5256775155212,
3OAR100_reverse,316796.9835,102.2412,3098.5256775155212,
3OAR60_reverse,316796.9835,102.2412,3098.5256775155212,
3OAR160_reverse,316796.9835,102.2412,3098.5256775155212,
3OAR140_reverse,316796.9835,102.2412,3098.5256775155212,
LCADi,316640.0,209.0912,1514.3631104513247,
MTHFR2,315370.9091,132.4109,2381.759425394737,
METSOXR1,313919.8154,35.1216,8938.084124869027,
METSOXR2,313919.8154,27.2578,11516.696703328955,
AMAOTr_reverse,300452.5,94.6712,3173.642036860206,
CYTK1_reverse,300430.96,24.7463,12140.439580866634,
CYTK2_reverse,300430.96,24.7463,12140.439580866634,
DHQTi,294428.5714,54.9333,5359.746663681228,
PPM,292975.7143,44.37,6603.013619562767,
PPM_reverse,292975.7143,44.37,6603.013619562767,
FADRx,292201.2,26.241999999999997,11134.867769224908,
GND,290229.0,102.9626,2818.780800018649,
NTD5pp,290100.0,60.824,4769.498882020255,
NTD1,290100.0,20.255,14322.389533448533,
NTD6pp,290100.0,60.824,4769.498882020255,
NTD1pp,290100.0,60.824,4769.498882020255,
NTD3pp,290100.0,60.824,4769.498882020255,
NTD8pp,290100.0,60.824,4769.498882020255,
NTD6,290100.0,20.255,14322.389533448533,
NTD3,290100.0,20.255,14322.389533448533,
NTD5,290100.0,20.255,14322.389533448533,
NTD8,290100.0,20.255,14322.389533448533,
GTPCII2,289966.04,43.672,6639.632716614765,
BETALDHy,289208.5714,211.6445,1366.482811507032,
BETALDHx,289208.5714,211.6445,1366.482811507032,
GLUDy,288060.0923,291.4882,988.2392916763013,
ICDHyr_reverse,286973.2443,91.5134,3135.860369082561,
ORNDC,284206.1539,158.8324,1789.3462158854236,
DHPS2,277279.9754,61.2302,4528.483908267489,
GLGC,273324.5143,194.7906,1403.170965642079,
SHK3Dr_reverse,272632.1054,29.4136,9268.913203416108,
XAND,271309.0909,129.7994,2090.2183746612077,
SUCOAS_reverse,268855.2,142.3403,1888.8199617395776,
MMCD,268702.8,175.0355,1535.1331587020914,
PPC,3596400.0,396.2504,9076.079166103049,BRENDA and SABIO-RK
OXCDC,267660.0,242.3249,1104.5501308367402,
PFK,3596400.0,64.91199999999999,55404.23958590092,BRENDA and SABIO-RK
PYNP2r,263696.0,162.9545,1618.2185824877497,
PYNP2r_reverse,263696.0,162.9545,1618.2185824877497,
G1PPpp,263400.0,91.3658,2882.916802567264,
G1PP,263400.0,22.732,11587.189864508182,
EDA,259742.268,66.8521,3885.326982996795,
MCITL2,259416.0,128.5386,2018.195312536468,
MCITL2_reverse,259416.0,128.5386,2018.195312536468,
ALKP,253046.88,20.7798,12177.541651026477,
DAPE,251231.85,60.4171,4158.290450882284,
DAPE_reverse,251231.85,60.4171,4158.290450882284,
OMPDC,248163.1579,52.7005,4708.933651483382,
M1PD_reverse,244395.0,41.138999999999996,5940.713191861737,
M1PD,244395.0,41.138999999999996,5940.713191861737,
GUI2_reverse,244320.0,53.9872,4525.517159623022,
GUI1,244320.0,53.9872,4525.517159623022,
GUI2,244320.0,53.9872,4525.517159623022,
GUI1_reverse,244320.0,53.9872,4525.517159623022,
HSDy_reverse,243007.2,177.7754,1366.9337827393442,
GHMT2r,241893.8182,90.6332,2668.93167404439,
DHORTS,234949.0909,77.6548,3025.557865064362,
DHORTS_reverse,234949.0909,77.6548,3025.557865064362,
ENO,828000.0,91.3099,9068.020006592933,BRENDA and SABIO-RK
ENO_reverse,234341.3332,91.3099,2566.439490131957,
ACGK,228480.0,54.3191,4206.255258279316,
DAPAL,216683.7231,86.6551,2500.530529651457,
URDGLYCD,214605.0,75.9342,2826.196891519236,
SUCBZL,212736.0,200.7387,1059.7657551832308,
RBK_L1,212328.0,122.1788,1737.8465003748606,
PGMT,207523.2,20.7798,9986.77561862963,
PGMT_reverse,207523.2,20.7798,9986.77561862963,
MSAR,207378.0,21.5704,9614.00808515373,
AP4AH,202471.2,31.2967,6469.4105129294785,
UAMAS,201252.96,107.2519,1876.4512330317689,
GHMT2r_reverse,193916.5714,90.6332,2139.5754690334225,
DAAD,192472.1333,95.2146,2021.4560928681103,
FMNRx,188443.7673,26.241999999999997,7180.998677692249,
CSND,185341.2632,285.5459,649.0769547032543,
CYTK2,183744.0,24.7463,7425.110016446902,
SSALy,182752.9412,99.4357,1837.900685568664,
SSALx,182752.9412,99.4357,1837.900685568664,
E4PD_reverse,179824.0,142.13,1265.2079082530079,
E4PD,179824.0,142.13,1265.2079082530079,
GLCP2,177517.9608,181.0448,980.5195222397992,
MLTP1_reverse,177517.9608,181.0448,980.5195222397992,
MLTP2,177517.9608,181.0448,980.5195222397992,
MLTP1,177517.9608,181.0448,980.5195222397992,
MLTP3,177517.9608,181.0448,980.5195222397992,
MLTP2_reverse,177517.9608,181.0448,980.5195222397992,
MLTP3_reverse,177517.9608,181.0448,980.5195222397992,
PUNP3,177230.7692,155.6995,1138.2873368251026,
GRXR,175018.5,9.1375,19153.871409028732,
CS,703800.0,288.0899,2442.987414692428,median
GLUR,172913.8737,31.002,5577.507054383586,
DAGK160,171702.1636,39.734,4321.290672975286,
NADHPO,163862.2154,319.964,512.1270374167093,
ALATA_L_reverse,163772.1818,91.0347,1799.0083100180484,
KG6PDC,162900.0,23.4448,6948.2358561386745,
DKGLCNR2y,160020.0,70.791,2260.4568377336104,
ADSK,155611.44,44.6426,3485.716333726082,
PGLYCP,154725.75,27.3892,5649.151855475881,
TRPS1,153427.8461,143.4143,1069.8225079367958,
SHKK,152960.0,19.1508,7987.133696764627,
ALAR,152416.8,77.6892,1961.878871194452,
LYSAM,149549.4,38.75,3859.339354838709,
LYSAM_reverse,149549.4,38.75,3859.339354838709,
ALATA_L,149031.36,91.0347,1637.0830024155625,
AMPN,148800.0,323.9695,459.30249606830284,
ACP1_FMN,146713.8461,27.122,5409.403661234422,
AMANK,146080.0,29.6439,4927.826635496679,
DHFS,145659.744,45.4057,3207.961643582193,
PPND,142255.2,84.085,1691.8023428673364,
ACLS,140584.4308,143.0927,982.4710191365456,
DDPA,138987.9428,77.4701,1794.0849798825616,
PRPPS,138218.4,34.2183,4039.3122978055603,
PRPPS_reverse,138218.4,34.2183,4039.3122978055603,
UPP3MT,136800.0,99.9028,1369.33098972201,
NNDMBRT,136526.4,73.97399999999998,1845.59980533701,
PCNO,134400.0,69.44800000000001,1935.2609146411703,
PCNO_reverse,134400.0,69.44800000000001,1935.2609146411703,
ARAI_reverse,134329.451,336.4439,399.26255461906135,
FLVRx,132284.34,26.241999999999997,5040.9397149607485,
ADA,131727.0,36.3975,3619.122192458273,
ACHBS,131391.2571,143.0927,918.2247389279815,
GLUN,127426.0,67.0312,1900.9953573858145,
GLUNpp,127426.0,147.4028,864.4747589598026,
PUNP6,122306.4,155.6995,785.5285341314519,
PUNP7,122306.4,179.0077,683.2465865993472,
PUNP2,122306.4,155.6995,785.5285341314519,
PUNP4,122306.4,155.6995,785.5285341314519,
MDDCP5pp,121835.8385,41.849,2911.3201868622914,
MDDCP1pp,121835.8385,41.849,2911.3201868622914,
MDDCP3pp,121835.8385,41.849,2911.3201868622914,
MDDCP2pp,121835.8385,41.849,2911.3201868622914,
MDDCP4pp,121835.8385,41.849,2911.3201868622914,
G3PD7,119880.0,148.4235,807.6888093866537,
FADRx2,118998.792,530.1587,224.4588120500522,
ADK1,117273.96,23.586,4972.185194606971,
ADK1_reverse,117273.96,23.586,4972.185194606971,
DADK_reverse,117273.96,23.586,4972.185194606971,
PEAMNOpp,116539.2,168.7573,690.572792999177,
ICHORT,116126.0,32.5543,3567.147811502628,
TDPDRR,115920.0,32.6941,3545.593853325218,
GALKr,115898.4,41.4421,2796.634340441242,
PACCOAL,114545.4546,48.9529,2339.9115190315592,
PSCVT_reverse,112500.0437,46.0958,2440.5703708363885,
GALKr_reverse,110843.388,41.4421,2674.6566414346757,
UAPGR,108747.6923,37.851,2873.0467438112605,
DURIPP,108121.8461,94.4142,1145.1862760050924,
ALDD19xr,107813.4546,214.7965,501.93301380609086,
ALDD19xr_reverse,107813.4546,214.7965,501.93301380609086,
TRPS2,104461.65,143.4143,728.3907532233536,
PUNP1,103077.0,155.6995,662.0252473514687,
SUCOAS,102871.6364,142.3403,722.7161696301047,
PLIPA2A160pp,102572.8364,66.3263,1546.4881412049215,
PLIPA2A141pp,102572.8364,66.3263,1546.4881412049215,
PLIPA2A140pp,102572.8364,66.3263,1546.4881412049215,
PLIPA2A120pp,102572.8364,66.3263,1546.4881412049215,
PLIPA2A180pp,102572.8364,66.3263,1546.4881412049215,
PNTK,99922.53913,72.7196,1374.0798784646781,
3NTD7pp,98689.5,70.8322,1393.2858219849163,
3NTD4pp,98689.5,70.8322,1393.2858219849163,
3NTD2pp,98689.5,70.8322,1393.2858219849163,
3NTD9pp,98689.5,70.8322,1393.2858219849163,
DADA,98407.26317,36.3975,2703.6819333745448,
EAR181y,97067.99999,111.4558,870.9102620949292,
EAR161y,97067.99999,111.4558,870.9102620949292,
EAR141y,97067.99999,111.4558,870.9102620949292,
EAR160y,97067.99999,111.4558,870.9102620949292,
EAR180y,97067.99999,111.4558,870.9102620949292,
EAR121y,97067.99999,111.4558,870.9102620949292,
EPMEACPR,97067.99999,111.4558,870.9102620949292,
EGMEACPR,97067.99999,111.4558,870.9102620949292,
PPCK,96962.89655,59.6435,1625.707689018921,
NTPP3,96181.7143,15.0461,6392.468101368462,
UDPGD,93523.12942,87.3138,1071.1150977279653,
42A12BOOXpp,92996.39999,168.7573,551.0659390141938,
FLVR,91896.13566,26.241999999999997,3501.8724053044734,
AB6PGH,91298.03479,53.161,1717.3874605443839,
MEPCT,90396.0,51.4745,1756.1316768497022,
TYROXDApp,89301.08688999998,168.7573,529.1687345673342,
PMANM,89293.84614,50.4626,1769.5054582998102,
PMANM_reverse,89293.84614,50.4626,1769.5054582998102,
XYLI1,87497.75171,198.968,439.7579093623095,
PGPP120pp,86400.0,19.4181,4449.456949959059,
SDPTA_reverse,86400.0,44.7291,1931.628402985976,
PGPP180,86400.0,19.4181,4449.456949959059,
SDPTA,86400.0,44.7291,1931.628402985976,
PGPP181,86400.0,19.4181,4449.456949959059,
PGPP161,86400.0,19.4181,4449.456949959059,
PGPP160pp,86400.0,19.4181,4449.456949959059,
PGPP180pp,86400.0,19.4181,4449.456949959059,
PGPP160,86400.0,19.4181,4449.456949959059,
PGPP181pp,86400.0,19.4181,4449.456949959059,
PGPP161pp,86400.0,19.4181,4449.456949959059,
PGPP120,86400.0,19.4181,4449.456949959059,
TRPS3,85361.3064,143.4143,595.2077749568906,
GLUSy,84960.0,861.2489999999997,98.6474294890328,
IPMD,84240.0,40.3149,2089.550017487331,
FMNRx2,83016.0,26.241999999999997,3163.478393415136,
HPPPNDO,81792.0,136.7842,597.963799912563,
DHCINDO,81792.0,136.7842,597.963799912563,
GUAPRT,81682.46183,67.8824,1203.293664189834,
ASP1DC,81534.96,13.8337,5893.937269132626,
MG2uabcpp,81000.0,99.4665,814.344528057185,
NTPP4,79657.7647,15.0461,5294.246661925682,
GLCRD,78345.81817,48.8496,1603.8169845812452,
GTHS,78000.92309,142.2436,548.3615648788417,
ALLK,77142.85715,33.8209,2280.922658770169,
ASPK,75289.0909,97.0635,775.6684119159106,
ASPK_reverse,75289.0909,97.0635,775.6684119159106,
DUTPDP,74088.0,16.3707,4525.646429291356,
GLUDC,73786.41,316.0088,233.49479508165595,
XYLI2,72319.55296,198.968,363.4732869607173,
SARCOX,72104.4,40.902,1762.8575619774094,
NTP3,71491.83307000001,31.565,2264.9083817519404,
NTP3pp,71491.83307000001,94.1137,759.6325834602188,
ABTA,71091.5143,44.7291,1589.3794934393939,
ACOAD3f_reverse,70896.60601,89.2244,794.5876465406324,
ACOAD5f_reverse,70896.60601,89.2244,794.5876465406324,
ACOAD6f_reverse,70896.60601,89.2244,794.5876465406324,
ACOAD7f_reverse,70896.60601,89.2244,794.5876465406324,
ACOAD3f,70896.60601,89.2244,794.5876465406324,
ACOAD5f,70896.60601,89.2244,794.5876465406324,
ACOAD6f,70896.60601,89.2244,794.5876465406324,
ACOAD7f,70896.60601,89.2244,794.5876465406324,
ADPRDP,70587.52942,42.3063,1668.4874219678863,
DAPDC,70580.00002,92.3545,764.2291390240866,
HSST,68479.99999,71.4546,958.3707695515753,
FBP,68460.00001,29.721,2303.421823289929,
GLXCL,68040.0,129.4635,525.5535343938639,
DDGALK,67500.0,31.3736,2151.49042507076,
PSCVT,67464.03203999999,46.0958,1463.561366545325,
SERD_D,67395.85715,47.9006,1406.9940073819535,
LEUTAi,66782.00002,87.0756,766.9427488297526,
VALTA_reverse,66782.00002,204.5619,326.4635302077269,
ILETA_reverse,66782.00002,204.5619,326.4635302077269,
INSH,66220.40002,32.5608,2033.7461002186678,
RBP4E,64040.8,25.2777,2533.489993156023,
RBP4E_reverse,64040.8,25.2777,2533.489993156023,
DBTS,62516.73751,48.2792,1294.9000296193806,
DHBD_reverse,62421.7091,104.9986,594.5003942909715,
DHBD,62421.7091,104.9986,594.5003942909715,
DPR,60634.2857,33.8708,1790.1639671929806,
RBK,60150.85715,64.581,931.4017613539586,
RMPA,59904.0,120.58200000000001,496.79056575608286,
RMPA_reverse,59904.0,120.58200000000001,496.79056575608286,
ALDD2y,58605.48,29.41,1992.7058823529408,
TRDR,58238.22222,81.0527,718.5229143507868,
EAR181x,55999.0008,111.4558,502.4323615280677,
EAR141x,55999.0008,111.4558,502.4323615280677,
EAR121x,55999.0008,111.4558,502.4323615280677,
EAR180x,55999.0008,111.4558,502.4323615280677,
EAR160x,55999.0008,111.4558,502.4323615280677,
EAR161x,55999.0008,111.4558,502.4323615280677,
THFAT,55410.00001,90.6332,611.365371740157,
FOMETRi,55410.00001,21.1054,2625.3944492878604,
KDOPS,55375.2,123.3308,448.9973307559831,
DDGLK,55242.0,33.9624,1626.5634937460254,
TRE6PH,55198.2857,63.8377,864.665952877375,
CYSSADS,54673.72614,86.4684,632.2971876431159,
GDPDPK,54438.00001,79.3424,686.1148643096252,
DHAD1,53623.66154,131.0631,409.14385162566737,
DHAD2,53623.66154,131.0631,409.14385162566737,
NADK,53413.2,195.3983,273.3555000222622,
CFAS180E,52820.22856,87.818,601.4738272335967,
CFAS160G,52820.22856,87.818,601.4738272335967,
CFAS180G,52820.22856,87.818,601.4738272335967,
CFAS160E,52820.22856,87.818,601.4738272335967,
KDOCT2,52679.99999,27.6144,1907.7003299003416,
MCITS,52531.2,86.2044,609.3795676322785,
GLYCDx,52111.19999,309.6976,168.26478471257118,
XPPT,52075.78877,67.8824,767.1471363711363,
AIRC3_reverse,51959.99999,142.2426,365.29141051977393,
AIRC3,51959.99999,142.2426,365.29141051977393,
GTPCI,51908.11999,248.3062,209.04882757659698,
PGL,51480.0,36.3076,1417.8849607244765,
NTPP1,51435.72,14.9271,3445.7945615692265,
NTPP5,51435.72,17.3058,2972.166556876885,
NTPP7,51435.72,16.3707,3141.937730213125,
PPCSCT,51120.0,53.8244,949.7551296438048,
UDPGALM,49496.08799,42.9659,1151.985364905658,
ALAALAr_reverse,49166.18183,39.3158,1250.5451200280802,
ALAALAr,49153.32738,39.3158,1250.2181662334226,
PYDXNK,49056.84,61.6948,795.1535623747867,
ABUTD,48962.57144,203.32,240.81532284084201,
DDPGALA_reverse,48681.60001,21.3906,2275.840790347162,
DDPGALA,48681.60001,21.3906,2275.840790347162,
FCLPA,46752.00001,23.2225,2013.2199379911724,
FCLPA_reverse,46752.00001,23.2225,2013.2199379911724,
GF6PTA,46089.0,133.7887,344.4909771901513,
TRPAS2_reverse,45490.9091,211.0938,215.5009247074049,
GTHRDHpp,44820.0,61.768,725.6184432068385,
ATHRDHr_reverse,44287.2,108.9957,406.3206163178914,
ATHRDHr,44287.2,108.9957,406.3206163178914,
NNATr,42608.61565,24.528000000000002,1737.1418643998693,
HSK,42414.54545,67.2473,630.7248833782174,
GTPDPK,42181.41175,83.8756,502.90444122009256,
ACCOAC,41806.8,252.4556,165.60060462116903,
DTARTD,41280.00001,120.2106,343.3973377555723,
S7PI,40848.00001,83.259,490.61362747570837,
CYTDH,40446.94738,32.5608,1242.1975928109873,
AHGDx_reverse,40147.99999,176.7031,227.20597425851608,
AHGDx,40147.99999,176.7031,227.20597425851608,
ACALD,39708.0,33.4425,1187.351424086118,
ICHORS_copy1,39634.36362,42.9316,923.1979152885052,
ICHORS_copy2,39634.36362,97.5291,406.38500324518526,
NNATr_reverse,39062.08033,24.528000000000002,1592.550567922375,
FACOAE100,39036.40614,127.8653,305.29319635585256,
FACOAE160,39036.40614,127.8653,305.29319635585256,
FACOAE120,39036.40614,127.8653,305.29319635585256,
FACOAE140,39036.40614,127.8653,305.29319635585256,
FACOAE180,39036.40614,127.8653,305.29319635585256,
DHFR,38876.72728,17.9994,2159.890178561508,
PTPATi,37723.56682,107.0198,352.49147185847846,
KAS15,37375.13999,67.0302,557.5865802280167,
ACGAMK,37204.74,33.0427,1125.9594403605029,
AIRC2,36951.59999,78.9222,468.2028629460405,
FBA,313200.0,78.2945,4000.2809903633083,BRENDA and SABIO-RK
ICHORS_copy2_reverse,36871.49999,97.5291,378.0563953732783,
23PDE7pp,36432.0,70.8322,514.3423471246128,
23PDE2pp,36432.0,70.8322,514.3423471246128,
23PDE4pp,36432.0,70.8322,514.3423471246128,
23PDE9pp,36432.0,70.8322,514.3423471246128,
XTSNH,36206.74285,32.5608,1111.973380568045,
DHFR_reverse,36126.0,17.9994,2007.0669022300744,
NNAM,35911.08,23.362,1537.1577775875353,
3HAD60,35828.68,37.9381,944.3983752481016,
3HAD140,35828.68,37.9381,944.3983752481016,
3HAD160,35828.68,37.9381,944.3983752481016,
3HAD120,35828.68,37.9381,944.3983752481016,
3HAD100,35828.68,37.9381,944.3983752481016,
3HAD80,35828.68,37.9381,944.3983752481016,
ACNML,35818.8,130.3739,274.73903902544913,
GPDDA2pp,35568.78667,81.6867,435.42934982071745,
GPDDA1pp,35568.78667,81.6867,435.42934982071745,
GPDDA1,35568.78667,27.4096,1297.6762400764696,
GPDDA2,35568.78667,27.4096,1297.6762400764696,
TRE6PP,35442.0,29.1753,1214.7947064811674,
HPYRRx,34994.0,35.3434,990.1141372929601,
CYSTL,34002.0,87.2837,389.5572712889119,
GNK,33840.0,21.004,1611.1216911064553,
UAGAAT,33000.0,92.8795,355.29907030076606,
UAGAAT_reverse,33000.0,92.8795,355.29907030076606,
ADPT,31931.18667,39.7178,803.9515448992644,
ACALD_reverse,31756.68,33.4425,949.5904911415117,
NTP1,31666.0,39.1933,807.9442149551071,
IMPD,31659.0,208.0898,152.14104679806508,
PMEACPE,31104.0,28.505,1091.1769864935975,
IMPC_reverse,30960.0,57.3292,540.0389330393587,
IMPC,30960.0,57.3292,540.0389330393587,
ANS,30897.8,228.7288,135.0848690676469,
HXPRT,29510.152,67.8824,434.7246414387234,
PFL,46080.0,114.1398,403.71544369273465,BRENDA
OBTFL,28737.0,114.1398,251.77019759978558,
PRMICI_reverse,28498.5,26.0326,1094.7235389473199,
PRMICI,28498.5,26.0326,1094.7235389473199,
GRTT,28417.54286,32.1596,883.6410546151072,
DTMPK,27985.09091000001,23.7831,1176.679697348117,
NMNAT,27709.78505,24.528000000000002,1129.7205255218526,
TGBPA,26584.5,77.9206,341.1742209377238,
TGBPA_reverse,26584.5,77.9206,341.1742209377238,
BPNT,26505.0,27.1759,975.3126851364627,
DPCOAK,25492.44,22.6217,1126.9020453812047,
PYDXK,25358.08695,61.6948,411.0247046752725,
GALCTD,25272.0,56.4016,448.0723951093586,
SPMS,25013.45454,64.6428,386.9488100762962,
NTPP9,24891.6,42.0777,591.5627517663751,
NTPP6,24891.6,60.8246,409.23573685646926,
NTPP2,24891.6,14.9271,1667.5442651285246,
NTPP8,24891.6,43.03,578.4708343016498,
ALAGLUE,24867.25714,34.674,717.1730155159488,
ALAGLUE_reverse,24867.25714,34.674,717.1730155159488,
P5CD,24321.6,287.6303,84.55854616151359,
GARFT,22952.16,23.2383,987.6867068589357,
GARFT_reverse,22952.16,23.2383,987.6867068589357,
URIH,22102.0,32.5608,678.7916758801995,
PDE4,22096.84909,180.5208,122.40611104094376,
SADT2,936000.0,350.9871,2666.7646759667236,BRENDA and SABIO-RK
GGPTRCS,21384.0,638.1259,33.510628545244764,
DXPS,21076.36364,135.2339,155.85118553853732,
SFGTHi,20931.42857,31.4245,666.0862884055432,
DASYN161,20904.0,31.4538,664.5937851706312,
DASYN160,20904.0,31.4538,664.5937851706312,
DASYN140,20904.0,31.4538,664.5937851706312,
DASYN141,20904.0,31.4538,664.5937851706312,
DASYN180,20904.0,31.4538,664.5937851706312,
DASYN181,20904.0,31.4538,664.5937851706312,
DASYN120,20904.0,31.4538,664.5937851706312,
GALCTND,20664.0,42.5229,485.94992345300994,
ACM6PH,20520.0,62.4398,328.63654271794593,
ADNK1,20288.12903,23.586,860.1767586703978,
FBA_reverse,20255.4,78.2945,258.70782749746155,
FBA3,20255.4,78.2945,258.70782749746155,
FBA3_reverse,20255.4,78.2945,258.70782749746155,
HSDy,19245.6,177.7754,108.25794795005385,
MTAN,19165.09091,48.7079,393.46986648983017,
TRPAS2,18958.90909,211.0938,89.8127234906947,
PYDXPP,18736.0,27.163,689.7618083422302,
PDXPP,18736.0,30.2013,620.3706462966827,
PDE1,18697.85723,30.938000000000002,604.3654156700499,
HISTD,18329.56364,92.2207,198.75758522761157,
ALCD19_reverse,18144.88358,141.5183,128.21581081739959,
ALCD19,18144.88358,141.5183,128.21581081739959,
ALAR_reverse,17982.0,77.6892,231.46074357825802,
G1PTT,17419.89,130.7742,133.2058617066669,
CYSDS,17014.275,172.8495,98.43404233162376,
CTPS2,3596400.0,241.4966,14892.135127368252,BRENDA and SABIO-RK
ADMDC,16389.04362,30.3846,539.3865188286171,
FORCT_reverse,16290.0,91.6564,177.72899655670525,
FORCT,16290.0,91.6564,177.72899655670525,
XYLI1_reverse,15633.0,198.968,78.57042338466488,
GMAND,15537.6,84.0937,184.76532724805787,
ORPT,15318.36,47.13399999999999,324.995968939619,
PRAMPC,15183.0,22.7558,667.2145123441056,
DNTPPA,14760.54,14.9271,988.8417710070946,
HKNDDH,14464.8,63.8749,226.45514904915703,
HKNTDH,14464.8,63.8749,226.45514904915703,
MI1PP,14072.4,29.1721,482.3924228972203,
IGPS,13990.8,49.4923,282.68639768206367,
TMDS,13940.47059,60.9594,228.68451116644852,
SOTA,13440.0,87.3307,153.89777019994116,
UAAGDS,13350.85714,53.3436,250.28039239946307,
GSPMDA,12960.0,141.0639,91.87325743865016,
GSPMDS,12886.10526,141.0639,91.34941866771015,
DHBS,12396.0,118.2243,104.85154067311035,
ARGDCpp,12120.54546,295.5938,41.00405847483946,
ARGDC,12120.54546,844.2524,14.356542498428194,
FA141ACPHi,11818.05517,22.9611,514.6989983058303,
FA140ACPHi,11818.05517,22.9611,514.6989983058303,
FA161ACPHi,11818.05517,22.9611,514.6989983058303,
FA160ACPHi,11818.05517,22.9611,514.6989983058303,
UAGCVT,11814.54546,44.8176,263.6139699582307,
IPPMIb_reverse,11520.0,72.3693,159.18352118923357,
IPPMIa_reverse,11520.0,72.3693,159.18352118923357,
IPPMIb,11520.0,72.3693,159.18352118923357,
IPPMIa,11520.0,72.3693,159.18352118923357,
MALTabcpp,11160.0,214.6074,52.00193469563491,
CU1abcpp,11088.0,87.8731,126.18196012203964,
UAG2E_reverse,10908.9,84.4892,129.11591067260667,
UAG2E,10908.9,84.4892,129.11591067260667,
IPPS,1620000.0,57.2979,28273.287502683346,BRENDA and SABIO-RK
MICITDr_reverse,10800.0,186.9962,57.75518432994895,
MICITDr,10800.0,186.9962,57.75518432994895,
DTMPK_reverse,10698.0353,23.7831,449.8166891616315,
PYAM5PO,10321.51305,51.0903,202.02490590190308,
RNDR3,10192.2,270.3917,37.694204370918186,
RNDR2,10192.2,270.3917,37.694204370918186,
RNDR4,10192.2,270.3917,37.694204370918186,
RNDR1,10192.2,270.3917,37.694204370918186,
THRA,10055.9481,90.6332,110.95214667472843,
MNNH,9947.999999,44.838,221.8653820197154,
IPDPS,9504.0,69.5491,136.65166048158784,
DMPPS,9504.0,69.5491,136.65166048158784,
GDPTPDP,9488.999999,79.3424,119.5955756190889,
PPGPPDP,9488.999999,79.3424,119.5955756190889,
ADNUC,9428.53091,32.5608,289.56693048082354,
NMNDA,9335.999999,35.164,265.4988055681947,
PANTS,9314.399999,63.1953,147.39070783744992,
KARA2,281880.0,216.2761,1303.334025350004,BRENDA and SABIO-RK
KARA2_reverse,9268.628573,216.2761,42.85553777324448,
DHAPT,9074.999999,360.8342,25.15005506407098,
KARA1,9073.095653,216.2761,41.951448417092784,
XYLI2_reverse,8727.525,198.968,43.86396304933457,
TDSK,8640.0,35.5893,242.76959647984089,
FEROpp,8621.217392,56.5562,152.43629154716905,
DURIK1,8515.8,23.4566,363.0449425747976,
MECDPS,8399.999999,50.6926,165.70465904293724,
UDCPDPS,8235.163739,56.8883,144.7602360942408,
ASNS1,8057.25,125.318,64.2944349574682,
ACGS,11999.999999999998,295.1711,40.65438655749156,BRENDA and SABIO-RK
UAGPT3,7916.0,37.8147,209.33658074769863,
ACBIPGT,7890.599998999999,40.328,195.6605831928188,
ADSS,3596400.0,94.6899,37980.8194960603,BRENDA and SABIO-RK
UPPRT,7702.92,67.5998,113.94885783685748,
ATPPRT,7692.000001,66.7334,115.26462013024964,
AHCYSNS,7674.063001,48.7079,157.55273787209057,
GPDDA4pp,7360.56,81.6867,90.10720227405442,
GPDDA3pp,7360.56,81.6867,90.10720227405442,
GPDDA3,7360.56,27.4096,268.5394898137879,
GPDDA4,7360.56,27.4096,268.5394898137879,
ASNS2,33084.0,73.3011,451.34384067906205,BRENDA
RBFK,7219.500001,34.7343,207.8493017276871,
ASPO6,7169.22,60.3374,118.81884204490083,
INOSTO,6862.200001,61.163999999999994,112.19344714210972,
INOSTO_reverse,6862.200001,61.163999999999994,112.19344714210972,
PPCDC,6720.000001,521.2577,12.89189589141801,
PPNCL2,6545.999999000002,521.2577,12.558087869013734,
AP5AH,6239.999999000002,31.2967,199.3820434422799,
METAT,5961.661625,167.8065,35.52700059294485,
URIK2,5767.38,24.3531,236.82323810931663,
PGAMT,5639.04,47.5436,118.607762138332,
PGAMT_reverse,5639.04,47.5436,118.607762138332,
PMDPHT,5574.399998,27.122,205.53056551876702,
AGMT,5457.6,67.1141,81.31823268135908,
KARA1_reverse,5054.4,216.2761,23.37012735110352,
ANPRT,4359.96,113.7399,38.332722290067075,
PERD_reverse,4320.0,82.7353,52.21471367118994,
PERD,4320.0,82.7353,52.21471367118994,
ACOTA_reverse,4266.0,44.7291,95.37415239743255,
ACOTA,4266.0,44.7291,95.37415239743255,
PPPGO,4009.545641,84.9052,47.22379360745867,
PPPGO3,4009.545641,84.9052,47.22379360745867,
PSERT,8964.0,79.5666,112.66033737774393,BRENDA and SABIO-RK
OHPBAT_reverse,3856.5,79.5666,48.4688298859069,
OHPBAT,3856.5,79.5666,48.4688298859069,
GLUTRS,3652.155,53.8157,67.86411772029352,
UHGADA,3589.800001,33.9559,105.71947735150593,
SPMDAT1,3579.48,87.54799999999999,40.885914012884356,
SPMDAT2,3579.48,87.54799999999999,40.885914012884356,
NADS1,3468.359999,61.2737,56.60438326720927,
HOPNTAL,3337.2,36.4704,91.50434324822321,
PYDAMK,3275.399999,61.6948,53.09037388888528,
CHRPL,3122.64,18.7769,166.3022117601947,
TMDK1,3096.0,23.4566,131.9884382220782,
CBL1abcpp,3042.0,153.4278,19.826915330859208,
CBIuabcpp,3042.0,153.4278,19.826915330859208,
GLYOX3,3001.81091,62.38,48.12136758576466,
FDMO4,2963.999999,166.9451,17.754339594273805,
FDMO2,2963.999999,166.9451,17.754339594273805,
FDMO,2963.999999,166.9451,17.754339594273805,
MOHMT,2811.6,282.3744,9.956993268511594,
ACOAD1f,2792.772,89.2244,31.30054110758941,
CPPPGO,2750.764651,68.6453,40.072148435508325,
GOFUCR,2700.0,72.2823,37.353542983551996,
ADOCBLS,2412.0,26.3856,91.41349827178459,
OCTDPS,2412.0,70.4339,34.24487356230452,
NTP5,2286.0,39.1933,58.32629556582375,
PAPSR,2199.2,67.7583,32.456540379554966,
PAPSR2,12600.0,65.0891,193.58079924288398,BRENDA
DMATT,2158.457144,32.1596,67.11703951541686,
KDOPP,2125.8,79.9884,26.576353571267838,
RBFSb,2112.797999,70.3347,30.039198276242022,
TDP,2040.631578,17.4329,117.05634621893087,
G1SAT_reverse,1836.0,90.7322,20.235373990711125,
G1SAT,1836.0,90.7322,20.235373990711125,
ADCS,1786.619128,71.7414,24.903599985503487,
DURADx,1764.0,178.7966,9.865959419809997,
DURADx_reverse,1764.0,178.7966,9.865959419809997,
CHORS,3132.0,156.5498,20.006413294683227,BRENDA
ACPS1,1486.457143,21.7678,68.28697171969607,
UACMAMO,1440.0,91.6775,15.707234599547329,
TDPAGTA,1368.0,167.6041,8.162091500148266,
DHNPA2r_reverse,1242.960001,108.9562,11.407886848109607,
DHNPA2r,1242.960001,108.9562,11.407886848109607,
GMPR,1213.2,149.5347,8.11316704417102,
UDPGDC,1089.0,445.7333,2.4431650047236766,
RBFSa,1006.207715,969.3906,1.0379796492765665,
FCLT,1002.52575,33.052,30.331772661261052,
PDX5POi,929.52,51.0903,18.1936688569063,
HMBS,900.0,33.8518,26.586473983658184,
AMAOTr,820.9090908,94.6712,8.671159664185097,
ADOCBIK,795.6,40.328,19.728228526086085,
HMPK1,779.6571444,61.6948,12.637323476208696,
RHCCE,716.4,19.4162,36.89702413448563,
SEPHCHCS,687.6,122.7341,5.60235500973242,
GLYAT_reverse,645.7200012,86.2341,7.487989104078316,
APPLDHr_reverse,645.7200012,309.6976,2.085001631268695,
GLYAT,645.7200012,86.2341,7.487989104078316,
APPLDHr,645.7200012,309.6976,2.085001631268695,
LIPATPT,626.4,37.9259,16.516417540519804,
ASR,554.4,40.2035,13.789844167796335,
3OAS180,485.154,85.2266,5.692518532946286,
3OAS121,485.154,85.2266,5.692518532946286,
3OAS141,485.154,85.2266,5.692518532946286,
3OAS161,485.154,85.2266,5.692518532946286,
ARABDI,379.8,389.86,0.9741958651823732,
FCI_reverse,379.8,389.86,0.9741958651823732,
ARABDI_reverse,379.8,389.86,0.9741958651823732,
FCI,379.8,389.86,0.9741958651823732,
OGMEACPD,360.0,102.1977,3.5225841677454577,
OPMEACPD,360.0,102.1977,3.5225841677454577,
PMPK,272.0400012,114.5344,2.3751816153050958,
CDGR,270.468,65.175,4.149873417721518,
TMPK,226.8,35.0708,6.466918348027419,
CBLAT,221.3679996,21.9989,10.062684934246713,
FMNAT,168.39666,34.7343,4.8481374318756965,
ACOATA,159.5999988,75.6698,2.109163745642251,
ACOATA_reverse,159.5999988,75.6698,2.109163745642251,
KAS14,159.5999988,85.2266,1.8726547674082967,
G3PAT161,107.082,100.021,1.0705951750132472,
G3PAT140,107.082,100.021,1.0705951750132472,
G3PAT160,107.082,100.021,1.0705951750132472,
G3PAT181,107.082,100.021,1.0705951750132472,
G3PAT120,107.082,100.021,1.0705951750132472,
G3PAT141,107.082,100.021,1.0705951750132472,
G3PAT180,107.082,100.021,1.0705951750132472,
3OAS181,104.4,86.0915,1.212663271054634,
AACPS3,57.6,89.3395,0.6447316136759217,
AACPS8,57.6,89.3395,0.6447316136759217,
AACPS6,57.6,89.3395,0.6447316136759217,
AACPS1,57.6,89.3395,0.6447316136759217,
AACPS2,57.6,89.3395,0.6447316136759217,
MPTAT,4.32,63.667,0.06785304788980162,
